paper_bet_id,experiment_version,strategy,decision_created_at,decision_status,bookmaker,odds_collected_at,selection_team_id,selection_odds,stake,model_probability,market_probability,edge,profit,settled_at,prediction_id,prediction_created_at,model_version,predicted_winner_id,team1_probability,team2_probability,stored_prediction_result,evaluated_at,match_id,scheduled_at,begin_at,end_at,match_status,match_type,number_of_games,league_name,tournament_name,team1_id,team1_name,team2_id,team2_name,match_winner_id,public_prediction_id,public_number,channel_id,message_id,public_published_at,result_message_id,result_published_at,predicted_winner_name,selection_team_name,actual_winner_id,actual_winner_name,prediction_result,is_public_channel,bank_before,bank_after
1,paper_v1,value_3pp,2026-07-24T01:30:15+00:00,loss,MelBet,2026-07-24T01:18:56+00:00,126944,2.07,1000.0,0.6482965068429279,0.45382585751978893,0.194470649323139,-1000.0,2026-07-24T13:50:19+00:00,57,2026-07-24T01:30:09+00:00,cs2_strong4_v1,126944,0.6482965068429279,0.35170349315707206,loss,2026-07-24T13:50:19+00:00,1554040,2026-07-24T08:10:00Z,2026-07-24T08:09:18Z,2026-07-24T13:48:19Z,finished,best_of,5,European Pro League,Playoffs,126944,1WIN,129413,Eternal Fire,129413,,,,,,,,1WIN,1WIN,129413,Eternal Fire,loss,0,100593.0,99593.0
2,paper_v1,value_3pp,2026-07-24T01:30:15+00:00,skipped_no_value,MelBet,2026-07-24T01:18:56+00:00,137500,1.39,0.0,0.663379273080288,0.6755368814192343,-0.012157608338946302,,,59,2026-07-24T01:30:09+00:00,cs2_strong4_v1,137500,0.663379273080288,0.336620726919712,win,2026-07-24T09:50:09+00:00,1582151,2026-07-24T08:15:00Z,2026-07-24T08:10:38Z,2026-07-24T09:47:38Z,finished,best_of,3,NODWIN Clutch Series,Group Stage,137500,CYBERSHOKE Prospects,128887,Honvéd,137500,,,,,,,,CYBERSHOKE Prospects,CYBERSHOKE Prospects,137500,CYBERSHOKE Prospects,win,0,,
3,paper_v1,value_3pp,2026-07-24T01:30:15+00:00,skipped_no_value,MelBet,2026-07-24T01:18:56+00:00,138617,1.566,0.0,0.5689203022703647,0.5843949044585988,-0.015474602188234043,,,61,2026-07-24T01:30:09+00:00,cs2_strong4_v1,138617,0.5689203022703647,0.4310796977296353,win,2026-07-24T10:40:26+00:00,1587528,2026-07-24T08:20:00Z,2026-07-24T08:39:45Z,2026-07-24T10:38:31Z,finished,best_of,3,CCT Europe,Group Stage,138617,INOX Division,138974,ex-RUSTEC,138617,,,,,,,,INOX Division,INOX Division,138617,INOX Division,win,0,,
4,paper_v1,value_3pp,2026-07-24T01:30:15+00:00,loss,MelBet,2026-07-24T01:18:56+00:00,137739,1.7,1000.0,0.645153118717815,0.5525138194261647,0.09263929929165027,-1000.0,2026-07-24T12:10:10+00:00,63,2026-07-24T01:30:09+00:00,cs2_strong4_v1,137739,0.645153118717815,0.354846881282185,loss,2026-07-24T12:10:10+00:00,1592765,2026-07-24T09:00:00Z,2026-07-24T09:02:17Z,2026-07-24T12:05:20Z,finished,best_of,3,BLAST Bounty,Qualifier,137739,magic,3318,3DMAX,3318,,,,,,,,magic,magic,3318,3DMAX,loss,0,100000.0,99000.0
5,paper_v1,value_3pp,2026-07-24T01:30:15+00:00,win,MelBet,2026-07-24T01:18:56+00:00,136560,1.42,1000.0,0.7008273760724735,0.6622264509990484,0.03860092507342505,419.99999999999994,2026-07-24T13:10:15+00:00,65,2026-07-24T01:30:09+00:00,cs2_strong4_v1,136560,0.7008273760724735,0.2991726239275265,win,2026-07-24T13:10:14+00:00,1582152,2026-07-24T11:00:00Z,2026-07-24T11:03:51Z,2026-07-24T13:03:55Z,finished,best_of,3,NODWIN Clutch Series,Group Stage,136560,Phantom,135321,G2 Ares,136560,,,,,,,,Phantom,Phantom,136560,Phantom,win,0,100173.0,100593.0
6,paper_v1,value_3pp,2026-07-24T01:30:15+00:00,win,MelBet,2026-07-24T01:18:56+00:00,138026,2.173,1000.0,0.5116324047189672,0.42099653610444976,0.09063586861451745,1173.0,2026-07-24T13:00:16+00:00,67,2026-07-24T01:30:09+00:00,cs2_strong4_v1,138026,0.4883675952810328,0.5116324047189672,win,2026-07-24T13:00:15+00:00,1587529,2026-07-24T11:10:00Z,2026-07-24T11:15:01Z,2026-07-24T12:52:02Z,finished,best_of,3,CCT Europe,Group Stage,136659,SPARTA,138026,Atreides,138026,,,,,,,,Atreides,Atreides,138026,Atreides,win,0,99000.0,100173.0
7,paper_v1,value_3pp,2026-07-24T01:30:15+00:00,skipped_no_line,,,132459,,0.0,0.5089732537845395,,,,,69,2026-07-24T01:30:09+00:00,cs2_strong4_v1,132459,0.49102674621546055,0.5089732537845395,win,2026-07-24T13:20:48+00:00,1596642,2026-07-24T11:00:00Z,2026-07-24T11:03:33Z,2026-07-24T13:19:58Z,finished,best_of,3,CCT Europe,Group D,128629,megoshort,132459,ROUNDS,132459,,,,,,,,ROUNDS,ROUNDS,132459,ROUNDS,win,0,,
8,paper_v1,value_3pp,2026-07-24T01:30:15+00:00,win,MelBet,2026-07-24T01:18:56+00:00,3272,1.87,1000.0,0.6347026877130848,0.5,0.1347026877130848,870.0000000000001,2026-07-24T15:40:29+00:00,71,2026-07-24T01:30:09+00:00,cs2_strong4_v1,3272,0.3652973122869152,0.6347026877130848,win,2026-07-24T15:40:28+00:00,1592758,2026-07-24T12:15:00Z,2026-07-24T12:19:08Z,2026-07-24T15:34:45Z,finished,best_of,3,BLAST Bounty,Qualifier,3246,Heroic,3272,TheMongolz,3272,1,1,@metascope_ai,11,2026-07-24T09:21:20+00:00,18,2026-07-24T15:40:32+00:00,TheMongolz,TheMongolz,3272,TheMongolz,win,1,98593.0,99463.0
9,paper_v1,value_3pp,2026-07-24T01:30:15+00:00,skipped_no_value,MelBet,2026-07-24T01:18:56+00:00,136029,1.3,0.0,0.7193736963740619,0.7117516629711751,0.0076220334028868075,,,73,2026-07-24T01:30:09+00:00,cs2_strong4_v1,136029,0.7193736963740619,0.2806263036259381,loss,2026-07-24T14:30:49+00:00,1580358,2026-07-24T13:00:00Z,,,canceled,best_of,3,CCT South America,Playoffs,136029,Fake do Biru,138886,BORRACHEIROS,138886,,,,,,,,Fake do Biru,Fake do Biru,138886,BORRACHEIROS,loss,0,,
10,paper_v1,value_3pp,2026-07-24T01:30:15+00:00,skipped_no_value,MelBet,2026-07-24T01:18:56+00:00,137289,1.36,0.0,0.6043240870990474,0.68157340201358,-0.07724931491453257,,,75,2026-07-24T01:30:09+00:00,cs2_strong4_v1,137289,0.6043240870990474,0.3956759129009526,loss,2026-07-24T16:10:10+00:00,1596456,2026-07-24T13:15:00Z,2026-07-24T13:12:21Z,2026-07-24T16:02:57Z,finished,best_of,3,StarLadder StarSeries,Group A,137289,Team Nemesis,127976,Infinite,127976,,,,,,,,Team Nemesis,Team Nemesis,127976,Infinite,loss,0,,
11,paper_v1,value_3pp,2026-07-24T01:30:15+00:00,loss,MelBet,2026-07-24T01:18:56+00:00,135673,1.67,1000.0,0.5934776961288587,0.5564409030544489,0.03703679307440977,-1000.0,2026-07-24T15:10:28+00:00,77,2026-07-24T01:30:09+00:00,cs2_strong4_v1,135673,0.5934776961288587,0.4065223038711413,loss,2026-07-24T15:10:28+00:00,1596465,2026-07-24T13:00:00Z,2026-07-24T13:00:17Z,2026-07-24T15:04:46Z,finished,best_of,3,StarLadder StarSeries,Group D,135673,Nuclear TigeRES,138830,ECHO,138830,,,,,,,,Nuclear TigeRES,Nuclear TigeRES,138830,ECHO,loss,0,99593.0,98593.0
12,paper_v1,value_3pp,2026-07-24T01:30:15+00:00,skipped_no_line,,,137932,,0.0,0.6815442437578755,,,,,79,2026-07-24T01:30:09+00:00,cs2_strong4_v1,137932,0.6815442437578755,0.3184557562421245,win,2026-07-24T15:50:29+00:00,1582153,2026-07-24T14:10:00Z,2026-07-24T14:10:11Z,2026-07-24T15:41:22Z,finished,best_of,3,NODWIN Clutch Series,Group Stage,137932,ex-RUBY,134405,Vexar,137932,,,,,,,,ex-RUBY,ex-RUBY,137932,ex-RUBY,win,0,,
13,paper_v1,value_3pp,2026-07-24T01:30:15+00:00,skipped_no_line,,,138685,,0.0,0.6365005959325766,,,,,81,2026-07-24T01:30:09+00:00,cs2_strong4_v1,138685,0.6365005959325766,0.3634994040674234,win,2026-07-24T16:20:28+00:00,1587530,2026-07-24T14:00:00Z,2026-07-24T14:03:11Z,2026-07-24T16:13:46Z,finished,best_of,3,CCT Europe,Group Stage,138685,Esport Academy Copenhagen,138963,Black Phoenix,138685,,,,,,,,Esport Academy Copenhagen,Esport Academy Copenhagen,138685,Esport Academy Copenhagen,win,0,,
14,paper_v1,value_3pp,2026-07-24T01:30:15+00:00,skipped_no_value,MelBet,2026-07-24T01:18:56+00:00,3455,1.06,0.0,0.7905873855189219,0.8789954337899544,-0.08840804827103244,,,83,2026-07-24T01:30:09+00:00,cs2_strong4_v1,3455,0.20941261448107804,0.7905873855189219,loss,2026-07-24T18:00:08+00:00,1592754,2026-07-24T15:50:00Z,2026-07-24T15:54:20Z,2026-07-24T17:50:35Z,finished,best_of,3,BLAST Bounty,Qualifier,3213,Liquid,3455,Vitality,3213,,,,,,,,Vitality,Vitality,3213,Liquid,loss,0,,
15,paper_v1,value_3pp,2026-07-24T01:30:15+00:00,skipped_no_line,,,128258,,0.0,0.6196788643617795,,,,,85,2026-07-24T01:30:09+00:00,cs2_strong4_v1,128258,0.6196788643617795,0.38032113563822045,win,2026-07-24T16:30:34+00:00,1596636,2026-07-24T14:00:00Z,2026-07-24T14:07:55Z,2026-07-24T16:22:59Z,finished,best_of,3,CCT Europe,Group C,128258,Entropy,138650,NEW VISION,128258,,,,,,,,Entropy,Entropy,128258,Entropy,win,0,,
16,paper_v1,value_3pp,2026-07-24T01:30:15+00:00,loss,MelBet,2026-07-24T01:18:56+00:00,133326,1.53,1000.0,0.6929704270304609,0.6115765422696116,0.0813938847608493,-1000.0,2026-07-24T18:30:29+00:00,87,2026-07-24T01:30:09+00:00,cs2_strong4_v1,133326,0.6929704270304609,0.30702957296953914,loss,2026-07-24T18:30:28+00:00,1580359,2026-07-24T16:00:00Z,2026-07-24T16:02:21Z,2026-07-24T18:22:53Z,finished,best_of,3,CCT South America,Playoffs,133326,Bounty Hunters Esports,131253,ODDIK,131253,,,,,,,,Bounty Hunters Esports,Bounty Hunters Esports,131253,ODDIK,loss,0,97463.0,96463.0
17,paper_v1,value_3pp,2026-07-24T01:30:15+00:00,loss,MelBet,2026-07-24T01:18:56+00:00,3209,1.79,1000.0,0.6353764635751025,0.5213903743315508,0.11398608924355169,-1000.0,2026-07-24T18:20:19+00:00,89,2026-07-24T01:30:09+00:00,cs2_strong4_v1,3209,0.6353764635751025,0.36462353642489753,loss,2026-07-24T18:20:18+00:00,1596459,2026-07-24T16:15:00Z,2026-07-24T16:21:01Z,2026-07-24T18:18:03Z,finished,best_of,3,StarLadder StarSeries,Group B,3209,Astralis,3246,Heroic,3246,,,,,,,,Astralis,Astralis,3246,Heroic,loss,0,98463.0,97463.0
18,paper_v1,value_3pp,2026-07-24T01:30:15+00:00,loss,MelBet,2026-07-24T01:18:56+00:00,138610,2.264,1000.0,0.5446467029961248,0.4140786749482402,0.13056802804788464,-1000.0,2026-07-24T17:40:29+00:00,91,2026-07-24T01:30:09+00:00,cs2_strong4_v1,138610,0.4553532970038752,0.5446467029961248,loss,2026-07-24T17:40:28+00:00,1596462,2026-07-24T16:00:00Z,2026-07-24T16:00:44Z,2026-07-24T17:36:00Z,finished,best_of,3,StarLadder StarSeries,Group C,137296,Gentle Mates,138610,Walczaki,137296,,,,,,,,Walczaki,Walczaki,137296,Gentle Mates,loss,0,99463.0,98463.0
19,paper_v1,value_3pp,2026-07-24T01:30:15+00:00,skipped_no_line,,,135474,,0.0,0.7088966664164793,,,,,93,2026-07-24T01:30:09+00:00,cs2_strong4_v1,135474,0.29110333358352064,0.7088966664164793,loss,2026-07-24T17:40:28+00:00,1602289,2026-07-24T16:25:00Z,2026-07-24T16:27:35Z,2026-07-24T17:31:36Z,finished,best_of,1,ESEA,Regular Season,137285,Hermine Esports Club,135474,Fire Flux Esports,137285,,,,,,,,Fire Flux Esports,Fire Flux Esports,137285,Hermine Esports Club,loss,0,,
20,paper_v1,value_3pp,2026-07-24T01:30:15+00:00,skipped_no_value,MelBet,2026-07-24T01:18:56+00:00,124530,1.136,0.0,0.8265354615574385,0.8362168396770473,-0.009681378119608786,,,95,2026-07-24T01:30:09+00:00,cs2_strong4_v1,124530,0.17346453844256143,0.8265354615574385,loss,2026-07-24T21:40:15+00:00,1592762,2026-07-24T18:00:00Z,2026-07-24T18:05:01Z,2026-07-24T21:35:55Z,finished,best_of,3,BLAST Bounty,Qualifier,138988,DENDELE CS,124530,FURIA,138988,,,,,,,,FURIA,FURIA,138988,DENDELE CS,loss,0,,
21,paper_v1,value_3pp,2026-07-24T01:30:15+00:00,skipped_no_value,MelBet,2026-07-24T01:18:56+00:00,128519,1.41,0.0,0.5341256193092997,0.6613832853025936,-0.1272576659932939,,,97,2026-07-24T01:30:09+00:00,cs2_strong4_v1,128519,0.5341256193092997,0.4658743806907003,loss,2026-07-24T20:00:21+00:00,1582154,2026-07-24T17:30:00Z,2026-07-24T17:41:50Z,2026-07-24T19:56:55Z,finished,best_of,3,NODWIN Clutch Series,Group Stage,128519,GenOne,138026,Atreides,138026,,,,,,,,GenOne,GenOne,138026,Atreides,loss,0,,
22,paper_v1,value_3pp,2026-07-24T01:30:15+00:00,loss,MelBet,2026-07-24T01:18:56+00:00,138975,1.755,1000.0,0.6436595468596675,0.5214071448050177,0.12225240205464982,-1000.0,2026-07-24T20:30:28+00:00,99,2026-07-24T01:30:09+00:00,cs2_strong4_v1,138975,0.6436595468596675,0.35634045314033247,loss,2026-07-24T20:30:27+00:00,1587531,2026-07-24T17:00:00Z,2026-07-24T17:14:42Z,2026-07-24T20:20:46Z,finished,best_of,3,CCT Europe,Group Stage,138975,Butterfly,135321,G2 Ares,135321,2,2,@metascope_ai,12,2026-07-24T09:21:20+00:00,19,2026-07-24T20:30:31+00:00,Butterfly,Butterfly,135321,G2 Ares,loss,1,96463.0,95463.0
23,paper_v1,value_3pp,2026-07-24T01:30:15+00:00,skipped_no_line,,,138631,,0.0,0.5761636233839695,,,,,101,2026-07-24T01:30:09+00:00,cs2_strong4_v1,138631,0.5761636233839695,0.42383637661603046,loss,2026-07-24T19:00:46+00:00,1596641,2026-07-24T17:10:00Z,2026-07-24T17:09:07Z,2026-07-24T18:57:08Z,finished,best_of,3,CCT Europe,Group D,138631,Privateer Gaming,137075,Misa Esports,137075,,,,,,,,Privateer Gaming,Privateer Gaming,137075,Misa Esports,loss,0,,
24,paper_v1,value_3pp,2026-07-24T01:30:15+00:00,skipped_no_line,,,138163,,0.0,0.5935284799213728,,,,,103,2026-07-24T01:30:09+00:00,cs2_strong4_v1,138163,0.5935284799213728,0.4064715200786272,win,2026-07-24T18:30:28+00:00,1602288,2026-07-24T17:10:00Z,2026-07-24T17:18:39Z,2026-07-24T18:10:55Z,finished,best_of,1,ESEA,Regular Season,138163,Younglings,136593,Sangal ALTERS,138163,,,,,,,,Younglings,Younglings,138163,Younglings,win,0,,
25,paper_v1,value_3pp,2026-07-24T01:30:15+00:00,skipped_no_line,,,138931,,0.0,0.5138752945272114,,,,,105,2026-07-24T01:30:09+00:00,cs2_strong4_v1,138931,0.48612470547278863,0.5138752945272114,loss,2026-07-24T19:30:28+00:00,1589645,2026-07-24T18:10:00Z,2026-07-24T18:11:29Z,2026-07-24T18:43:06Z,finished,best_of,1,ESEA,Regular Season,138419,PURE,138931,EvolupeGG,138419,,,,,,,,EvolupeGG,EvolupeGG,138419,PURE,loss,0,,
26,paper_v1,value_3pp,2026-07-24T01:30:15+00:00,skipped_no_line,,,138946,,0.0,0.6110930870101645,,,,,107,2026-07-24T01:30:09+00:00,cs2_strong4_v1,138946,0.3889069129898355,0.6110930870101645,loss,2026-07-24T19:30:28+00:00,1602287,2026-07-24T18:15:00Z,2026-07-24T18:14:29Z,2026-07-24T18:43:46Z,finished,best_of,1,ESEA,Regular Season,133991,ZOTIX,138946,FAST LAYNERS,133991,,,,,,,,FAST LAYNERS,FAST LAYNERS,133991,ZOTIX,loss,0,,
27,paper_v1,value_3pp,2026-07-24T01:30:15+00:00,win,MelBet,2026-07-24T01:18:56+00:00,3225,1.6,1000.0,0.6286921077408819,0.5859213250517599,0.042770782689122044,600.0000000000001,2026-07-24T20:50:19+00:00,109,2026-07-24T01:30:09+00:00,cs2_strong4_v1,3225,0.6286921077408819,0.3713078922591181,win,2026-07-24T20:50:18+00:00,1580360,2026-07-24T19:15:00Z,2026-07-24T19:21:51Z,2026-07-24T20:41:46Z,finished,best_of,3,CCT South America,Playoffs,3225,Keyd,138276,ALKA GAMING,3225,,,,,,,,Keyd,Keyd,3225,Keyd,win,0,95463.0,96063.0
28,paper_v1,value_3pp,2026-07-24T01:30:15+00:00,skipped_no_value,MelBet,2026-07-24T01:18:56+00:00,131848,1.05,0.0,0.8778326774705415,0.869727047146402,0.008105630324139468,,,111,2026-07-24T01:30:09+00:00,cs2_strong4_v1,131848,0.8778326774705415,0.1221673225294585,win,2026-07-24T23:30:27+00:00,1580361,2026-07-24T22:00:00Z,2026-07-24T22:01:32Z,2026-07-24T23:03:46Z,finished,best_of,3,CCT South America,Playoffs,131848,largadosypelados,136596,MAGICOS,131848,,,,,,,,largadosypelados,largadosypelados,131848,largadosypelados,win,0,,
29,paper_v1,value_3pp,2026-07-25T07:16:02+00:00,loss,MelBet,2026-07-25T07:15:39+00:00,138101,2.099,1000.0,0.6125565440088714,0.44748618057383516,0.16507036343503623,-1000.0,2026-07-25T11:40:28+00:00,113,2026-07-25T07:15:58+00:00,cs2_strong4_v1,138101,0.38744345599112856,0.6125565440088714,loss,2026-07-25T11:40:27+00:00,1582155,2026-07-25T08:00:00Z,2026-07-25T08:04:26Z,2026-07-25T11:34:20Z,finished,best_of,3,NODWIN Clutch Series,Group Stage,135321,G2 Ares,138101,Inner Circle Academy,135321,,,,,,,,Inner Circle Academy,Inner Circle Academy,135321,G2 Ares,loss,0,96353.0,95353.0
30,paper_v1,value_3pp,2026-07-25T07:16:02+00:00,skipped_no_line,,,137028,,0.0,0.6590498608999675,,,,,115,2026-07-25T07:15:58+00:00,cs2_strong4_v1,137028,0.3409501391000325,0.6590498608999675,loss,2026-07-25T09:30:20+00:00,1587532,2026-07-25T08:00:00Z,,,canceled,best_of,3,CCT Europe,Group Stage,137500,CYBERSHOKE Prospects,137028,Endless Journey,137500,,,,,,,,Endless Journey,Endless Journey,137500,CYBERSHOKE Prospects,loss,0,,
31,paper_v1,value_3pp,2026-07-25T07:16:02+00:00,skipped_no_line,,,138848,,0.0,0.5081212737084511,,,,,117,2026-07-25T07:15:58+00:00,cs2_strong4_v1,138848,0.4918787262915489,0.5081212737084511,win,2026-07-25T09:30:20+00:00,1596628,2026-07-25T08:00:00Z,,,canceled,best_of,3,CCT Europe,Group A,135978,eternal premium,138848,Mai Tai,138848,,,,,,,,Mai Tai,Mai Tai,138848,Mai Tai,win,0,,
32,paper_v1,value_3pp,2026-07-25T07:16:02+00:00,win,MelBet,2026-07-25T07:15:39+00:00,137861,1.29,1000.0,0.7591135023476504,0.7272727272727273,0.03184077507492311,290.00000000000006,2026-07-25T09:40:16+00:00,119,2026-07-25T07:15:58+00:00,cs2_strong4_v1,137861,0.7591135023476504,0.2408864976523496,win,2026-07-25T09:40:15+00:00,1600631,2026-07-25T08:00:00Z,2026-07-25T08:04:16Z,2026-07-25T09:30:37Z,finished,best_of,3,Thunderpick World Championship,Group A,137861,STATE,137953,Fortress,137861,,,,,,,,STATE,STATE,137861,STATE,win,0,96063.0,96353.0
33,paper_v1,value_3pp,2026-07-25T07:16:02+00:00,loss,MelBet,2026-07-25T07:15:39+00:00,138988,2.984,1000.0,0.6674928941166485,0.3180987202925046,0.3493941738241439,-1000.0,2026-07-25T12:50:38+00:00,121,2026-07-25T07:15:58+00:00,cs2_strong4_v1,138988,0.6674928941166485,0.33250710588335153,loss,2026-07-25T12:50:37+00:00,1592770,2026-07-25T10:00:00Z,2026-07-25T10:01:15Z,2026-07-25T12:41:09Z,finished,best_of,3,BLAST Bounty,Qualifier,138988,DENDELE CS,3212,FaZe,3212,,,,,,,,DENDELE CS,DENDELE CS,3212,FaZe,loss,0,95353.0,94353.0
34,paper_v1,value_3pp,2026-07-25T07:16:02+00:00,skipped_no_value,MelBet,2026-07-25T07:15:39+00:00,138406,1.87,0.0,0.5041562492737757,0.5,0.0041562492737756696,,,123,2026-07-25T07:15:58+00:00,cs2_strong4_v1,138406,0.5041562492737757,0.49584375072622433,loss,2026-07-25T14:00:28+00:00,1582156,2026-07-25T11:55:00Z,2026-07-25T12:03:34Z,2026-07-25T13:57:54Z,finished,best_of,3,NODWIN Clutch Series,Group Stage,138406,Just Players,138974,ex-RUSTEC,138974,,,,,,,,Just Players,Just Players,138974,ex-RUSTEC,loss,0,,
35,paper_v1,value_3pp,2026-07-25T07:16:02+00:00,skipped_no_line,,,127837,,0.0,0.503487145261704,,,,,125,2026-07-25T07:15:58+00:00,cs2_strong4_v1,127837,0.503487145261704,0.496512854738296,loss,2026-07-25T12:50:37+00:00,1587533,2026-07-25T11:10:00Z,2026-07-25T11:10:10Z,2026-07-25T12:46:43Z,finished,best_of,3,CCT Europe,Group Stage,127837,los kogutos,128258,Entropy,128258,,,,,,,,los kogutos,los kogutos,128258,Entropy,loss,0,,
36,paper_v1,value_3pp,2026-07-25T07:16:02+00:00,skipped_no_value,MelBet,2026-07-25T07:15:39+00:00,130569,1.47,0.0,0.5203099403359909,0.6379310344827586,-0.11762109414676769,,,127,2026-07-25T07:15:58+00:00,cs2_strong4_v1,130569,0.5203099403359909,0.4796900596640091,win,2026-07-25T13:00:38+00:00,1596466,2026-07-25T11:00:00Z,2026-07-25T11:00:12Z,2026-07-25T12:58:10Z,finished,best_of,3,StarLadder StarSeries,Play-In,130569,HOTU,127976,Infinite,130569,,,,,,,,HOTU,HOTU,130569,HOTU,win,0,,
37,paper_v1,value_3pp,2026-07-25T07:16:02+00:00,loss,MelBet,2026-07-25T07:15:39+00:00,138027,2.44,1000.0,0.6214795329512536,0.37500000000000006,0.24647953295125352,-1000.0,2026-07-25T12:50:38+00:00,129,2026-07-25T07:15:58+00:00,cs2_strong4_v1,138027,0.6214795329512536,0.3785204670487464,loss,2026-07-25T12:50:37+00:00,1596638,2026-07-25T11:00:00Z,2026-07-25T11:05:35Z,2026-07-25T12:44:46Z,finished,best_of,3,CCT Europe,Group C,138027,Benched gods,138650,NEW VISION,138650,,,,,,,,Benched gods,Benched gods,138650,NEW VISION,loss,0,94353.0,93353.0
38,paper_v1,value_3pp,2026-07-25T07:16:02+00:00,loss,MelBet,2026-07-25T07:15:39+00:00,138101,1.72,1000.0,0.6863046253431924,0.5425531914893618,0.1437514338538306,-1000.0,2026-07-25T13:00:39+00:00,131,2026-07-25T07:15:58+00:00,cs2_strong4_v1,138101,0.3136953746568077,0.6863046253431924,loss,2026-07-25T13:00:38+00:00,1600632,2026-07-25T11:30:00Z,,,canceled,best_of,3,Thunderpick World Championship,Group A,132426,Lazer Cats,138101,Inner Circle Academy,132426,,,,,,,,Inner Circle Academy,Inner Circle Academy,132426,Lazer Cats,loss,0,93353.0,92353.0
39,paper_v1,value_3pp,2026-07-25T07:16:02+00:00,loss,MelBet,2026-07-25T07:15:39+00:00,3210,1.496,1000.0,0.7862312988211076,0.6354775828460039,0.15075371597510379,-1000.0,2026-07-25T14:40:30+00:00,133,2026-07-25T07:15:58+00:00,cs2_strong4_v1,3210,0.21376870117889235,0.7862312988211076,loss,2026-07-25T14:40:29+00:00,1592771,2026-07-25T12:55:00Z,2026-07-25T12:53:30Z,2026-07-25T14:31:56Z,finished,best_of,3,BLAST Bounty,Qualifier,3213,Liquid,3210,G2,3213,,,,,,,,G2,G2,3213,Liquid,loss,0,92353.0,91353.0
40,paper_v1,value_3pp,2026-07-25T07:16:02+00:00,skipped_no_line,,,131253,,0.0,0.5847572987696696,,,,,135,2026-07-25T07:15:58+00:00,cs2_strong4_v1,131253,0.4152427012303304,0.5847572987696696,win,2026-07-25T16:00:29+00:00,1580363,2026-07-25T13:00:00Z,2026-07-25T13:02:22Z,2026-07-25T15:51:29Z,finished,best_of,3,CCT South America,Playoffs,138886,BORRACHEIROS,131253,ODDIK,131253,,,,,,,,ODDIK,ODDIK,131253,ODDIK,win,0,,
41,paper_v1,value_3pp,2026-07-25T07:16:02+00:00,skipped_no_value,MelBet,2026-07-25T07:15:39+00:00,131505,1.21,0.0,0.5389984741127812,0.76930409914204,-0.23030562502925878,,,137,2026-07-25T07:15:58+00:00,cs2_strong4_v1,131505,0.5389984741127812,0.46100152588721877,win,2026-07-25T14:40:29+00:00,1596467,2026-07-25T13:05:00Z,2026-07-25T13:02:39Z,2026-07-25T14:39:30Z,finished,best_of,3,StarLadder StarSeries,Play-In,131505,Aurora Gaming,138830,ECHO,131505,,,,,,,,Aurora Gaming,Aurora Gaming,131505,Aurora Gaming,win,0,,
42,paper_v1,value_3pp,2026-07-25T07:16:02+00:00,skipped_no_line,,,128519,,0.0,0.6534398712799714,,,,,139,2026-07-25T07:15:58+00:00,cs2_strong4_v1,128519,0.6534398712799714,0.3465601287200286,win,2026-07-25T16:10:28+00:00,1582157,2026-07-25T14:25:00Z,2026-07-25T14:29:23Z,2026-07-25T16:10:23Z,finished,best_of,3,NODWIN Clutch Series,Group Stage,128519,GenOne,137708,BET-M 33,128519,,,,,,,,GenOne,GenOne,128519,GenOne,win,0,,
43,paper_v1,value_3pp,2026-07-25T07:16:02+00:00,win,MelBet,2026-07-25T07:15:39+00:00,138406,1.566,1000.0,0.8035419506698993,0.5843949044585988,0.21914704621130054,566.0000000000001,2026-07-25T15:30:15+00:00,141,2026-07-25T07:15:58+00:00,cs2_strong4_v1,138406,0.1964580493301007,0.8035419506698993,win,2026-07-25T15:30:15+00:00,1587534,2026-07-25T14:15:00Z,2026-07-25T14:34:14Z,2026-07-25T15:18:25Z,finished,best_of,3,CCT Europe,Group Stage,138963,Black Phoenix,138406,Just Players,138406,,,,,,,,Just Players,Just Players,138406,Just Players,win,0,91353.0,91919.0
44,paper_v1,value_3pp,2026-07-25T07:16:02+00:00,loss,MelBet,2026-07-25T07:15:39+00:00,137296,2.522,1000.0,0.5581978413625908,0.3713858424725823,0.1868119988900085,-1000.0,2026-07-25T16:10:29+00:00,143,2026-07-25T07:15:58+00:00,cs2_strong4_v1,137296,0.44180215863740924,0.5581978413625908,loss,2026-07-25T16:10:28+00:00,1596468,2026-07-25T14:00:00Z,2026-07-25T14:02:55Z,2026-07-25T16:07:45Z,finished,best_of,3,StarLadder StarSeries,Play-In,137739,magic,137296,Gentle Mates,137739,,,,,,,,Gentle Mates,Gentle Mates,137739,magic,loss,0,91919.0,90919.0
45,paper_v1,value_3pp,2026-07-25T07:16:02+00:00,win,MelBet,2026-07-25T07:15:39+00:00,135227,1.83,1000.0,0.5874301531636839,0.5,0.08743015316368385,830.0000000000001,2026-07-25T16:50:10+00:00,145,2026-07-25T07:15:58+00:00,cs2_strong4_v1,135227,0.5874301531636839,0.41256984683631615,win,2026-07-25T16:50:09+00:00,1596633,2026-07-25T14:10:00Z,2026-07-25T14:11:28Z,2026-07-25T16:49:02Z,finished,best_of,3,CCT Europe,Group B,135227,ENJOY,129405,SAW Youngsters,135227,,,,,,,,ENJOY,ENJOY,135227,ENJOY,win,0,90919.0,91749.0
46,paper_v1,value_3pp,2026-07-25T07:16:02+00:00,skipped_no_line,,,127837,,0.0,0.6116071383158225,,,,,147,2026-07-25T07:15:58+00:00,cs2_strong4_v1,127837,0.6116071383158225,0.3883928616841775,win,2026-07-25T15:50:09+00:00,1600636,2026-07-25T14:00:00Z,2026-07-25T14:08:00Z,2026-07-25T15:42:33Z,finished,best_of,3,Thunderpick World Championship,Group B,127837,los kogutos,138650,NEW VISION,127837,,,,,,,,los kogutos,los kogutos,127837,los kogutos,win,0,,
47,paper_v1,value_3pp,2026-07-25T07:16:02+00:00,loss,MelBet,2026-07-25T07:15:39+00:00,130569,2.29,1000.0,0.601364432647576,0.4150702426564495,0.1862941899911265,-1000.0,2026-07-25T17:20:09+00:00,149,2026-07-25T07:15:58+00:00,cs2_strong4_v1,130569,0.601364432647576,0.398635567352424,loss,2026-07-25T17:20:08+00:00,1592772,2026-07-25T14:45:00Z,2026-07-25T14:47:45Z,2026-07-25T17:14:33Z,finished,best_of,3,BLAST Bounty,Qualifier,130569,HOTU,3209,Astralis,3209,,,,,,,,HOTU,HOTU,3209,Astralis,loss,0,91749.0,90749.0
48,paper_v1,value_3pp,2026-07-25T07:16:02+00:00,skipped_no_line,,,131848,,0.0,0.568209187778894,,,,,151,2026-07-25T07:15:58+00:00,cs2_strong4_v1,131848,0.43179081222110605,0.568209187778894,win,2026-07-25T17:30:37+00:00,1580362,2026-07-25T16:00:00Z,2026-07-25T16:08:01Z,2026-07-25T17:28:19Z,finished,best_of,3,CCT South America,Playoffs,130605,UNO MILLE,131848,largadosypelados,131848,,,,,,,,largadosypelados,largadosypelados,131848,largadosypelados,win,0,,
49,paper_v1,value_3pp,2026-07-25T07:16:02+00:00,win,MelBet,2026-07-25T07:15:39+00:00,3218,1.93,1000.0,0.5806586205409202,0.48941798941798953,0.09124063112293068,929.9999999999999,2026-07-25T19:20:10+00:00,153,2026-07-25T07:15:58+00:00,cs2_strong4_v1,3218,0.5806586205409202,0.4193413794590798,win,2026-07-25T19:20:10+00:00,1596469,2026-07-25T16:00:00Z,2026-07-25T16:05:15Z,2026-07-25T19:16:41Z,finished,best_of,3,StarLadder StarSeries,Play-In,3218,NIP,3246,Heroic,3218,,,,,,,,NIP,NIP,3218,NIP,win,0,89749.0,90679.0
50,paper_v1,value_3pp,2026-07-25T07:16:02+00:00,skipped_no_line,,,134405,,0.0,0.6834534786249944,,,,,155,2026-07-25T07:15:58+00:00,cs2_strong4_v1,134405,0.31654652137500555,0.6834534786249944,win,2026-07-25T20:10:27+00:00,1582158,2026-07-25T17:00:00Z,2026-07-25T17:08:40Z,2026-07-25T20:04:43Z,finished,best_of,3,NODWIN Clutch Series,Group Stage,128887,Honvéd,134405,Vexar,134405,,,,,,,,Vexar,Vexar,134405,Vexar,win,0,,
51,paper_v1,value_3pp,2026-07-25T07:16:02+00:00,win,MelBet,2026-07-25T07:15:39+00:00,138974,1.869,1000.0,0.7699850014429104,0.4894837476099427,0.2805012538329677,869.0,2026-07-25T20:00:29+00:00,157,2026-07-25T07:15:58+00:00,cs2_strong4_v1,138974,0.7699850014429104,0.23001499855708962,win,2026-07-25T20:00:28+00:00,1587535,2026-07-25T17:00:00Z,2026-07-25T17:04:22Z,2026-07-25T19:51:43Z,finished,best_of,3,CCT Europe,Group Stage,138974,ex-RUSTEC,132927,Rune Eaters,138974,,,,,,,,ex-RUSTEC,ex-RUSTEC,138974,ex-RUSTEC,win,0,90679.0,91548.0
52,paper_v1,value_3pp,2026-07-25T07:16:02+00:00,skipped_no_value,MelBet,2026-07-25T07:15:39+00:00,138631,1.457,0.0,0.5578533794911196,0.6281265952016335,-0.07027321571051393,,,159,2026-07-25T07:15:58+00:00,cs2_strong4_v1,138631,0.4421466205088805,0.5578533794911196,win,2026-07-25T20:00:28+00:00,1596643,2026-07-25T17:00:00Z,2026-07-25T17:03:57Z,2026-07-25T19:52:27Z,finished,best_of,3,CCT Europe,Group D,132459,ROUNDS,138631,Privateer Gaming,138631,,,,,,,,Privateer Gaming,Privateer Gaming,138631,Privateer Gaming,win,0,,
53,paper_v1,value_3pp,2026-07-25T07:16:02+00:00,loss,MelBet,2026-07-25T07:15:39+00:00,138777,1.44,1000.0,0.7123784918298018,0.6512472753693388,0.061131216460463045,-1000.0,2026-07-25T18:50:11+00:00,161,2026-07-25T07:15:58+00:00,cs2_strong4_v1,138777,0.7123784918298018,0.28762150817019816,loss,2026-07-25T18:50:10+00:00,1600637,2026-07-25T17:00:00Z,2026-07-25T17:05:38Z,2026-07-25T18:47:14Z,finished,best_of,3,Thunderpick World Championship,Group B,138777,ex-MANA eSports,128629,megoshort,128629,,,,,,,,ex-MANA eSports,ex-MANA eSports,128629,megoshort,loss,0,90749.0,89749.0
54,paper_v1,value_3pp,2026-07-25T07:16:02+00:00,skipped_no_value,MelBet,2026-07-25T07:15:39+00:00,3240,1.18,0.0,0.6320818262539118,0.8039867109634551,-0.17190488470954324,,,163,2026-07-25T07:15:58+00:00,cs2_strong4_v1,3240,0.3679181737460881,0.6320818262539118,win,2026-07-25T19:40:15+00:00,1592773,2026-07-25T17:25:00Z,2026-07-25T17:30:27Z,2026-07-25T19:31:40Z,finished,best_of,3,BLAST Bounty,Qualifier,137699,FOKUS,3240,MOUZ,3240,,,,,,,,MOUZ,MOUZ,3240,MOUZ,win,0,,
55,paper_v1,value_3pp,2026-07-25T07:16:02+00:00,loss,MelBet,2026-07-25T07:15:39+00:00,3225,3.505,1000.0,0.5561873440044646,0.2644281217208814,0.29175922228358314,-1000.0,2026-07-25T20:40:18+00:00,165,2026-07-25T07:15:58+00:00,cs2_strong4_v1,3225,0.44381265599553543,0.5561873440044646,loss,2026-07-25T20:40:17+00:00,1580364,2026-07-25T19:00:00Z,2026-07-25T19:02:59Z,2026-07-25T20:34:05Z,finished,best_of,3,CCT South America,Playoffs,131570,Fluxo,3225,Keyd,131570,,,,,,,,Keyd,Keyd,131570,Fluxo,loss,0,91548.0,90548.0
56,paper_v1,value_3pp,2026-07-25T07:16:02+00:00,skipped_no_value,MelBet,2026-07-25T07:15:39+00:00,125863,1.49,0.0,0.6491947071255408,0.6270337922403004,0.022160914885240413,,,167,2026-07-25T07:15:58+00:00,cs2_strong4_v1,125863,0.6491947071255408,0.35080529287445916,win,2026-07-25T23:50:44+00:00,1580365,2026-07-25T22:00:00Z,2026-07-25T22:00:41Z,2026-07-25T23:47:49Z,finished,best_of,3,CCT South America,Playoffs,125863,Isurus,135743,BESTIA Academy,125863,,,,,,,,Isurus,Isurus,125863,Isurus,win,0,,
57,paper_v1,value_3pp,2026-07-25T21:15:41+00:00,skipped_no_value,MelBet,2026-07-25T21:15:18+00:00,137932,1.5,0.0,0.6141042293462813,0.6250937265683578,-0.010989497222076539,,,169,2026-07-25T21:15:37+00:00,cs2_strong4_v1,137932,0.6141042293462813,0.3858957706537187,loss,2026-07-26T11:00:30+00:00,1582159,2026-07-26T08:00:00Z,2026-07-26T08:04:40Z,2026-07-26T10:55:22Z,finished,best_of,3,NODWIN Clutch Series,Group Stage,137932,ex-RUBY,137500,CYBERSHOKE Prospects,137500,,,,,,,,ex-RUBY,ex-RUBY,137500,CYBERSHOKE Prospects,loss,0,,
58,paper_v1,value_3pp,2026-07-25T21:15:41+00:00,skipped_no_value,MelBet,2026-07-25T21:15:18+00:00,136659,1.374,0.0,0.5482860883129121,0.6658560311284047,-0.1175699428154926,,,171,2026-07-25T21:15:37+00:00,cs2_strong4_v1,136659,0.5482860883129121,0.45171391168708785,win,2026-07-26T11:20:29+00:00,1587536,2026-07-26T08:00:00Z,2026-07-26T08:04:00Z,2026-07-26T11:20:05Z,finished,best_of,3,CCT Europe,Group Stage,136659,SPARTA,138027,Benched gods,136659,,,,,,,,SPARTA,SPARTA,136659,SPARTA,win,0,,
59,paper_v1,value_3pp,2026-07-25T21:15:41+00:00,skipped_no_line,,,135227,,0.0,0.6066477314866493,,,,,173,2026-07-25T21:15:37+00:00,cs2_strong4_v1,135227,0.3933522685133507,0.6066477314866493,win,2026-07-26T10:00:19+00:00,1596744,2026-07-26T08:10:00Z,2026-07-26T08:10:45Z,2026-07-26T09:53:09Z,finished,best_of,3,CCT Europe,Play-In,128258,Entropy,135227,ENJOY,135227,,,,,,,,ENJOY,ENJOY,135227,ENJOY,win,0,,
60,paper_v1,value_3pp,2026-07-25T21:15:41+00:00,skipped_no_value,MelBet,2026-07-25T21:15:18+00:00,138101,1.08,0.0,0.6942217014882288,0.8671586715867159,-0.17293697009848708,,,175,2026-07-25T21:15:37+00:00,cs2_strong4_v1,138101,0.3057782985117712,0.6942217014882288,loss,2026-07-26T11:00:30+00:00,1600633,2026-07-26T08:00:00Z,2026-07-26T08:08:12Z,2026-07-26T10:55:41Z,finished,best_of,3,Thunderpick World Championship,Group A,137953,Fortress,138101,Inner Circle Academy,137953,,,,,,,,Inner Circle Academy,Inner Circle Academy,137953,Fortress,loss,0,,
61,paper_v1,value_3pp,2026-07-25T21:15:41+00:00,skipped_no_value,MelBet,2026-07-25T21:15:18+00:00,3218,1.55,0.0,0.6085110291759703,0.6062992125984252,0.0022118165775451004,,,177,2026-07-25T21:15:37+00:00,cs2_strong4_v1,3218,0.6085110291759703,0.39148897082402967,loss,2026-07-26T12:10:11+00:00,1592776,2026-07-26T10:00:00Z,2026-07-26T10:01:38Z,2026-07-26T12:03:40Z,finished,best_of,3,BLAST Bounty,Qualifier,3218,NIP,125751,paiN,125751,,,,,,,,NIP,NIP,125751,paiN,loss,0,,
62,paper_v1,value_3pp,2026-07-25T21:15:41+00:00,skipped_no_value,MelBet,2026-07-25T21:15:18+00:00,136560,1.77,0.0,0.5338814978491703,0.528,0.005881497849170247,,,179,2026-07-25T21:15:37+00:00,cs2_strong4_v1,136560,0.4661185021508297,0.5338814978491703,loss,2026-07-26T14:00:30+00:00,1582160,2026-07-26T11:10:00Z,2026-07-26T11:16:09Z,2026-07-26T13:56:04Z,finished,best_of,3,NODWIN Clutch Series,Group Stage,138617,INOX Division,136560,Phantom,138617,,,,,,,,Phantom,Phantom,138617,INOX Division,loss,0,,
63,paper_v1,value_3pp,2026-07-25T21:15:41+00:00,win,MelBet,2026-07-25T21:15:18+00:00,138975,1.83,1000.0,0.5676541267220275,0.5,0.06765412672202753,830.0000000000001,2026-07-26T14:31:11+00:00,181,2026-07-25T21:15:37+00:00,cs2_strong4_v1,138975,0.5676541267220275,0.43234587327797247,win,2026-07-26T14:31:10+00:00,1587537,2026-07-26T11:30:00Z,2026-07-26T11:37:24Z,2026-07-26T14:29:53Z,finished,best_of,3,CCT Europe,Group Stage,138975,Butterfly,129405,SAW Youngsters,138975,,,,,,,,Butterfly,Butterfly,138975,Butterfly,win,0,90548.0,91378.0
64,paper_v1,value_3pp,2026-07-25T21:15:41+00:00,skipped_no_line,,,138848,,0.0,0.5724290505757552,,,,,183,2026-07-25T21:15:37+00:00,cs2_strong4_v1,138848,0.4275709494242448,0.5724290505757552,win,2026-07-26T13:01:05+00:00,1596745,2026-07-26T11:10:00Z,2026-07-26T11:15:11Z,2026-07-26T12:58:19Z,finished,best_of,3,CCT Europe,Play-In,137075,Misa Esports,138848,Mai Tai,138848,,,,,,,,Mai Tai,Mai Tai,138848,Mai Tai,win,0,,
65,paper_v1,value_3pp,2026-07-25T21:15:41+00:00,skipped_no_line,,,138777,,0.0,0.6014549535962732,,,,,185,2026-07-25T21:15:37+00:00,cs2_strong4_v1,138777,0.39854504640372684,0.6014549535962732,win,2026-07-26T13:01:05+00:00,1600638,2026-07-26T11:10:00Z,2026-07-26T11:15:10Z,2026-07-26T12:59:03Z,finished,best_of,3,Thunderpick World Championship,Group B,138650,NEW VISION,138777,ex-MANA eSports,138777,,,,,,,,ex-MANA eSports,ex-MANA eSports,138777,ex-MANA eSports,win,0,,
66,paper_v1,value_3pp,2026-07-25T21:15:41+00:00,skipped_no_value,MelBet,2026-07-25T21:15:18+00:00,136955,1.27,0.0,0.6861068093164309,0.7394871794871796,-0.0533803701707487,,,187,2026-07-25T21:15:37+00:00,cs2_strong4_v1,136955,0.3138931906835691,0.6861068093164309,loss,2026-07-26T14:10:11+00:00,1592777,2026-07-26T12:15:00Z,2026-07-26T12:15:07Z,2026-07-26T14:06:55Z,finished,best_of,3,BLAST Bounty,Qualifier,3318,3DMAX,136955,FUT Esports,3318,,,,,,,,FUT Esports,FUT Esports,3318,3DMAX,loss,0,,
67,paper_v1,value_3pp,2026-07-25T21:15:41+00:00,skipped_no_value,MelBet,2026-07-25T21:15:18+00:00,131505,1.32,0.0,0.6013294220411896,0.7124183006535949,-0.11108887861240535,,,189,2026-07-25T21:15:37+00:00,cs2_strong4_v1,131505,0.6013294220411896,0.39867057795881045,win,2026-07-26T16:30:29+00:00,1596471,2026-07-26T13:00:00Z,2026-07-26T13:05:46Z,2026-07-26T16:20:09Z,finished,best_of,3,StarLadder StarSeries,Play-In,131505,Aurora Gaming,130569,HOTU,131505,,,,,,,,Aurora Gaming,Aurora Gaming,131505,Aurora Gaming,win,0,,
68,paper_v1,value_3pp,2026-07-25T21:15:41+00:00,win,MelBet,2026-07-25T21:15:18+00:00,138026,2.04,1000.0,0.541333596858028,0.4574468085106383,0.08388678834738966,1040.0,2026-07-26T16:10:27+00:00,191,2026-07-25T21:15:37+00:00,cs2_strong4_v1,138026,0.45866640314197205,0.541333596858028,win,2026-07-26T16:10:26+00:00,1582161,2026-07-26T14:15:00Z,2026-07-26T14:14:48Z,2026-07-26T16:01:59Z,finished,best_of,3,NODWIN Clutch Series,Group Stage,136659,SPARTA,138026,Atreides,138026,,,,,,,,Atreides,Atreides,138026,Atreides,win,0,91378.0,92418.0
69,paper_v1,value_3pp,2026-07-25T21:15:41+00:00,win,MelBet,2026-07-25T21:15:18+00:00,138617,1.401,1000.0,0.6837248542467598,0.6529601189001734,0.030764735346586414,401.0,2026-07-26T18:20:20+00:00,193,2026-07-25T21:15:37+00:00,cs2_strong4_v1,138617,0.6837248542467598,0.3162751457532402,win,2026-07-26T18:20:19+00:00,1587538,2026-07-26T14:40:00Z,2026-07-26T14:45:50Z,2026-07-26T18:11:05Z,finished,best_of,3,CCT Europe,Group Stage,138617,INOX Division,135321,G2 Ares,138617,,,,,,,,INOX Division,INOX Division,138617,INOX Division,win,0,90418.0,90819.0
70,paper_v1,value_3pp,2026-07-25T21:15:41+00:00,skipped_no_line,,,130570,,0.0,0.8313122663573237,,,,,195,2026-07-25T21:15:37+00:00,cs2_strong4_v1,130570,0.8313122663573237,0.1686877336426763,loss,2026-07-26T16:00:29+00:00,1596746,2026-07-26T14:00:00Z,2026-07-26T14:08:07Z,2026-07-26T15:58:38Z,finished,best_of,3,CCT Europe,Play-In,130570,QUAZAR,138650,NEW VISION,138650,,,,,,,,QUAZAR,QUAZAR,138650,NEW VISION,loss,0,,
71,paper_v1,value_3pp,2026-07-25T21:15:41+00:00,loss,MelBet,2026-07-25T21:15:18+00:00,137861,2.157,1000.0,0.6521391801087792,0.43489651558815823,0.21724266452062102,-1000.0,2026-07-26T16:50:30+00:00,197,2026-07-25T21:15:37+00:00,cs2_strong4_v1,137861,0.6521391801087792,0.34786081989122075,loss,2026-07-26T16:50:29+00:00,1600634,2026-07-26T14:00:00Z,2026-07-26T14:06:08Z,2026-07-26T16:40:19Z,finished,best_of,3,Thunderpick World Championship,Group A,137861,STATE,132426,Lazer Cats,132426,3,3,@metascope_ai,22,2026-07-25T21:47:51+00:00,24,2026-07-26T16:50:34+00:00,STATE,STATE,132426,Lazer Cats,loss,1,91418.0,90418.0
72,paper_v1,value_3pp,2026-07-25T21:15:41+00:00,skipped_no_line,,,131848,,0.0,0.6048985414512977,,,,,199,2026-07-25T21:15:37+00:00,cs2_strong4_v1,131848,0.3951014585487022,0.6048985414512977,loss,2026-07-26T17:40:14+00:00,1580366,2026-07-26T15:00:00Z,2026-07-26T15:02:50Z,2026-07-26T17:37:33Z,finished,best_of,3,CCT South America,Playoffs,131848,largadosypelados,131253,ODDIK,131253,,,,,,,,largadosypelados,largadosypelados,131253,ODDIK,loss,0,,
73,paper_v1,value_3pp,2026-07-25T21:15:41+00:00,loss,MelBet,2026-07-25T21:15:18+00:00,135273,3.245,1000.0,0.5225970140687167,0.2891566265060241,0.23344038756269264,-1000.0,2026-07-26T16:30:30+00:00,201,2026-07-25T21:15:37+00:00,cs2_strong4_v1,135273,0.5225970140687167,0.4774029859312833,loss,2026-07-26T16:30:29+00:00,1592778,2026-07-26T14:35:00Z,2026-07-26T14:38:15Z,2026-07-26T16:24:53Z,finished,best_of,3,BLAST Bounty,Qualifier,135273,Wildcard,3272,TheMongolz,3272,,,,,,,,Wildcard,Wildcard,3272,TheMongolz,loss,0,92418.0,91418.0
74,paper_v1,value_3pp,2026-07-25T21:15:41+00:00,loss,MelBet,2026-07-25T21:15:18+00:00,139002,2.366,1000.0,0.5018364479120221,0.3927104722792608,0.10912597563276127,-1000.0,2026-07-26T18:40:31+00:00,203,2026-07-25T21:15:37+00:00,cs2_strong4_v1,139002,0.4981635520879779,0.5018364479120221,loss,2026-07-26T18:40:30+00:00,1605161,2026-07-26T15:30:00Z,2026-07-26T15:36:36Z,2026-07-26T18:30:56Z,finished,best_of,3,CCT Europe,Playoffs,134320,aimclub,139002,sleepers,134320,,,,,,,,sleepers,sleepers,134320,aimclub,loss,0,90819.0,89819.0
75,paper_v1,value_3pp,2026-07-25T21:15:41+00:00,skipped_no_line,,,130794,,0.0,0.518447863869853,,,,,205,2026-07-25T21:15:37+00:00,cs2_strong4_v1,130794,0.518447863869853,0.481552136130147,loss,2026-07-26T18:00:37+00:00,1605163,2026-07-26T15:30:00Z,,,canceled,best_of,3,CCT Europe,Playoffs,130794,BakS eSports,139004,GameSport,139004,,,,,,,,BakS eSports,BakS eSports,139004,GameSport,loss,0,,
76,paper_v1,value_3pp,2026-07-25T21:15:41+00:00,skipped_no_value,MelBet,2026-07-25T21:15:18+00:00,3218,1.77,0.0,0.5523337386684095,0.528,0.024333738668409488,,,207,2026-07-25T21:15:37+00:00,cs2_strong4_v1,3218,0.44766626133159043,0.5523337386684095,loss,2026-07-26T18:50:10+00:00,1596472,2026-07-26T16:30:00Z,2026-07-26T16:38:39Z,2026-07-26T18:42:03Z,finished,best_of,3,StarLadder StarSeries,Play-In,137739,magic,3218,NIP,137739,,,,,,,,NIP,NIP,137739,magic,loss,0,,
77,paper_v1,value_3pp,2026-07-25T21:15:41+00:00,skipped_no_line,,,138370,,0.0,0.5914078535958878,,,,,209,2026-07-25T21:15:37+00:00,cs2_strong4_v1,138370,0.5914078535958878,0.40859214640411223,win,2026-07-26T20:20:29+00:00,1582162,2026-07-26T17:20:00Z,2026-07-26T17:23:17Z,2026-07-26T20:12:57Z,finished,best_of,3,NODWIN Clutch Series,Group Stage,138370,Lavked,138975,Butterfly,138370,,,,,,,,Lavked,Lavked,138370,Lavked,win,0,,
78,paper_v1,value_3pp,2026-07-25T21:15:41+00:00,skipped_no_value,MelBet,2026-07-25T21:15:18+00:00,138026,1.686,0.0,0.5373485375067333,0.5425935973955508,-0.005245059888817516,,,211,2026-07-25T21:15:37+00:00,cs2_strong4_v1,138026,0.4626514624932668,0.5373485375067333,loss,2026-07-26T20:20:29+00:00,1587539,2026-07-26T18:30:00Z,2026-07-26T18:30:18Z,2026-07-26T20:18:17Z,finished,best_of,3,CCT Europe,Group Stage,138685,Esport Academy Copenhagen,138026,Atreides,138685,,,,,,,,Atreides,Atreides,138685,Esport Academy Copenhagen,loss,0,,
79,paper_v1,value_3pp,2026-07-25T21:15:41+00:00,skipped_no_line,,,128887,,0.0,0.5245660239361998,,,,,213,2026-07-25T21:15:37+00:00,cs2_strong4_v1,128887,0.5245660239361998,0.4754339760638002,win,2026-07-26T19:20:10+00:00,1596747,2026-07-26T17:00:00Z,2026-07-26T17:04:26Z,2026-07-26T19:12:07Z,finished,best_of,3,CCT Europe,Play-In,128887,Honvéd,138631,Privateer Gaming,128887,,,,,,,,Honvéd,Honvéd,128887,Honvéd,win,0,,
80,paper_v1,value_3pp,2026-07-25T21:15:41+00:00,skipped_no_line,,,127837,,0.0,0.6321701337300963,,,,,215,2026-07-25T21:15:37+00:00,cs2_strong4_v1,127837,0.6321701337300963,0.36782986626990366,loss,2026-07-26T18:40:30+00:00,1600639,2026-07-26T17:00:00Z,2026-07-26T17:08:19Z,2026-07-26T18:37:20Z,finished,best_of,3,Thunderpick World Championship,Group B,127837,los kogutos,128629,megoshort,128629,,,,,,,,los kogutos,los kogutos,128629,megoshort,loss,0,,
81,paper_v1,value_3pp,2026-07-25T21:15:41+00:00,skipped_no_value,MelBet,2026-07-25T21:15:18+00:00,124523,1.12,0.0,0.6282170358123653,0.8335809806835067,-0.2053639448711414,,,217,2026-07-25T21:15:37+00:00,cs2_strong4_v1,124523,0.37178296418763473,0.6282170358123653,win,2026-07-26T19:30:38+00:00,1592779,2026-07-26T16:45:00Z,2026-07-26T16:44:10Z,2026-07-26T19:23:20Z,finished,best_of,3,BLAST Bounty,Qualifier,126452,100 Thieves,124523,Spirit,124523,,,,,,,,Spirit,Spirit,124523,Spirit,win,0,,
82,paper_v1,value_3pp,2026-07-25T21:15:41+00:00,win,MelBet,2026-07-25T21:15:18+00:00,138400,1.71,1000.0,0.6956461110997176,0.5415549597855228,0.15409115131419482,710.0,2026-07-26T20:30:29+00:00,219,2026-07-25T21:15:37+00:00,cs2_strong4_v1,138400,0.3043538889002823,0.6956461110997176,win,2026-07-26T20:30:28+00:00,1605162,2026-07-26T18:40:00Z,2026-07-26T18:45:09Z,2026-07-26T20:25:08Z,finished,best_of,3,CCT Europe,Playoffs,138676,A Great Chaos,138400,mellren,138400,4,4,@metascope_ai,23,2026-07-25T21:47:51+00:00,25,2026-07-26T20:30:34+00:00,mellren,mellren,138400,mellren,win,1,89819.0,90529.0
83,paper_v1,value_3pp,2026-07-25T21:15:41+00:00,skipped_no_line,,,137581,,0.0,0.5728054516271629,,,,,221,2026-07-25T21:15:37+00:00,cs2_strong4_v1,137581,0.4271945483728371,0.5728054516271629,win,2026-07-26T21:50:09+00:00,1605166,2026-07-26T18:25:00Z,2026-07-26T18:33:26Z,2026-07-26T21:48:44Z,finished,best_of,3,CCT Europe,Playoffs,138897,TrafficPills Esports,137581,Young TigeRES,137581,,,,,,,,Young TigeRES,Young TigeRES,137581,Young TigeRES,win,0,,
84,paper_v1,value_3pp,2026-07-27T01:15:23+00:00,skipped_no_line,,,130360,,0.0,0.7212047722477327,,,,,304,2026-07-26T21:15:37+00:00,cs2_strong4_v1,130360,0.7212047722477327,0.2787952277522673,win,2026-07-27T08:00:31+00:00,1604774,2026-07-27T06:30:00Z,2026-07-27T06:32:04Z,2026-07-27T07:31:45Z,finished,best_of,3,CIS LAN Championship,Group A,130360,ARCRED,138996,Team flacons,130360,,,,,,,,ARCRED,ARCRED,130360,ARCRED,win,0,,
85,paper_v1,value_3pp,2026-07-27T01:15:23+00:00,skipped_no_line,,,133542,,0.0,0.760561609938319,,,,,309,2026-07-26T21:15:37+00:00,cs2_strong4_v1,133542,0.760561609938319,0.239438390061681,win,2026-07-27T08:00:31+00:00,1604775,2026-07-27T06:40:00Z,,,canceled,best_of,3,CIS LAN Championship,Group A,133542,CYBERSHOKE Esports,138995,Team Comanche,133542,,,,,,,,CYBERSHOKE Esports,CYBERSHOKE Esports,133542,CYBERSHOKE Esports,win,0,,
86,paper_v1,value_3pp,2026-07-27T01:15:23+00:00,skipped_no_line,,,138406,,0.0,0.702479402203634,,,,,314,2026-07-26T21:15:38+00:00,cs2_strong4_v1,138406,0.702479402203634,0.29752059779636597,win,2026-07-27T11:00:19+00:00,1596473,2026-07-27T08:10:00Z,2026-07-27T08:14:29Z,2026-07-27T10:55:58Z,finished,best_of,3,CCT Europe,Group Stage,138406,Just Players,138985,ex-Young Ninjas,138406,,,,,,,,Just Players,Just Players,138406,Just Players,win,0,,
87,paper_v1,value_3pp,2026-07-27T01:15:23+00:00,skipped_no_line,,,138974,,0.0,0.5790737005042126,,,,,319,2026-07-26T21:15:38+00:00,cs2_strong4_v1,138974,0.5790737005042126,0.4209262994957874,win,2026-07-27T09:30:38+00:00,1600641,2026-07-27T08:10:00Z,2026-07-27T08:09:26Z,2026-07-27T09:23:08Z,finished,best_of,3,Thunderpick World Championship,Group C,138974,ex-RUSTEC,128258,Entropy,138974,,,,,,,,ex-RUSTEC,ex-RUSTEC,138974,ex-RUSTEC,win,0,,
88,paper_v1,value_3pp,2026-07-27T01:15:23+00:00,skipped_no_line,,,138027,,0.0,0.6729462795591775,,,,,324,2026-07-26T21:15:38+00:00,cs2_strong4_v1,138027,0.3270537204408225,0.6729462795591775,loss,2026-07-27T13:50:27+00:00,1587540,2026-07-27T11:00:00Z,2026-07-27T11:08:55Z,2026-07-27T13:48:33Z,finished,best_of,3,CCT Europe,Group Stage,138963,Black Phoenix,138027,Benched gods,138963,,,,,,,,Benched gods,Benched gods,138963,Black Phoenix,loss,0,,
89,paper_v1,value_3pp,2026-07-27T01:15:23+00:00,skipped_no_value,MelBet,2026-07-26T21:15:17+00:00,137440,1.49,0.0,0.5767458949557462,0.629445411589157,-0.05269951663341077,,,329,2026-07-26T21:15:39+00:00,cs2_strong4_v1,137440,0.5767458949557462,0.42325410504425376,loss,2026-07-27T12:30:19+00:00,1596436,2026-07-27T11:10:00Z,2026-07-27T11:10:19Z,2026-07-27T11:52:45Z,finished,best_of,1,Urban Riga,Group A,137440,ASTRAL,138812,Noir Verse,138812,,,,,,,,ASTRAL,ASTRAL,138812,Noir Verse,loss,0,,
90,paper_v1,value_3pp,2026-07-27T01:15:23+00:00,skipped_no_line,,,138419,,0.0,0.502498612919131,,,,,334,2026-07-26T21:15:39+00:00,cs2_strong4_v1,138419,0.502498612919131,0.497501387080869,win,2026-07-27T12:30:19+00:00,1596437,2026-07-27T11:10:00Z,2026-07-27T11:08:27Z,2026-07-27T11:48:33Z,finished,best_of,1,Urban Riga,Group A,138419,PURE,129370,Atputies,138419,,,,,,,,PURE,PURE,138419,PURE,win,0,,
91,paper_v1,value_3pp,2026-07-27T01:15:23+00:00,skipped_no_line,,,136659,,0.0,0.651255753800373,,,,,339,2026-07-26T21:15:39+00:00,cs2_strong4_v1,136659,0.651255753800373,0.34874424619962696,win,2026-07-27T13:00:30+00:00,1596474,2026-07-27T11:20:00Z,2026-07-27T11:19:48Z,2026-07-27T12:56:28Z,finished,best_of,3,CCT Europe,Group Stage,136659,SPARTA,128887,Honvéd,136659,,,,,,,,SPARTA,SPARTA,136659,SPARTA,win,0,,
92,paper_v1,value_3pp,2026-07-27T01:15:23+00:00,skipped_no_line,,,138848,,0.0,0.5436053002552437,,,,,344,2026-07-26T21:15:39+00:00,cs2_strong4_v1,138848,0.45639469974475627,0.5436053002552437,loss,2026-07-27T12:50:29+00:00,1600642,2026-07-27T11:10:00Z,2026-07-27T11:11:06Z,2026-07-27T12:45:14Z,finished,best_of,3,Thunderpick World Championship,Group C,133063,UNiTY esports,138848,Mai Tai,133063,,,,,,,,Mai Tai,Mai Tai,133063,UNiTY esports,loss,0,,
93,paper_v1,value_3pp,2026-07-27T01:15:23+00:00,skipped_no_value,MelBet,2026-07-26T21:15:17+00:00,138812,1.15,0.0,0.5896037920469999,0.8180379746835442,-0.22843418263654436,,,349,2026-07-26T21:15:40+00:00,cs2_strong4_v1,138812,0.5896037920469999,0.41039620795300014,loss,2026-07-27T13:30:30+00:00,1596438,2026-07-27T12:20:00Z,2026-07-27T12:22:13Z,2026-07-27T13:16:39Z,finished,best_of,1,Urban Riga,Group A,138812,Noir Verse,129370,Atputies,129370,,,,,,,,Noir Verse,Noir Verse,129370,Atputies,loss,0,,
94,paper_v1,value_3pp,2026-07-27T01:15:23+00:00,skipped_no_line,,,137440,,0.0,0.6596561407826393,,,,,354,2026-07-26T21:15:40+00:00,cs2_strong4_v1,137440,0.34034385921736066,0.6596561407826393,loss,2026-07-27T13:30:30+00:00,1596439,2026-07-27T12:20:00Z,2026-07-27T12:21:18Z,2026-07-27T12:44:13Z,finished,best_of,1,Urban Riga,Group A,138419,PURE,137440,ASTRAL,138419,,,,,,,,ASTRAL,ASTRAL,138419,PURE,loss,0,,
95,paper_v1,value_3pp,2026-07-27T01:15:23+00:00,skipped_no_line,,,137440,,0.0,0.6618964195379907,,,,,359,2026-07-26T21:15:40+00:00,cs2_strong4_v1,137440,0.6618964195379907,0.3381035804620093,win,2026-07-27T14:50:11+00:00,1596440,2026-07-27T13:30:00Z,2026-07-27T13:36:30Z,2026-07-27T14:11:53Z,finished,best_of,1,Urban Riga,Group A,137440,ASTRAL,129370,Atputies,137440,,,,,,,,ASTRAL,ASTRAL,137440,ASTRAL,win,0,,
96,paper_v1,value_3pp,2026-07-27T01:15:23+00:00,skipped_no_line,,,138812,,0.0,0.5871832552874093,,,,,364,2026-07-26T21:15:41+00:00,cs2_strong4_v1,138812,0.5871832552874093,0.41281674471259067,loss,2026-07-27T14:50:11+00:00,1596441,2026-07-27T13:40:00Z,2026-07-27T13:40:00Z,2026-07-27T14:34:07Z,finished,best_of,1,Urban Riga,Group A,138812,Noir Verse,138419,PURE,138419,,,,,,,,Noir Verse,Noir Verse,138419,PURE,loss,0,,
97,paper_v1,value_3pp,2026-07-27T01:15:23+00:00,skipped_no_line,,,129405,,0.0,0.6694043370250911,,,,,369,2026-07-26T21:15:41+00:00,cs2_strong4_v1,129405,0.33059566297490894,0.6694043370250911,loss,2026-07-27T15:50:10+00:00,1587541,2026-07-27T14:00:00Z,2026-07-27T14:04:01Z,2026-07-27T15:47:29Z,finished,best_of,3,CCT Europe,Group Stage,132927,Rune Eaters,129405,SAW Youngsters,132927,,,,,,,,SAW Youngsters,SAW Youngsters,132927,Rune Eaters,loss,0,,
98,paper_v1,value_3pp,2026-07-27T01:15:23+00:00,skipped_no_line,,,138974,,0.0,0.6235815509935879,,,,,374,2026-07-26T21:15:41+00:00,cs2_strong4_v1,138974,0.6235815509935879,0.3764184490064121,loss,2026-07-27T16:30:28+00:00,1596475,2026-07-27T14:15:00Z,2026-07-27T14:11:52Z,2026-07-27T16:26:05Z,finished,best_of,3,CCT Europe,Group Stage,138974,ex-RUSTEC,138101,Inner Circle Academy,138101,,,,,,,,ex-RUSTEC,ex-RUSTEC,138101,Inner Circle Academy,loss,0,,
99,paper_v1,value_3pp,2026-07-27T01:15:23+00:00,skipped_no_line,,,137075,,0.0,0.5276065208004204,,,,,379,2026-07-26T21:15:42+00:00,cs2_strong4_v1,137075,0.47239347919957964,0.5276065208004204,win,2026-07-27T17:00:29+00:00,1600646,2026-07-27T14:00:00Z,2026-07-27T14:12:08Z,2026-07-27T16:58:30Z,finished,best_of,3,Thunderpick World Championship,Group D,138963,Black Phoenix,137075,Misa Esports,137075,,,,,,,,Misa Esports,Misa Esports,137075,Misa Esports,win,0,,
100,paper_v1,value_3pp,2026-07-27T01:15:23+00:00,skipped_no_line,,,3288,,0.0,0.7622274695843075,,,,,384,2026-07-26T21:15:42+00:00,cs2_strong4_v1,3288,0.23777253041569246,0.7622274695843075,win,2026-07-27T15:00:29+00:00,1604879,2026-07-27T13:30:00Z,2026-07-27T13:36:17Z,2026-07-27T14:37:44Z,finished,best_of,3,CIS LAN Championship,Group B,138998,TokyoSavage,3288,Virtus.pro,3288,,,,,,,,Virtus.pro,Virtus.pro,3288,Virtus.pro,win,0,,
101,paper_v1,value_3pp,2026-07-27T01:15:23+00:00,skipped_no_value,MelBet,2026-07-26T21:15:17+00:00,135497,1.06,0.0,0.694284874662484,0.8823529411764706,-0.18806806651398655,,,389,2026-07-26T21:15:42+00:00,cs2_strong4_v1,135497,0.694284874662484,0.305715125337516,win,2026-07-27T15:50:10+00:00,1604880,2026-07-27T14:30:00Z,2026-07-27T14:27:29Z,2026-07-27T15:42:55Z,finished,best_of,3,CIS LAN Championship,Group B,135497,WW Team,138997,beznegativa,135497,,,,,,,,WW Team,WW Team,135497,WW Team,win,0,,
102,paper_v1,value_3pp,2026-07-27T01:15:23+00:00,skipped_no_line,,,126624,,0.0,0.7779779878768762,,,,,394,2026-07-26T21:15:43+00:00,cs2_strong4_v1,126624,0.7779779878768762,0.22202201212312378,win,2026-07-27T17:00:29+00:00,1596442,2026-07-27T15:30:00Z,2026-07-27T15:44:17Z,2026-07-27T16:20:59Z,finished,best_of,1,Urban Riga,Group B,126624,Brute,126491,NAVI Junior,126624,,,,,,,,Brute,Brute,126624,Brute,win,0,,
103,paper_v1,value_3pp,2026-07-27T01:15:23+00:00,skipped_no_value,MelBet,2026-07-26T21:15:17+00:00,129160,1.47,0.0,0.6208960929019133,0.6379310344827586,-0.017034941580845286,,,399,2026-07-26T21:15:43+00:00,cs2_strong4_v1,129160,0.6208960929019133,0.3791039070980867,win,2026-07-27T17:00:29+00:00,1596443,2026-07-27T15:30:00Z,2026-07-27T15:48:42Z,2026-07-27T16:25:38Z,finished,best_of,1,Urban Riga,Group B,129160,MOUZ NXT,138835,LEO,129160,,,,,,,,MOUZ NXT,MOUZ NXT,129160,MOUZ NXT,win,0,,
104,paper_v1,value_3pp,2026-07-27T01:15:23+00:00,win,MelBet,2026-07-26T21:15:17+00:00,126624,1.56,1000.0,0.6435289029780704,0.5992807603390701,0.04424814263900034,560.0,2026-07-27T18:10:30+00:00,404,2026-07-26T21:15:44+00:00,cs2_strong4_v1,126624,0.6435289029780704,0.3564710970219296,win,2026-07-27T18:10:29+00:00,1596444,2026-07-27T16:50:00Z,2026-07-27T16:49:06Z,2026-07-27T18:06:49Z,finished,best_of,1,Urban Riga,Group B,126624,Brute,129160,MOUZ NXT,126624,,,,,,,,Brute,Brute,126624,Brute,win,0,90529.0,91089.0
105,paper_v1,value_3pp,2026-07-27T01:15:41+00:00,skipped_no_line,,,138835,,0.0,0.5423618280664424,,,,,409,2026-07-26T21:15:44+00:00,cs2_strong4_v1,138835,0.4576381719335576,0.5423618280664424,loss,2026-07-27T18:00:14+00:00,1596445,2026-07-27T16:45:00Z,2026-07-27T16:47:52Z,2026-07-27T17:20:08Z,finished,best_of,1,Urban Riga,Group B,126491,NAVI Junior,138835,LEO,126491,,,,,,,,LEO,LEO,126491,NAVI Junior,loss,0,,
106,paper_v1,value_3pp,2026-07-27T01:15:41+00:00,skipped_no_line,,,137500,,0.0,0.6464743625550192,,,,,414,2026-07-26T21:15:44+00:00,cs2_strong4_v1,137500,0.6464743625550192,0.3535256374449808,loss,2026-07-27T19:10:29+00:00,1587542,2026-07-27T17:10:00Z,2026-07-27T17:10:41Z,2026-07-27T19:08:38Z,finished,best_of,3,CCT Europe,Group Stage,137500,CYBERSHOKE Prospects,128258,Entropy,128258,,,,,,,,CYBERSHOKE Prospects,CYBERSHOKE Prospects,128258,Entropy,loss,0,,
107,paper_v1,value_3pp,2026-07-27T01:15:41+00:00,skipped_no_line,,,138026,,0.0,0.6049447498775982,,,,,419,2026-07-26T21:15:45+00:00,cs2_strong4_v1,138026,0.6049447498775982,0.39505525012240184,loss,2026-07-27T19:50:10+00:00,1596476,2026-07-27T17:10:00Z,2026-07-27T17:15:39Z,2026-07-27T19:42:07Z,finished,best_of,3,CCT Europe,Group Stage,138026,Atreides,138848,Mai Tai,138848,,,,,,,,Atreides,Atreides,138848,Mai Tai,loss,0,,
108,paper_v1,value_3pp,2026-07-27T01:15:41+00:00,skipped_no_line,,,137701,,0.0,0.5969844816087834,,,,,424,2026-07-26T21:15:45+00:00,cs2_strong4_v1,137701,0.5969844816087834,0.40301551839121663,loss,2026-07-27T19:40:10+00:00,1600647,2026-07-27T17:15:00Z,2026-07-27T17:14:12Z,2026-07-27T19:34:52Z,finished,best_of,3,Thunderpick World Championship,Group D,137701,Bebop,137508,Falcons Force,137508,,,,,,,,Bebop,Bebop,137508,Falcons Force,loss,0,,
109,paper_v1,value_3pp,2026-07-27T01:15:41+00:00,skipped_no_line,,,138796,,0.0,0.5640166517383107,,,,,429,2026-07-26T21:15:45+00:00,cs2_strong4_v1,138796,0.4359833482616893,0.5640166517383107,loss,2026-07-27T21:01:09+00:00,1600651,2026-07-27T18:10:00Z,2026-07-27T18:15:16Z,2026-07-27T21:00:10Z,finished,best_of,3,Gamers Club Liga Série A,Group D,138939,Rush,138796,HATERS,138939,,,,,,,,HATERS,HATERS,138939,Rush,loss,0,,
110,paper_v1,value_3pp,2026-07-27T01:15:41+00:00,skipped_no_line,,,129160,,0.0,0.6599806347937314,,,,,434,2026-07-26T21:15:46+00:00,cs2_strong4_v1,129160,0.3400193652062686,0.6599806347937314,loss,2026-07-27T19:30:29+00:00,1596446,2026-07-27T18:55:00Z,2026-07-27T18:56:20Z,2026-07-27T19:30:11Z,finished,best_of,1,Urban Riga,Group B,126491,NAVI Junior,129160,MOUZ NXT,126491,,,,,,,,MOUZ NXT,MOUZ NXT,126491,NAVI Junior,loss,0,,
111,paper_v1,value_3pp,2026-07-27T01:15:41+00:00,win,MelBet,2026-07-26T21:15:17+00:00,126624,1.34,1000.0,0.7472628905025969,0.7012263099219621,0.046036580580634756,340.00000000000006,2026-07-27T19:50:10+00:00,439,2026-07-26T21:15:46+00:00,cs2_strong4_v1,126624,0.7472628905025969,0.25273710949740313,win,2026-07-27T19:50:10+00:00,1596447,2026-07-27T18:55:00Z,2026-07-27T18:56:22Z,2026-07-27T19:44:37Z,finished,best_of,1,Urban Riga,Group B,126624,Brute,138835,LEO,126624,,,,,,,,Brute,Brute,126624,Brute,win,0,91089.0,91429.0
112,paper_v1,value_3pp,2026-07-27T01:15:51+00:00,skipped_no_value,MelBet,2026-07-26T21:15:17+00:00,131253,1.26,0.0,0.7414916555041636,0.7372262773722629,0.004265378131900754,,,444,2026-07-26T21:15:46+00:00,cs2_strong4_v1,131253,0.7414916555041636,0.2585083444958364,win,2026-07-27T21:41:10+00:00,1602200,2026-07-27T19:15:00Z,2026-07-27T19:22:19Z,2026-07-27T21:33:25Z,finished,best_of,3,Gamers Club Liga Série A,Group D,131253,ODDIK,131849,paiN Academy,131253,,,,,,,,ODDIK,ODDIK,131253,ODDIK,win,0,,
113,paper_v1,value_3pp,2026-07-27T01:15:51+00:00,skipped_no_value,MelBet,2026-07-26T21:15:17+00:00,135743,1.24,0.0,0.6420100587059503,0.7492416582406471,-0.10723159953469685,,,449,2026-07-26T21:15:47+00:00,cs2_strong4_v1,135743,0.6420100587059503,0.3579899412940497,win,2026-07-27T21:41:10+00:00,1601544,2026-07-27T20:10:00Z,2026-07-27T20:14:00Z,2026-07-27T21:40:45Z,finished,best_of,3,Gamers Club Liga Série A,Group C,135743,BESTIA Academy,138686,Hunters Rising,135743,,,,,,,,BESTIA Academy,BESTIA Academy,135743,BESTIA Academy,win,0,,
114,paper_v1,value_3pp,2026-07-27T21:44:31+00:00,skipped_no_line,,,138940,,0.0,0.5791798876878804,,,,,454,2026-07-27T21:44:16+00:00,cs2_strong4_v1,138940,0.5791798876878804,0.4208201123121196,loss,2026-07-28T00:20:54+00:00,1599728,2026-07-27T22:45:00Z,2026-07-27T22:42:57Z,2026-07-27T23:58:39Z,finished,best_of,3,Gamers Club Liga Série A,Group C,138940,???,138886,BORRACHEIROS,138886,,,,,,,,???,???,138886,BORRACHEIROS,loss,0,,
115,paper_v1,value_3pp,2026-07-27T21:44:31+00:00,skipped_no_value,MelBet,2026-07-27T21:43:50+00:00,124522,1.12,0.0,0.7966660830079125,0.8369723435225619,-0.04030626051464936,,,459,2026-07-27T21:44:17+00:00,cs2_strong4_v1,124522,0.7966660830079125,0.20333391699208747,win,2026-07-28T08:20:47+00:00,1604924,2026-07-28T06:10:00Z,2026-07-28T06:16:05Z,2026-07-28T08:13:57Z,finished,best_of,3,CIS LAN Championship,Group C,124522,Nemiga,139000,K28,124522,,,,,,,,Nemiga,Nemiga,124522,Nemiga,win,0,,
116,paper_v1,value_3pp,2026-07-27T21:44:31+00:00,skipped_no_line,,,138370,,0.0,0.7869121613658322,,,,,464,2026-07-27T21:44:17+00:00,cs2_strong4_v1,138370,0.7869121613658322,0.2130878386341678,win,2026-07-28T07:30:27+00:00,1604925,2026-07-28T06:00:00Z,2026-07-28T06:08:40Z,2026-07-28T07:05:03Z,finished,best_of,3,CIS LAN Championship,Group C,138370,Lavked,138999,FIN E-SPORT,138370,,,,,,,,Lavked,Lavked,138370,Lavked,win,0,,
117,paper_v1,value_3pp,2026-07-27T21:44:31+00:00,skipped_no_line,,,137708,,0.0,0.5237706635380022,,,,,469,2026-07-27T21:44:17+00:00,cs2_strong4_v1,137708,0.5237706635380022,0.47622933646199783,win,2026-07-28T10:40:43+00:00,1582167,2026-07-28T08:20:00Z,2026-07-28T08:21:39Z,2026-07-28T10:33:39Z,finished,best_of,3,NODWIN Clutch Series,Group Stage,137708,BET-M 33,128887,Honvéd,137708,,,,,,,,BET-M 33,BET-M 33,137708,BET-M 33,win,0,,
118,paper_v1,value_3pp,2026-07-27T21:44:31+00:00,loss,MelBet,2026-07-27T21:43:50+00:00,135227,1.97,1000.0,0.7285344811712341,0.46438281674823273,0.26415166442300136,-1000.0,2026-07-28T11:00:17+00:00,474,2026-07-27T21:44:18+00:00,cs2_strong4_v1,135227,0.2714655188287659,0.7285344811712341,loss,2026-07-28T11:00:16+00:00,1596477,2026-07-28T08:10:00Z,2026-07-28T08:10:31Z,2026-07-28T10:54:35Z,finished,best_of,3,CCT Europe,Group Stage,138963,Black Phoenix,135227,ENJOY,138963,,,,,,,,ENJOY,ENJOY,138963,Black Phoenix,loss,0,91429.0,90429.0
119,paper_v1,value_3pp,2026-07-27T21:44:37+00:00,skipped_no_line,,,128258,,0.0,0.5722959788028567,,,,,479,2026-07-27T21:44:18+00:00,cs2_strong4_v1,128258,0.5722959788028567,0.42770402119714335,win,2026-07-28T09:50:29+00:00,1600643,2026-07-28T08:10:00Z,2026-07-28T08:10:14Z,2026-07-28T09:47:54Z,finished,best_of,3,Thunderpick World Championship,Group C,128258,Entropy,138848,Mai Tai,128258,,,,,,,,Entropy,Entropy,128258,Entropy,win,0,,
120,paper_v1,value_3pp,2026-07-27T21:44:37+00:00,skipped_no_line,,,137440,,0.0,0.6383647118127418,,,,,484,2026-07-27T21:44:18+00:00,cs2_strong4_v1,137440,0.6383647118127418,0.3616352881872582,win,2026-07-28T12:30:31+00:00,1596448,2026-07-28T10:20:00Z,2026-07-28T10:19:59Z,2026-07-28T12:21:08Z,finished,best_of,3,Urban Riga,Playoffs,137440,ASTRAL,126491,NAVI Junior,137440,,,,,,,,ASTRAL,ASTRAL,137440,ASTRAL,win,0,,
121,paper_v1,value_3pp,2026-07-27T21:44:37+00:00,loss,MelBet,2026-07-27T21:43:50+00:00,138812,2.387,1000.0,0.5101666756201588,0.3937007874015748,0.116465888218584,-1000.0,2026-07-28T12:00:30+00:00,489,2026-07-27T21:44:19+00:00,cs2_strong4_v1,138812,0.5101666756201588,0.4898333243798412,loss,2026-07-28T12:00:29+00:00,1596449,2026-07-28T10:10:00Z,2026-07-28T10:08:19Z,2026-07-28T11:52:23Z,finished,best_of,3,Urban Riga,Playoffs,138812,Noir Verse,129160,MOUZ NXT,129160,,,,,,,,Noir Verse,Noir Verse,129160,MOUZ NXT,loss,0,90429.0,89429.0
122,paper_v1,value_3pp,2026-07-27T21:44:42+00:00,win,MelBet,2026-07-27T21:43:50+00:00,138975,1.92,1000.0,0.5316136715193478,0.4866310160427808,0.04498265547656699,919.9999999999999,2026-07-28T12:50:13+00:00,494,2026-07-27T21:44:19+00:00,cs2_strong4_v1,138975,0.5316136715193478,0.4683863284806522,win,2026-07-28T12:50:12+00:00,1582168,2026-07-28T11:00:00Z,2026-07-28T11:12:11Z,2026-07-28T12:41:07Z,finished,best_of,3,NODWIN Clutch Series,Group Stage,138975,Butterfly,135321,G2 Ares,138975,,,,,,,,Butterfly,Butterfly,138975,Butterfly,win,0,89429.0,90349.0
123,paper_v1,value_3pp,2026-07-27T21:44:49+00:00,win,MelBet,2026-07-27T21:43:50+00:00,138974,2.379,1000.0,0.5175485704041914,0.38463528194516294,0.1329132884590285,1379.0,2026-07-28T13:40:29+00:00,499,2026-07-27T21:44:20+00:00,cs2_strong4_v1,138974,0.48245142959580856,0.5175485704041914,win,2026-07-28T13:40:28+00:00,1587544,2026-07-28T11:00:00Z,2026-07-28T11:06:54Z,2026-07-28T13:35:25Z,finished,best_of,3,CCT Europe,Group Stage,138026,Atreides,138974,ex-RUSTEC,138974,,,,,,,,ex-RUSTEC,ex-RUSTEC,138974,ex-RUSTEC,win,0,90349.0,91728.0
124,paper_v1,value_3pp,2026-07-27T21:45:12+00:00,skipped_no_line,,,138777,,0.0,0.576966572852724,,,,,504,2026-07-27T21:44:20+00:00,cs2_strong4_v1,138777,0.42303342714727593,0.576966572852724,loss,2026-07-28T13:10:10+00:00,1596478,2026-07-28T11:10:00Z,2026-07-28T11:11:50Z,2026-07-28T13:03:51Z,finished,best_of,3,CCT Europe,Group Stage,132927,Rune Eaters,138777,ex-MANA eSports,132927,,,,,,,,ex-MANA eSports,ex-MANA eSports,132927,Rune Eaters,loss,0,,
125,paper_v1,value_3pp,2026-07-27T21:45:12+00:00,skipped_no_line,,,137701,,0.0,0.5894246676734971,,,,,509,2026-07-27T21:44:20+00:00,cs2_strong4_v1,137701,0.41057533232650295,0.5894246676734971,win,2026-07-28T13:50:35+00:00,1600648,2026-07-28T11:00:00Z,2026-07-28T11:12:17Z,2026-07-28T13:48:06Z,finished,best_of,3,Thunderpick World Championship,Group D,138963,Black Phoenix,137701,Bebop,137701,,,,,,,,Bebop,Bebop,137701,Bebop,win,0,,
126,paper_v1,value_3pp,2026-07-27T21:45:12+00:00,skipped_no_line,,,137500,,0.0,0.560043778000655,,,,,514,2026-07-27T21:44:21+00:00,cs2_strong4_v1,137500,0.560043778000655,0.43995622199934503,loss,2026-07-28T16:00:30+00:00,1582169,2026-07-28T14:20:00Z,2026-07-28T14:20:25Z,2026-07-28T15:58:12Z,finished,best_of,3,NODWIN Clutch Series,Group Stage,136560,Phantom,134405,Vexar,136560,,,,,,,,,,136560,Phantom,loss,0,,
127,paper_v1,value_3pp,2026-07-27T21:45:12+00:00,skipped_no_value,MelBet,2026-07-27T21:43:50+00:00,138975,1.733,0.0,0.5513147290602344,0.5279215472623263,0.023393181797908058,,,519,2026-07-27T21:44:21+00:00,cs2_strong4_v1,138975,0.5513147290602344,0.4486852709397656,win,2026-07-28T15:50:30+00:00,1587546,2026-07-28T14:00:00Z,2026-07-28T14:05:35Z,2026-07-28T15:40:54Z,finished,best_of,3,CCT Europe,Group Stage,138975,Butterfly,138406,Just Players,138975,,,,,,,,Butterfly,Butterfly,138975,Butterfly,win,0,,
128,paper_v1,value_3pp,2026-07-27T21:45:12+00:00,skipped_no_value,MelBet,2026-07-27T21:43:50+00:00,128519,1.133,0.0,0.5999925506930688,0.8074111847696753,-0.20741863407660655,,,524,2026-07-27T21:44:21+00:00,cs2_strong4_v1,128519,0.5999925506930688,0.4000074493069312,loss,2026-07-28T16:30:15+00:00,1596479,2026-07-28T14:15:00Z,2026-07-28T14:12:14Z,2026-07-28T16:21:31Z,finished,best_of,3,CCT Europe,Group Stage,128519,GenOne,138650,NEW VISION,138650,,,,,,,,GenOne,GenOne,138650,NEW VISION,loss,0,,
129,paper_v1,value_3pp,2026-07-27T21:45:12+00:00,win,MelBet,2026-07-27T21:43:50+00:00,138974,1.55,1000.0,0.6418962846364915,0.6062992125984252,0.03559707203806628,550.0,2026-07-28T16:50:17+00:00,529,2026-07-27T21:44:22+00:00,cs2_strong4_v1,138974,0.6418962846364915,0.3581037153635085,win,2026-07-28T16:50:16+00:00,1600644,2026-07-28T14:00:00Z,2026-07-28T14:04:50Z,2026-07-28T16:44:34Z,finished,best_of,3,Thunderpick World Championship,Group C,138974,ex-RUSTEC,133063,UNiTY esports,138974,,,,,,,,ex-RUSTEC,ex-RUSTEC,138974,ex-RUSTEC,win,0,90728.0,91278.0
130,paper_v1,value_3pp,2026-07-27T21:45:29+00:00,skipped_no_value,MelBet,2026-07-27T21:43:50+00:00,3250,1.32,0.0,0.5757166220804083,0.7086092715231788,-0.13289264944277046,,,534,2026-07-27T21:44:22+00:00,cs2_strong4_v1,3250,0.5757166220804083,0.4242833779195917,win,2026-07-28T17:10:28+00:00,1596521,2026-07-28T15:00:00Z,2026-07-28T15:02:00Z,2026-07-28T17:05:26Z,finished,best_of,3,StarLadder StarSeries,Playoffs,3250,MIBR,137992,Fluxo W7M,3250,,,,,,,,MIBR,MIBR,3250,MIBR,win,0,,
131,paper_v1,value_3pp,2026-07-27T21:45:29+00:00,loss,MelBet,2026-07-27T21:43:50+00:00,137948,1.08,1000.0,0.9312596085466444,0.8671586715867159,0.06410093695992847,-1000.0,2026-07-28T16:30:16+00:00,539,2026-07-27T21:44:22+00:00,cs2_strong4_v1,137948,0.9312596085466444,0.06874039145335564,loss,2026-07-28T16:30:15+00:00,1605008,2026-07-28T13:40:00Z,2026-07-28T13:48:58Z,2026-07-28T16:28:04Z,finished,best_of,3,CIS LAN Championship,Group D,137948,TDK,130794,BakS eSports,130794,,,,,,,,TDK,TDK,130794,BakS eSports,loss,0,91728.0,90728.0
132,paper_v1,value_3pp,2026-07-27T21:45:45+00:00,skipped_no_line,,,137708,,0.0,0.5517916057634458,,,,,544,2026-07-27T21:44:23+00:00,cs2_strong4_v1,137708,0.5517916057634458,0.44820839423655423,win,2026-07-28T15:40:30+00:00,1605009,2026-07-28T14:00:00Z,2026-07-28T14:04:13Z,2026-07-28T15:33:34Z,finished,best_of,3,CIS LAN Championship,Group D,137708,BET-M 33,139001,High-Tech Xtreme,137708,,,,,,,,BET-M 33,BET-M 33,137708,BET-M 33,win,0,,
133,paper_v1,value_3pp,2026-07-27T21:45:45+00:00,loss,MelBet,2026-07-27T21:43:50+00:00,138676,2.279,1000.0,0.5148761401501468,0.4078981553650299,0.10697798478511694,-1000.0,2026-07-28T17:10:29+00:00,549,2026-07-27T21:44:23+00:00,cs2_strong4_v1,138676,0.4851238598498532,0.5148761401501468,loss,2026-07-28T17:10:28+00:00,1607762,2026-07-28T15:30:00Z,2026-07-28T15:35:05Z,2026-07-28T17:01:37Z,finished,best_of,3,CCT Europe,Playoffs,139002,sleepers,138676,A Great Chaos,139002,,,,,,,,A Great Chaos,A Great Chaos,139002,sleepers,loss,0,91278.0,90278.0
134,paper_v1,value_3pp,2026-07-27T21:46:12+00:00,skipped_no_line,,,139005,,0.0,0.5500180543780254,,,,,554,2026-07-27T21:44:23+00:00,cs2_strong4_v1,139005,0.5500180543780254,0.4499819456219746,loss,2026-07-28T17:10:28+00:00,1607764,2026-07-28T15:30:00Z,2026-07-28T15:39:10Z,2026-07-28T17:03:22Z,finished,best_of,3,CCT Europe,Playoffs,139005,Gothboiclique,138897,TrafficPills Esports,138897,,,,,,,,Gothboiclique,Gothboiclique,138897,TrafficPills Esports,loss,0,,
135,paper_v1,value_3pp,2026-07-27T21:46:12+00:00,loss,MelBet,2026-07-27T21:43:50+00:00,138370,2.01,1000.0,0.5459564466355076,0.4654255319148936,0.08053091472061397,-1000.0,2026-07-28T18:40:30+00:00,559,2026-07-27T21:44:24+00:00,cs2_strong4_v1,138370,0.45404355336449237,0.5459564466355076,loss,2026-07-28T18:40:29+00:00,1582170,2026-07-28T17:00:00Z,2026-07-28T17:09:17Z,2026-07-28T18:36:29Z,finished,best_of,3,NODWIN Clutch Series,Group Stage,137500,CYBERSHOKE Prospects,138370,Lavked,137500,,,,,,,,Lavked,Lavked,137500,CYBERSHOKE Prospects,loss,0,90278.0,89278.0
136,paper_v1,value_3pp,2026-07-27T21:46:25+00:00,skipped_no_line,,,135981,,0.0,0.5817732847576517,,,,,564,2026-07-27T21:44:24+00:00,cs2_strong4_v1,135981,0.5817732847576517,0.41822671524234833,win,2026-07-28T18:30:29+00:00,1586798,2026-07-28T17:00:00Z,,,canceled,best_of,1,ESEA,Regular Season,135981,Donstu Esports,138646,OKSUCC,135981,,,,,,,,Donstu Esports,Donstu Esports,135981,Donstu Esports,win,0,,
137,paper_v1,value_3pp,2026-07-27T21:46:25+00:00,skipped_no_value,MelBet,2026-07-27T21:43:50+00:00,136659,1.643,0.0,0.5047288454024021,0.5567844618289722,-0.052055616426570084,,,569,2026-07-27T21:44:24+00:00,cs2_strong4_v1,136659,0.5047288454024021,0.49527115459759785,win,2026-07-28T20:00:29+00:00,1587547,2026-07-28T17:00:00Z,2026-07-28T17:09:16Z,2026-07-28T19:58:24Z,finished,best_of,3,CCT Europe,Group Stage,136659,SPARTA,135321,G2 Ares,136659,,,,,,,,SPARTA,SPARTA,136659,SPARTA,win,0,,
138,paper_v1,value_3pp,2026-07-27T21:46:25+00:00,loss,MelBet,2026-07-27T21:43:50+00:00,127837,2.44,1000.0,0.5099817822617783,0.37500000000000006,0.1349817822617782,-1000.0,2026-07-28T20:30:29+00:00,574,2026-07-27T21:44:25+00:00,cs2_strong4_v1,127837,0.5099817822617783,0.49001821773822174,loss,2026-07-28T20:30:29+00:00,1596480,2026-07-28T17:00:00Z,2026-07-28T17:09:23Z,2026-07-28T20:22:06Z,finished,best_of,3,CCT Europe,Group Stage,127837,los kogutos,133063,UNiTY esports,133063,,,,,,,,los kogutos,los kogutos,133063,UNiTY esports,loss,0,89278.0,88278.0
139,paper_v1,value_3pp,2026-07-27T21:46:52+00:00,skipped_no_line,,,137075,,0.0,0.5127418750387497,,,,,579,2026-07-27T21:44:25+00:00,cs2_strong4_v1,137075,0.5127418750387497,0.4872581249612503,loss,2026-07-28T18:50:29+00:00,1600649,2026-07-28T17:00:00Z,2026-07-28T17:09:17Z,2026-07-28T18:48:37Z,finished,best_of,3,Thunderpick World Championship,Group D,137075,Misa Esports,137508,Falcons Force,137508,,,,,,,,Misa Esports,Misa Esports,137508,Falcons Force,loss,0,,
140,paper_v1,value_3pp,2026-07-27T21:46:52+00:00,skipped_no_value,MelBet,2026-07-27T21:43:50+00:00,131848,1.77,0.0,0.5111652087350834,0.5329815303430079,-0.02181632160792446,,,584,2026-07-27T21:44:26+00:00,cs2_strong4_v1,131848,0.4888347912649166,0.5111652087350834,win,2026-07-28T21:11:10+00:00,1603924,2026-07-28T18:00:00Z,2026-07-28T18:06:10Z,2026-07-28T21:00:42Z,finished,best_of,3,StarLadder StarSeries,Playoffs,133326,Bounty Hunters Esports,131848,largadosypelados,131848,,,,,,,,largadosypelados,largadosypelados,131848,largadosypelados,win,0,,
141,paper_v1,value_3pp,2026-07-27T21:46:52+00:00,skipped_no_line,,,128766,,0.0,0.5745564691433365,,,,,589,2026-07-27T21:44:26+00:00,cs2_strong4_v1,128766,0.42544353085666353,0.5745564691433365,win,2026-07-28T19:50:11+00:00,1607759,2026-07-28T18:15:00Z,2026-07-28T18:25:31Z,2026-07-28T19:48:18Z,finished,best_of,3,CCT Europe,Playoffs,139004,GameSport,128766,Spirit Academy,128766,,,,,,,,Spirit Academy,Spirit Academy,128766,Spirit Academy,win,0,,
142,paper_v1,value_3pp,2026-07-27T21:46:52+00:00,win,MelBet,2026-07-27T21:43:50+00:00,137581,2.142,1000.0,0.6220736190558307,0.435126582278481,0.1869470367773497,1142.0,2026-07-28T20:30:29+00:00,594,2026-07-27T21:44:26+00:00,cs2_strong4_v1,137581,0.37792638094416925,0.6220736190558307,win,2026-07-28T20:30:29+00:00,1607760,2026-07-28T18:15:00Z,2026-07-28T18:24:40Z,2026-07-28T20:26:07Z,finished,best_of,3,CCT Europe,Playoffs,133125,Aurora Young Blood,137581,Young TigeRES,137581,,,,,,,,Young TigeRES,Young TigeRES,137581,Young TigeRES,win,0,88278.0,89420.0
143,paper_v1,value_3pp,2026-07-27T21:47:08+00:00,loss,MelBet,2026-07-27T21:43:50+00:00,138716,7.95,1000.0,0.5130690029354423,0.11764705882352941,0.3954219441119129,-1000.0,2026-07-28T21:11:10+00:00,599,2026-07-27T21:44:27+00:00,cs2_strong4_v1,138716,0.48693099706455767,0.5130690029354423,loss,2026-07-28T21:11:10+00:00,1596575,2026-07-28T19:00:00Z,2026-07-28T19:07:42Z,2026-07-28T21:01:17Z,finished,best_of,3,StarLadder StarSeries,Playoffs,3256,NRG,138716,Iowa Stormboar,3256,,,,,,,,Iowa Stormboar,Iowa Stormboar,3256,NRG,loss,0,89420.0,88420.0
144,paper_v1,value_3pp,2026-07-27T21:47:12+00:00,skipped_no_line,,,135505,,0.0,0.8386681318863305,,,,,604,2026-07-27T21:44:27+00:00,cs2_strong4_v1,135505,0.8386681318863305,0.1613318681136695,loss,2026-07-28T22:40:57+00:00,1605632,2026-07-28T19:15:00Z,2026-07-28T19:14:22Z,2026-07-28T22:32:17Z,finished,best_of,3,Gamers Club Liga Série A,Group B,135505,RED Canids Academy,138942,Grêmio Esports,138942,,,,,,,,RED Canids Academy,RED Canids Academy,138942,Grêmio Esports,loss,0,,
145,paper_v1,value_3pp,2026-07-27T21:47:12+00:00,skipped_no_value,MelBet,2026-07-27T21:43:50+00:00,126377,1.49,0.0,0.594616815088909,0.6318260439831973,-0.03720922889428835,,,609,2026-07-27T21:44:27+00:00,cs2_strong4_v1,126377,0.594616815088909,0.40538318491109104,win,2026-07-28T23:50:18+00:00,1596524,2026-07-28T21:20:00Z,2026-07-28T21:23:49Z,2026-07-28T23:48:41Z,finished,best_of,3,StarLadder StarSeries,Playoffs,126377,Imperial,132800,BESTIA,126377,,,,,,,,Imperial,Imperial,126377,Imperial,win,0,,
146,paper_v1,value_3pp,2026-07-27T21:47:12+00:00,skipped_no_value,MelBet,2026-07-27T21:43:50+00:00,138276,1.35,0.0,0.6565970854762521,0.688005546568061,-0.03140846109180895,,,614,2026-07-27T21:44:28+00:00,cs2_strong4_v1,138276,0.6565970854762521,0.34340291452374794,loss,2026-07-29T01:00:28+00:00,1601543,2026-07-28T21:30:00Z,2026-07-28T21:26:05Z,2026-07-29T00:50:47Z,finished,best_of,3,Gamers Club Liga Série A,Group A,138276,ALKA GAMING,138524,QUINTESSÊNCIA,138524,,,,,,,,ALKA GAMING,ALKA GAMING,138524,QUINTESSÊNCIA,loss,0,,
147,paper_v1,value_3pp,2026-07-27T22:13:32+00:00,skipped_no_line,,,139009,,0.0,0.623417446883327,,,,,619,2026-07-27T22:13:25+00:00,cs2_strong4_v1,139009,0.623417446883327,0.376582553116673,win,2026-07-28T17:00:22+00:00,1608762,2026-07-28T15:30:00Z,2026-07-28T15:38:32Z,2026-07-28T16:36:31Z,finished,best_of,1,ESEA,Regular Season,139009,LFO UKRAINE,138729,DNK,139009,,,,,,,,LFO UKRAINE,LFO UKRAINE,139009,LFO UKRAINE,win,0,,
148,paper_v1,value_3pp,2026-07-27T22:13:32+00:00,win,MelBet,2026-07-27T22:12:53+00:00,136318,1.66,1000.0,0.6237661410584017,0.5651034844118418,0.058662656646559896,659.9999999999999,2026-07-28T23:50:19+00:00,624,2026-07-27T22:13:30+00:00,cs2_strong4_v1,136318,0.37623385894159833,0.6237661410584017,win,2026-07-28T23:50:18+00:00,1596576,2026-07-28T22:00:00Z,2026-07-28T22:06:46Z,2026-07-28T23:43:23Z,finished,best_of,3,StarLadder StarSeries,Playoffs,132366,LAG Gaming,136318,Marsborne,136318,5,5,@metascope_ai,29,2026-07-27T22:54:57+00:00,37,2026-07-29T22:08:33+00:00,Marsborne,Marsborne,136318,Marsborne,win,1,88420.0,89080.0
149,paper_v1,value_3pp,2026-07-28T21:15:48+00:00,skipped_no_value,MelBet,2026-07-28T21:15:16+00:00,137510,1.3,0.0,0.5279028460182547,0.7201291711517761,-0.19222632513352145,,,629,2026-07-28T21:15:39+00:00,cs2_strong4_v1,137510,0.4720971539817453,0.5279028460182547,win,2026-07-29T02:40:28+00:00,1596578,2026-07-29T01:15:00Z,2026-07-29T01:15:28Z,2026-07-29T02:33:36Z,finished,best_of,3,StarLadder StarSeries,Playoffs,133997,regain,137510,Voca,137510,,,,,,,,Voca,Voca,137510,Voca,win,0,,
150,paper_v1,value_3pp,2026-07-28T21:15:48+00:00,skipped_no_line,,,134405,,0.0,0.5760781784902038,,,,,634,2026-07-28T21:15:40+00:00,cs2_strong4_v1,134405,0.4239218215097962,0.5760781784902038,win,2026-07-29T10:40:28+00:00,1582171,2026-07-29T08:00:00Z,2026-07-29T08:06:52Z,2026-07-29T10:39:38Z,finished,best_of,3,NODWIN Clutch Series,Group Stage,137708,BET-M 33,134405,Vexar,134405,,,,,,,,Vexar,Vexar,134405,Vexar,win,0,,
151,paper_v1,value_3pp,2026-07-28T21:15:48+00:00,skipped_no_line,,,138777,,0.0,0.5253744783401513,,,,,639,2026-07-28T21:15:40+00:00,cs2_strong4_v1,138777,0.4746255216598487,0.5253744783401513,loss,2026-07-29T09:40:39+00:00,1596481,2026-07-29T08:00:00Z,2026-07-29T08:07:21Z,2026-07-29T09:35:31Z,finished,best_of,3,CCT Europe,Group Stage,127837,los kogutos,138777,ex-MANA eSports,127837,,,,,,,,ex-MANA eSports,ex-MANA eSports,127837,los kogutos,loss,0,,
152,paper_v1,value_3pp,2026-07-28T21:15:48+00:00,skipped_no_value,MelBet,2026-07-28T21:15:16+00:00,137861,1.05,0.0,0.6801956609870945,0.8771929824561404,-0.19699732146904592,,,644,2026-07-28T21:15:40+00:00,cs2_strong4_v1,137861,0.31980433901290545,0.6801956609870945,win,2026-07-29T09:40:39+00:00,1600635,2026-07-29T08:00:00Z,2026-07-29T08:03:43Z,2026-07-29T09:32:39Z,finished,best_of,3,Thunderpick World Championship,Group A,137953,Fortress,137861,STATE,137861,,,,,,,,STATE,STATE,137861,STATE,win,0,,
153,paper_v1,value_3pp,2026-07-28T21:15:48+00:00,win,MelBet,2026-07-28T21:15:16+00:00,138660,2.366,1000.0,0.732192596740347,0.3927104722792608,0.33948212446108617,1366.0,2026-07-29T10:30:29+00:00,649,2026-07-28T21:15:41+00:00,cs2_strong4_v1,138660,0.267807403259653,0.732192596740347,win,2026-07-29T10:30:28+00:00,1608566,2026-07-29T08:10:00Z,2026-07-29T08:13:45Z,2026-07-29T10:30:19Z,finished,best_of,3,United21,Group A,139013,Teletubisie,138660,WRAITH PCIFIC,138660,6,6,@metascope_ai,32,2026-07-28T21:16:42+00:00,38,2026-07-29T22:08:33+00:00,WRAITH PCIFIC,WRAITH PCIFIC,138660,WRAITH PCIFIC,win,1,89080.0,90446.0
154,paper_v1,value_3pp,2026-07-28T21:15:52+00:00,skipped_no_value,MelBet,2026-07-28T21:15:16+00:00,135474,1.17,0.0,0.7502313127176483,0.7947368421052632,-0.04450552938761487,,,654,2026-07-28T21:15:41+00:00,cs2_strong4_v1,135474,0.24976868728235166,0.7502313127176483,win,2026-07-29T13:10:10+00:00,1608567,2026-07-29T11:00:00Z,2026-07-29T11:03:41Z,2026-07-29T13:01:42Z,finished,best_of,3,United21,Group A,136593,Sangal ALTERS,135474,Fire Flux Esports,135474,,,,,,,,Fire Flux Esports,Fire Flux Esports,135474,Fire Flux Esports,win,0,,
155,paper_v1,value_3pp,2026-07-28T21:15:52+00:00,win,MelBet,2026-07-28T21:15:16+00:00,138974,2.099,1000.0,0.5111372947353171,0.44748618057383516,0.06365111416148195,1099.0000000000002,2026-07-29T12:50:30+00:00,659,2026-07-28T21:15:41+00:00,cs2_strong4_v1,138974,0.5111372947353171,0.4888627052646829,win,2026-07-29T12:50:29+00:00,1582172,2026-07-29T11:00:00Z,2026-07-29T11:07:59Z,2026-07-29T12:44:11Z,finished,best_of,3,NODWIN Clutch Series,Group Stage,138974,ex-RUSTEC,135321,G2 Ares,138974,,,,,,,,ex-RUSTEC,ex-RUSTEC,138974,ex-RUSTEC,win,0,90446.0,91545.0
156,paper_v1,value_3pp,2026-07-28T21:16:16+00:00,skipped_no_line,,,128258,,0.0,0.6514076603261281,,,,,664,2026-07-28T21:15:42+00:00,cs2_strong4_v1,128258,0.348592339673872,0.6514076603261281,loss,2026-07-29T13:20:19+00:00,1587549,2026-07-29T11:10:00Z,2026-07-29T11:10:31Z,2026-07-29T13:18:22Z,finished,best_of,3,CCT Europe,Group Stage,138963,Black Phoenix,128258,Entropy,138963,,,,,,,,Entropy,Entropy,138963,Black Phoenix,loss,0,,
157,paper_v1,value_3pp,2026-07-28T21:16:16+00:00,skipped_no_line,,,138026,,0.0,0.5467516274864453,,,,,669,2026-07-28T21:15:42+00:00,cs2_strong4_v1,138026,0.5467516274864453,0.45324837251355465,loss,2026-07-29T12:30:29+00:00,1596482,2026-07-29T11:00:00Z,,,canceled,best_of,3,CCT Europe,Group Stage,138026,Atreides,135227,ENJOY,135227,,,,,,,,Atreides,Atreides,135227,ENJOY,loss,0,,
158,paper_v1,value_3pp,2026-07-28T21:16:16+00:00,skipped_no_line,,,138777,,0.0,0.5253744783401513,,,,,674,2026-07-28T21:15:42+00:00,cs2_strong4_v1,138777,0.5253744783401513,0.4746255216598487,loss,2026-07-29T13:20:19+00:00,1600640,2026-07-29T11:10:00Z,2026-07-29T11:12:24Z,2026-07-29T13:18:03Z,finished,best_of,3,Thunderpick World Championship,Group B,138777,ex-MANA eSports,127837,los kogutos,127837,,,,,,,,ex-MANA eSports,ex-MANA eSports,127837,los kogutos,loss,0,,
159,paper_v1,value_3pp,2026-07-28T21:16:16+00:00,loss,MelBet,2026-07-28T21:15:16+00:00,137932,1.72,1000.0,0.6311174638549041,0.5425531914893618,0.08856427236554232,-1000.0,2026-07-29T16:50:59+00:00,679,2026-07-28T21:15:43+00:00,cs2_strong4_v1,137932,0.6311174638549041,0.3688825361450959,loss,2026-07-29T16:50:58+00:00,1582173,2026-07-29T14:00:00Z,2026-07-29T14:05:02Z,2026-07-29T16:44:57Z,finished,best_of,3,NODWIN Clutch Series,Group Stage,137932,ex-RUBY,128519,GenOne,128519,,,,,,,,ex-RUBY,ex-RUBY,128519,GenOne,loss,0,91545.0,90545.0
160,paper_v1,value_3pp,2026-07-28T21:16:18+00:00,skipped_no_line,,,138026,,0.0,0.6633110284576276,,,,,684,2026-07-28T21:15:43+00:00,cs2_strong4_v1,138026,0.6633110284576276,0.33668897154237243,loss,2026-07-29T15:50:28+00:00,1587551,2026-07-29T14:00:00Z,2026-07-29T14:09:33Z,2026-07-29T15:47:36Z,finished,best_of,3,CCT Europe,Group Stage,138026,Atreides,132927,Rune Eaters,132927,,,,,,,,Atreides,Atreides,132927,Rune Eaters,loss,0,,
161,paper_v1,value_3pp,2026-07-28T21:16:18+00:00,skipped_no_line,,,138974,,0.0,0.6723815061650357,,,,,689,2026-07-28T21:15:43+00:00,cs2_strong4_v1,138974,0.6723815061650357,0.32761849383496433,loss,2026-07-29T15:40:19+00:00,1596483,2026-07-29T14:00:00Z,2026-07-29T14:05:18Z,2026-07-29T15:35:21Z,finished,best_of,3,CCT Europe,Group Stage,138974,ex-RUSTEC,138985,ex-Young Ninjas,138985,,,,,,,,ex-RUSTEC,ex-RUSTEC,138985,ex-Young Ninjas,loss,0,,
162,paper_v1,value_3pp,2026-07-28T21:16:18+00:00,skipped_no_line,,,128258,,0.0,0.6238179951603632,,,,,694,2026-07-28T21:15:43+00:00,cs2_strong4_v1,128258,0.6238179951603632,0.3761820048396368,win,2026-07-29T15:50:28+00:00,1600645,2026-07-29T14:00:00Z,2026-07-29T14:09:56Z,2026-07-29T15:48:56Z,finished,best_of,3,Thunderpick World Championship,Group C,128258,Entropy,133063,UNiTY esports,128258,,,,,,,,Entropy,Entropy,128258,Entropy,win,0,,
163,paper_v1,value_3pp,2026-07-28T21:16:18+00:00,skipped_no_value,MelBet,2026-07-28T21:15:16+00:00,135468,1.67,0.0,0.5560268204136813,0.5614495798319328,-0.005422759418251433,,,699,2026-07-28T21:15:44+00:00,cs2_strong4_v1,135468,0.5560268204136813,0.44397317958631866,win,2026-07-29T17:30:28+00:00,1596523,2026-07-29T15:00:00Z,2026-07-29T15:05:14Z,2026-07-29T17:22:39Z,finished,best_of,3,StarLadder StarSeries,Playoffs,135468,ShindeN,134355,Galorys,135468,,,,,,,,ShindeN,ShindeN,135468,ShindeN,win,0,,
164,paper_v1,value_3pp,2026-07-28T21:16:18+00:00,skipped_no_line,,,135321,,0.0,0.5184910682423786,,,,,704,2026-07-28T21:15:44+00:00,cs2_strong4_v1,135321,0.48150893175762144,0.5184910682423786,loss,2026-07-29T18:51:00+00:00,1587552,2026-07-29T17:00:00Z,2026-07-29T17:05:39Z,2026-07-29T18:49:07Z,finished,best_of,3,CCT Europe,Group Stage,138406,Just Players,135321,G2 Ares,138406,,,,,,,,G2 Ares,G2 Ares,138406,Just Players,loss,0,,
165,paper_v1,value_3pp,2026-07-28T21:16:18+00:00,skipped_no_line,,,128519,,0.0,0.6540885602357613,,,,,709,2026-07-28T21:15:44+00:00,cs2_strong4_v1,128519,0.6540885602357613,0.34591143976423866,win,2026-07-29T18:40:10+00:00,1596484,2026-07-29T17:00:00Z,2026-07-29T17:08:43Z,2026-07-29T18:31:42Z,finished,best_of,3,CCT Europe,Group Stage,128519,GenOne,128887,Honvéd,128519,,,,,,,,GenOne,GenOne,128519,GenOne,win,0,,
166,paper_v1,value_3pp,2026-07-28T21:16:18+00:00,win,MelBet,2026-07-28T21:15:16+00:00,137701,1.5,1000.0,0.6553604293413086,0.6250937265683578,0.030266702772950738,500.0,2026-07-29T19:20:29+00:00,714,2026-07-28T21:15:45+00:00,cs2_strong4_v1,137701,0.6553604293413086,0.34463957065869144,win,2026-07-29T19:20:28+00:00,1600650,2026-07-29T17:00:00Z,2026-07-29T17:04:02Z,2026-07-29T19:11:38Z,finished,best_of,3,Thunderpick World Championship,Group D,137701,Bebop,137075,Misa Esports,137701,,,,,,,,Bebop,Bebop,137701,Bebop,win,0,90545.0,91045.0
167,paper_v1,value_3pp,2026-07-28T21:16:23+00:00,skipped_no_line,,,131848,,0.0,0.5698851168620875,,,,,719,2026-07-28T21:15:45+00:00,cs2_strong4_v1,131848,0.4301148831379125,0.5698851168620875,loss,2026-07-29T21:40:28+00:00,1596525,2026-07-29T18:25:00Z,2026-07-29T18:25:20Z,2026-07-29T21:34:21Z,finished,best_of,3,StarLadder StarSeries,Playoffs,3250,MIBR,131848,largadosypelados,3250,,,,,,,,largadosypelados,largadosypelados,3250,MIBR,loss,0,,
168,paper_v1,value_3pp,2026-07-28T21:16:24+00:00,loss,MelBet,2026-07-28T21:15:16+00:00,136064,3.03,1000.0,0.5682428668302643,0.30979498861047833,0.25844787821978593,-1000.0,2026-07-29T21:30:27+00:00,724,2026-07-28T21:15:45+00:00,cs2_strong4_v1,136064,0.5682428668302643,0.43175713316973574,loss,2026-07-29T21:30:27+00:00,1596577,2026-07-29T19:00:00Z,2026-07-29T19:01:07Z,2026-07-29T21:29:12Z,finished,best_of,3,StarLadder StarSeries,Playoffs,136064,Chicken Coop Esports,137496,SportsBetExpert,137496,7,7,@metascope_ai,33,2026-07-28T21:16:42+00:00,39,2026-07-29T22:08:33+00:00,Chicken Coop Esports,Chicken Coop Esports,137496,SportsBetExpert,loss,1,91045.0,90045.0
169,paper_v1,value_3pp,2026-07-28T21:16:41+00:00,skipped_no_line,,,133326,,0.0,0.6597659356032008,,,,,729,2026-07-28T21:15:46+00:00,cs2_strong4_v1,133326,0.3402340643967992,0.6597659356032008,loss,2026-07-30T00:50:27+00:00,1596529,2026-07-29T22:15:00Z,2026-07-29T22:12:57Z,2026-07-30T00:44:27Z,finished,best_of,3,StarLadder StarSeries,Playoffs,137992,Fluxo W7M,133326,Bounty Hunters Esports,137992,,,,,,,,Bounty Hunters Esports,Bounty Hunters Esports,137992,Fluxo W7M,loss,0,,
170,paper_v1,value_3pp,2026-07-29T21:16:03+00:00,loss,MelBet,2026-07-29T21:15:20+00:00,136318,3.91,1000.0,0.634804432553306,0.23781676413255362,0.3969876684207524,-1000.0,2026-07-30T00:30:20+00:00,734,2026-07-29T21:15:49+00:00,cs2_strong4_v1,136318,0.36519556744669407,0.634804432553306,loss,2026-07-30T00:30:19+00:00,1596579,2026-07-29T22:00:00Z,2026-07-29T22:01:44Z,2026-07-30T00:22:31Z,finished,best_of,3,StarLadder StarSeries,Playoffs,3256,NRG,136318,Marsborne,3256,8,8,@metascope_ai,34,2026-07-29T21:18:38+00:00,40,2026-07-30T00:30:23+00:00,Marsborne,Marsborne,3256,NRG,loss,1,90045.0,89045.0
171,paper_v1,value_3pp,2026-07-29T21:16:29+00:00,skipped_low_odds,MelBet,2026-07-29T21:15:20+00:00,132366,1.31,0.0,0.5799858476944957,0.7155266015200867,-0.13554075382559105,,,739,2026-07-29T21:15:49+00:00,cs2_strong4_v1,132366,0.42001415230550426,0.5799858476944957,win,2026-07-30T02:30:28+00:00,1596583,2026-07-30T01:00:00Z,2026-07-30T01:01:23Z,2026-07-30T02:27:00Z,finished,best_of,3,StarLadder StarSeries,Playoffs,138716,Iowa Stormboar,132366,LAG Gaming,132366,,,,,,,,LAG Gaming,LAG Gaming,132366,LAG Gaming,win,0,,
172,paper_v1,value_3pp,2026-07-29T21:16:29+00:00,loss,MelBet,2026-07-29T21:15:20+00:00,136659,1.7,1000.0,0.6367818903424243,0.5525138194261647,0.08426807091625954,-1000.0,2026-07-30T11:10:24+00:00,744,2026-07-29T21:15:49+00:00,cs2_strong4_v1,136659,0.6367818903424243,0.3632181096575757,loss,2026-07-30T11:10:23+00:00,1582174,2026-07-30T08:00:00Z,2026-07-30T08:08:31Z,2026-07-30T11:04:04Z,finished,best_of,3,NODWIN Clutch Series,Group Stage,136659,SPARTA,138406,Just Players,138406,,,,,,,,SPARTA,SPARTA,138406,Just Players,loss,0,88045.0,87045.0
173,paper_v1,value_3pp,2026-07-29T21:16:55+00:00,skipped_no_line,,,138617,,0.0,0.7943321456233214,,,,,749,2026-07-29T21:15:50+00:00,cs2_strong4_v1,138617,0.20566785437667856,0.7943321456233214,win,2026-07-30T11:10:23+00:00,1587555,2026-07-30T08:00:00Z,2026-07-30T08:08:33Z,2026-07-30T11:08:52Z,finished,best_of,3,CCT Europe,Playoffs,139016,Nordic Partners Gaming ,138617,INOX Division,138617,,,,,,,,INOX Division,INOX Division,138617,INOX Division,win,0,,
174,paper_v1,value_3pp,2026-07-29T21:16:55+00:00,skipped_no_line,,,138848,,0.0,0.5230453987978152,,,,,754,2026-07-29T21:15:50+00:00,cs2_strong4_v1,138848,0.47695460120218486,0.5230453987978152,loss,2026-07-30T09:30:30+00:00,1596485,2026-07-30T08:10:00Z,2026-07-30T08:13:22Z,2026-07-30T09:09:37Z,finished,best_of,3,CCT Europe,Group Stage,138963,Black Phoenix,138848,Mai Tai,138963,,,,,,,,Mai Tai,Mai Tai,138963,Black Phoenix,loss,0,,
175,paper_v1,value_3pp,2026-07-29T21:16:55+00:00,skipped_no_line,,,126944,,0.0,0.8036142438963518,,,,,759,2026-07-29T21:15:50+00:00,cs2_strong4_v1,126944,0.8036142438963518,0.19638575610364817,win,2026-07-30T11:20:14+00:00,1602181,2026-07-30T08:00:00Z,2026-07-30T08:08:42Z,2026-07-30T11:19:49Z,finished,best_of,3,Thunderpick World Championship,Playoffs,126944,1WIN,127837,los kogutos,126944,,,,,,,,1WIN,1WIN,126944,1WIN,win,0,,
176,paper_v1,value_3pp,2026-07-29T21:16:55+00:00,loss,MelBet,2026-07-29T21:15:20+00:00,130733,1.51,1000.0,0.7085288715986844,0.6232534930139721,0.08527537858471224,-1000.0,2026-07-30T09:30:31+00:00,764,2026-07-29T21:15:51+00:00,cs2_strong4_v1,130733,0.7085288715986844,0.2914711284013156,loss,2026-07-30T09:30:30+00:00,1602901,2026-07-30T08:00:00Z,2026-07-30T08:03:07Z,2026-07-30T08:59:49Z,finished,best_of,1,Elisa BreakOut,Group A,130733,KUUSAMO.gg,137707,SINQU,137707,,,,,,,,KUUSAMO.gg,KUUSAMO.gg,137707,SINQU,loss,0,89045.0,88045.0
177,paper_v1,value_3pp,2026-07-29T21:17:27+00:00,skipped_no_line,,,130059,,0.0,0.6130600910347173,,,,,769,2026-07-29T21:15:51+00:00,cs2_strong4_v1,130059,0.3869399089652827,0.6130600910347173,win,2026-07-30T10:00:25+00:00,1608571,2026-07-30T08:10:00Z,2026-07-30T08:18:17Z,2026-07-30T09:53:50Z,finished,best_of,3,United21,Group B,138820,EAC Rising,130059,Eternal Fire Academy,130059,,,,,,,,Eternal Fire Academy,Eternal Fire Academy,130059,Eternal Fire Academy,win,0,,
178,paper_v1,value_3pp,2026-07-29T21:17:27+00:00,skipped_low_odds,MelBet,2026-07-29T21:15:20+00:00,3251,1.21,0.0,0.8395955786078277,0.7673076923076922,0.0722878863001355,,,774,2026-07-29T21:15:52+00:00,cs2_strong4_v1,3251,0.8395955786078277,0.16040442139217226,win,2026-07-30T11:30:19+00:00,1602902,2026-07-30T10:00:00Z,2026-07-30T09:50:50Z,2026-07-30T10:48:59Z,finished,best_of,1,Elisa BreakOut,Group A,3251,ENCE,138129,BOJONG,3251,,,,,,,,ENCE,ENCE,3251,ENCE,win,0,,
179,paper_v1,value_3pp,2026-07-29T21:17:27+00:00,skipped_low_odds,MelBet,2026-07-29T21:15:20+00:00,137948,1.39,0.0,0.8065593713875158,0.6755368814192343,0.13102248996828147,,,779,2026-07-29T21:15:52+00:00,cs2_strong4_v1,137948,0.1934406286124842,0.8065593713875158,loss,2026-07-30T12:30:40+00:00,1607771,2026-07-30T10:00:00Z,2026-07-30T10:02:52Z,2026-07-30T12:26:36Z,finished,best_of,3,CIS LAN Championship,Playoffs,135497,WW Team,137948,TDK,135497,,,,,,,,TDK,TDK,135497,WW Team,loss,0,,
180,paper_v1,value_3pp,2026-07-29T21:17:27+00:00,skipped_low_odds,MelBet,2026-07-29T21:15:20+00:00,127899,1.24,0.0,0.7013962258415641,0.7492416582406471,-0.04784543239908301,,,784,2026-07-29T21:15:52+00:00,cs2_strong4_v1,127899,0.7013962258415641,0.29860377415843586,win,2026-07-30T13:10:57+00:00,1608582,2026-07-30T10:30:00Z,2026-07-30T10:36:40Z,2026-07-30T13:06:10Z,finished,best_of,3,United21,Group B,127899,VP.Prodigy,138281,Passion Academy,127899,,,,,,,,VP.Prodigy,VP.Prodigy,127899,VP.Prodigy,win,0,,
181,paper_v1,value_3pp,2026-07-29T21:17:27+00:00,skipped_low_odds,MelBet,2026-07-29T21:15:20+00:00,138975,1.296,0.0,0.6276914154569695,0.7180156657963446,-0.09032425033937508,,,789,2026-07-29T21:15:53+00:00,cs2_strong4_v1,138975,0.6276914154569695,0.3723085845430305,win,2026-07-30T12:30:40+00:00,1582175,2026-07-30T11:00:00Z,,,canceled,best_of,3,NODWIN Clutch Series,Group Stage,138975,Butterfly,138026,Atreides,138975,,,,,,,,Butterfly,Butterfly,138975,Butterfly,win,0,,
182,paper_v1,value_3pp,2026-07-29T21:17:27+00:00,skipped_no_line,,,126944,,0.0,0.5386328909394184,,,,,794,2026-07-29T21:15:53+00:00,cs2_strong4_v1,126944,0.5386328909394184,0.46136710906058165,loss,2026-07-30T14:20:56+00:00,1587556,2026-07-30T11:45:00Z,2026-07-30T11:58:08Z,2026-07-30T14:14:27Z,finished,best_of,3,CCT Europe,Playoffs,126944,1WIN,138975,Butterfly,138975,,,,,,,,1WIN,1WIN,138975,Butterfly,loss,0,,
183,paper_v1,value_3pp,2026-07-29T21:17:27+00:00,skipped_no_value,MelBet,2026-07-29T21:15:20+00:00,132927,1.705,0.0,0.5165955024347697,0.5366847826086956,-0.02008928017392586,,,799,2026-07-29T21:15:53+00:00,cs2_strong4_v1,132927,0.5165955024347697,0.4834044975652303,win,2026-07-30T14:00:30+00:00,1596486,2026-07-30T11:00:00Z,2026-07-30T11:05:33Z,2026-07-30T13:50:15Z,finished,best_of,3,CCT Europe,Group Stage,132927,Rune Eaters,133063,UNiTY esports,132927,,,,,,,,Rune Eaters,Rune Eaters,132927,Rune Eaters,win,0,,
184,paper_v1,value_3pp,2026-07-29T21:17:27+00:00,skipped_low_odds,MelBet,2026-07-29T21:15:20+00:00,128519,1.27,0.0,0.5762599960471738,0.7389516957862281,-0.16269169973905429,,,804,2026-07-29T21:15:54+00:00,cs2_strong4_v1,128519,0.5762599960471738,0.4237400039528262,win,2026-07-30T13:20:37+00:00,1602182,2026-07-30T11:40:00Z,2026-07-30T11:42:50Z,2026-07-30T13:13:59Z,finished,best_of,3,Thunderpick World Championship,Playoffs,128519,GenOne,138974,ex-RUSTEC,128519,,,,,,,,GenOne,GenOne,128519,GenOne,win,0,,
185,paper_v1,value_3pp,2026-07-29T21:17:27+00:00,win,MelBet,2026-07-29T21:15:20+00:00,130733,1.41,1000.0,0.7541814607977837,0.6613832853025936,0.0927981754951901,409.99999999999994,2026-07-30T13:30:52+00:00,809,2026-07-29T21:15:54+00:00,cs2_strong4_v1,130733,0.7541814607977837,0.2458185392022163,win,2026-07-30T13:30:51+00:00,1602923,2026-07-30T12:00:00Z,2026-07-30T11:41:26Z,2026-07-30T12:10:13Z,finished,best_of,1,Elisa BreakOut,Group A,130733,KUUSAMO.gg,138129,BOJONG,130733,,,,,,,,KUUSAMO.gg,KUUSAMO.gg,130733,KUUSAMO.gg,win,0,87045.0,87455.0
186,paper_v1,value_3pp,2026-07-29T21:17:32+00:00,skipped_no_value,MelBet,2026-07-29T21:15:20+00:00,3209,1.704,0.0,0.5576928613510328,0.5567117585848075,0.0009811027662253169,,,814,2026-07-29T21:15:54+00:00,cs2_strong4_v1,3209,0.4423071386489672,0.5576928613510328,win,2026-07-31T20:20:37+00:00,1593361,2026-07-31T16:10:00Z,2026-07-31T16:11:59Z,2026-07-31T20:14:51Z,finished,best_of,3,BLAST Bounty,Playoffs,125751,paiN,3209,Astralis,3209,,,,,,,,Astralis,Astralis,3209,Astralis,win,0,,
187,paper_v1,value_3pp,2026-07-29T21:17:32+00:00,skipped_no_value,MelBet,2026-07-29T21:15:20+00:00,136560,1.49,0.0,0.5598553763655906,0.630272952853598,-0.0704175764880074,,,819,2026-07-29T21:15:55+00:00,cs2_strong4_v1,136560,0.5598553763655906,0.4401446236344094,win,2026-07-30T15:40:30+00:00,1582176,2026-07-30T14:00:00Z,2026-07-30T14:06:29Z,2026-07-30T15:31:52Z,finished,best_of,3,NODWIN Clutch Series,Group Stage,136560,Phantom,138370,Lavked,136560,,,,,,,,Phantom,Phantom,136560,Phantom,win,0,,
188,paper_v1,value_3pp,2026-07-29T21:17:32+00:00,skipped_no_line,,,138610,,0.0,0.5397910269794549,,,,,824,2026-07-29T21:15:55+00:00,cs2_strong4_v1,138610,0.5397910269794549,0.4602089730205451,loss,2026-07-30T16:20:29+00:00,1587557,2026-07-30T14:30:00Z,2026-07-30T14:29:42Z,2026-07-30T16:19:18Z,finished,best_of,3,CCT Europe,Playoffs,138610,Walczaki,138974,ex-RUSTEC,138974,,,,,,,,Walczaki,Walczaki,138974,ex-RUSTEC,loss,0,,
189,paper_v1,value_3pp,2026-07-29T21:17:32+00:00,skipped_low_odds,MelBet,2026-07-29T21:15:20+00:00,136659,1.3,0.0,0.6133277567595684,0.7035347776510832,-0.09020702089151478,,,829,2026-07-29T21:15:55+00:00,cs2_strong4_v1,136659,0.6133277567595684,0.3866722432404316,win,2026-07-30T16:01:06+00:00,1596487,2026-07-30T14:10:00Z,2026-07-30T14:11:37Z,2026-07-30T15:54:39Z,finished,best_of,3,CCT Europe,Group Stage,136659,SPARTA,138650,NEW VISION,136659,,,,,,,,SPARTA,SPARTA,136659,SPARTA,win,0,,
190,paper_v1,value_3pp,2026-07-29T21:17:32+00:00,skipped_no_line,,,126994,,0.0,0.7122026550092806,,,,,834,2026-07-29T21:15:56+00:00,cs2_strong4_v1,126994,0.7122026550092806,0.2877973449907194,win,2026-07-30T16:50:29+00:00,1602183,2026-07-30T14:00:00Z,2026-07-30T14:05:19Z,2026-07-30T16:48:18Z,finished,best_of,3,Thunderpick World Championship,Playoffs,126994,JiJieHao,128258,Entropy,126994,,,,,,,,JiJieHao,JiJieHao,126994,JiJieHao,win,0,,
191,paper_v1,value_3pp,2026-07-29T21:17:32+00:00,win,MelBet,2026-07-29T21:15:20+00:00,3251,1.43,1000.0,0.8057194770984437,0.6568274538036957,0.14889202329474804,429.99999999999994,2026-07-30T15:10:21+00:00,839,2026-07-29T21:15:56+00:00,cs2_strong4_v1,3251,0.8057194770984437,0.19428052290155629,win,2026-07-30T15:10:19+00:00,1602942,2026-07-30T13:40:00Z,2026-07-30T13:44:23Z,2026-07-30T14:31:20Z,finished,best_of,1,Elisa BreakOut,Group A,3251,ENCE,137707,SINQU,3251,,,,,,,,ENCE,ENCE,3251,ENCE,win,0,87455.0,87885.0
192,paper_v1,value_3pp,2026-07-29T21:17:51+00:00,loss,MelBet,2026-07-29T21:15:20+00:00,3272,2.07,1000.0,0.6249214544851913,0.45839874411302983,0.1665227103721615,-1000.0,2026-07-31T15:30:31+00:00,844,2026-07-29T21:15:56+00:00,cs2_strong4_v1,3272,0.3750785455148087,0.6249214544851913,loss,2026-07-31T15:30:30+00:00,1593362,2026-07-31T12:30:00Z,2026-07-31T12:31:24Z,2026-07-31T15:26:21Z,finished,best_of,3,BLAST Bounty,Playoffs,3212,FaZe,3272,TheMongolz,3212,,,,,,,,TheMongolz,TheMongolz,3212,FaZe,loss,0,86072.0,85072.0
193,paper_v1,value_3pp,2026-07-29T21:17:55+00:00,skipped_no_value,MelBet,2026-07-29T21:15:20+00:00,137707,1.77,0.0,0.5579359851691023,0.528,0.02993598516910223,,,849,2026-07-29T21:15:57+00:00,cs2_strong4_v1,137707,0.5579359851691023,0.44206401483089774,win,2026-07-30T17:30:29+00:00,1602943,2026-07-30T16:00:00Z,2026-07-30T16:06:45Z,2026-07-30T16:39:04Z,finished,best_of,1,Elisa BreakOut,Group A,137707,SINQU,138129,BOJONG,137707,,,,,,,,SINQU,SINQU,137707,SINQU,win,0,,
194,paper_v1,value_3pp,2026-07-29T21:17:55+00:00,skipped_no_line,,,138685,,0.0,0.6161556994461399,,,,,854,2026-07-29T21:15:57+00:00,cs2_strong4_v1,138685,0.3838443005538601,0.6161556994461399,loss,2026-07-30T19:20:20+00:00,1587558,2026-07-30T17:45:00Z,2026-07-30T17:34:19Z,2026-07-30T18:08:38Z,finished,best_of,3,CCT Europe,Playoffs,131010,Sashi Esport,138685,Esport Academy Copenhagen,131010,,,,,,,,Esport Academy Copenhagen,Esport Academy Copenhagen,131010,Sashi Esport,loss,0,,
195,paper_v1,value_3pp,2026-07-29T21:17:55+00:00,skipped_no_value,MelBet,2026-07-29T21:15:20+00:00,138406,1.477,0.0,0.5035710923994865,0.6196240020602627,-0.1160529096607762,,,859,2026-07-29T21:15:57+00:00,cs2_strong4_v1,138406,0.5035710923994865,0.4964289076005135,win,2026-07-30T19:00:31+00:00,1596488,2026-07-30T17:00:00Z,2026-07-30T17:05:50Z,2026-07-30T18:55:58Z,finished,best_of,3,CCT Europe,Group Stage,138406,Just Players,138101,Inner Circle Academy,138406,,,,,,,,Just Players,Just Players,138406,Just Players,win,0,,
196,paper_v1,value_3pp,2026-07-29T21:17:55+00:00,skipped_no_line,,,138610,,0.0,0.5839104761279494,,,,,864,2026-07-29T21:15:58+00:00,cs2_strong4_v1,138610,0.5839104761279494,0.41608952387205056,win,2026-07-30T18:40:19+00:00,1602184,2026-07-30T17:00:00Z,2026-07-30T17:06:07Z,2026-07-30T18:36:11Z,finished,best_of,3,Thunderpick World Championship,Playoffs,138610,Walczaki,137701,Bebop,138610,,,,,,,,Walczaki,Walczaki,138610,Walczaki,win,0,,
197,paper_v1,value_3pp,2026-07-29T21:17:55+00:00,win,MelBet,2026-07-29T21:15:20+00:00,135468,2.689,1000.0,0.542956685529215,0.34875272463066115,0.1942039608985539,1689.0,2026-07-30T21:30:22+00:00,869,2026-07-29T21:15:58+00:00,cs2_strong4_v1,135468,0.45704331447078494,0.542956685529215,win,2026-07-30T21:30:21+00:00,1596526,2026-07-30T18:00:00Z,2026-07-30T18:04:27Z,2026-07-30T21:22:16Z,finished,best_of,3,StarLadder StarSeries,Playoffs,126377,Imperial,135468,ShindeN,135468,9,9,@metascope_ai,35,2026-07-29T21:18:38+00:00,44,2026-07-30T21:30:26+00:00,ShindeN,ShindeN,135468,ShindeN,win,1,87885.0,89574.0
198,paper_v1,value_3pp,2026-07-29T21:18:15+00:00,skipped_no_value,MelBet,2026-07-29T21:15:20+00:00,3251,1.49,0.0,0.6304581254968155,0.629445411589157,0.0010127139076584468,,,874,2026-07-29T21:15:58+00:00,cs2_strong4_v1,3251,0.6304581254968155,0.36954187450318454,win,2026-07-30T19:00:31+00:00,1602957,2026-07-30T17:25:00Z,2026-07-30T17:30:29Z,2026-07-30T18:14:17Z,finished,best_of,1,Elisa BreakOut,Group A,3251,ENCE,130733,KUUSAMO.gg,3251,,,,,,,,ENCE,ENCE,3251,ENCE,win,0,,
199,paper_v1,value_3pp,2026-07-29T21:18:15+00:00,skipped_no_value,MelBet,2026-07-29T21:15:20+00:00,128766,1.46,0.0,0.6190011799819549,0.6367255536203036,-0.017724373638348667,,,879,2026-07-29T21:15:59+00:00,cs2_strong4_v1,128766,0.3809988200180451,0.6190011799819549,loss,2026-07-30T21:30:21+00:00,1611819,2026-07-30T18:35:00Z,2026-07-30T18:37:58Z,2026-07-30T21:24:56Z,finished,best_of,3,CCT Europe,Playoffs,134320,aimclub,128766,Spirit Academy,134320,,,,,,,,Spirit Academy,Spirit Academy,134320,aimclub,loss,0,,
200,paper_v1,value_3pp,2026-07-29T21:18:15+00:00,skipped_no_line,,,137581,,0.0,0.5977016272846652,,,,,884,2026-07-29T21:15:59+00:00,cs2_strong4_v1,137581,0.5977016272846652,0.40229837271533475,win,2026-07-30T20:00:12+00:00,1611820,2026-07-30T18:15:00Z,2026-07-30T18:23:09Z,2026-07-30T19:59:30Z,finished,best_of,3,CCT Europe,Playoffs,137581,Young TigeRES,138358,banda chuya,137581,,,,,,,,Young TigeRES,Young TigeRES,137581,Young TigeRES,win,0,,
201,paper_v1,value_3pp,2026-07-29T21:18:15+00:00,loss,MelBet,2026-07-29T21:15:20+00:00,134355,2.234,1000.0,0.5603641838551472,0.4203425012973534,0.1400216825577938,-1000.0,2026-07-31T02:00:13+00:00,889,2026-07-29T21:15:59+00:00,cs2_strong4_v1,134355,0.4396358161448528,0.5603641838551472,loss,2026-07-31T02:00:12+00:00,1596530,2026-07-30T21:45:00Z,2026-07-30T21:43:25Z,2026-07-31T01:57:19Z,finished,best_of,3,StarLadder StarSeries,Playoffs,132800,BESTIA,134355,Galorys,132800,,,,,,,,Galorys,Galorys,132800,BESTIA,loss,0,89574.0,88574.0
202,paper_v1,value_3pp,2026-07-30T21:16:14+00:00,skipped_low_odds,MelBet,2026-07-30T21:15:24+00:00,137510,1.25,0.0,0.5860924694939103,0.7492477432296891,-0.16315527373577887,,,894,2026-07-30T21:15:55+00:00,cs2_strong4_v1,137510,0.5860924694939103,0.41390753050608975,win,2026-07-31T00:20:29+00:00,1596580,2026-07-30T22:00:00Z,2026-07-30T22:01:53Z,2026-07-31T00:16:25Z,finished,best_of,3,StarLadder StarSeries,Playoffs,137510,Voca,137496,SportsBetExpert,137510,,,,,,,,Voca,Voca,137510,Voca,win,0,,
203,paper_v1,value_3pp,2026-07-30T21:16:14+00:00,skipped_no_value,MelBet,2026-07-30T21:15:24+00:00,133997,1.72,0.0,0.5172893051930483,0.5425531914893618,-0.025263886296313487,,,899,2026-07-30T21:15:56+00:00,cs2_strong4_v1,133997,0.5172893051930483,0.4827106948069517,win,2026-07-31T02:50:29+00:00,1596584,2026-07-31T00:40:00Z,2026-07-31T00:34:15Z,2026-07-31T02:47:23Z,finished,best_of,3,StarLadder StarSeries,Playoffs,133997,regain,136064,Chicken Coop Esports,133997,,,,,,,,regain,regain,133997,regain,win,0,,
204,paper_v1,value_3pp,2026-07-30T21:16:14+00:00,skipped_low_odds,MelBet,2026-07-30T21:15:24+00:00,137932,1.36,0.0,0.5388625816192132,0.6894977168949772,-0.150635135275764,,,904,2026-07-30T21:15:56+00:00,cs2_strong4_v1,137932,0.5388625816192132,0.4611374183807868,win,2026-07-31T09:40:30+00:00,1582177,2026-07-31T08:10:00Z,2026-07-31T08:10:47Z,2026-07-31T09:35:34Z,finished,best_of,3,NODWIN Clutch Series,Group Stage,137932,ex-RUBY,138370,Lavked,137932,,,,,,,,ex-RUBY,ex-RUBY,137932,ex-RUBY,win,0,,
205,paper_v1,value_3pp,2026-07-30T21:16:14+00:00,loss,MelBet,2026-07-30T21:15:24+00:00,127976,1.674,1000.0,0.6363456074095053,0.5465872156013001,0.08975839180820522,-1000.0,2026-07-31T10:20:31+00:00,909,2026-07-30T21:15:56+00:00,cs2_strong4_v1,127976,0.6363456074095053,0.3636543925904947,loss,2026-07-31T10:20:30+00:00,1587559,2026-07-31T08:00:00Z,2026-07-31T08:11:51Z,2026-07-31T10:16:11Z,finished,best_of,3,CCT Europe,Playoffs,127976,Infinite,136659,SPARTA,136659,,,,,,,,Infinite,Infinite,136659,SPARTA,loss,0,87574.0,86574.0
206,paper_v1,value_3pp,2026-07-30T21:16:31+00:00,skipped_no_line,,,138974,,0.0,0.7563264038137112,,,,,914,2026-07-30T21:15:57+00:00,cs2_strong4_v1,138974,0.7563264038137112,0.2436735961862888,win,2026-07-31T09:50:31+00:00,1596489,2026-07-31T08:00:00Z,2026-07-31T08:15:29Z,2026-07-31T09:48:00Z,finished,best_of,3,CCT Europe,Group Stage,138974,ex-RUSTEC,138777,ex-MANA eSports,138974,,,,,,,,ex-RUSTEC,ex-RUSTEC,138974,ex-RUSTEC,win,0,,
207,paper_v1,value_3pp,2026-07-30T21:16:31+00:00,loss,MelBet,2026-07-30T21:15:24+00:00,136516,1.87,1000.0,0.6405417026609457,0.5,0.14054170266094568,-1000.0,2026-07-31T11:00:14+00:00,919,2026-07-30T21:15:57+00:00,cs2_strong4_v1,136516,0.6405417026609457,0.3594582973390543,loss,2026-07-31T11:00:13+00:00,1602185,2026-07-31T08:40:00Z,2026-07-31T08:40:26Z,2026-07-31T10:56:34Z,finished,best_of,3,Thunderpick World Championship,Playoffs,136516,BASEMENT BOYS,132426,Lazer Cats,132426,,,,,,,,BASEMENT BOYS,BASEMENT BOYS,132426,Lazer Cats,loss,0,86574.0,85574.0
208,paper_v1,value_3pp,2026-07-30T21:16:42+00:00,loss,MelBet,2026-07-30T21:15:24+00:00,138992,4.405,1000.0,0.6303909688547482,0.2112802148612354,0.41911075399351283,-1000.0,2026-07-31T09:30:32+00:00,924,2026-07-30T21:15:58+00:00,cs2_strong4_v1,138992,0.36960903114525184,0.6303909688547482,loss,2026-07-31T09:30:31+00:00,1602990,2026-07-31T08:00:00Z,2026-07-31T08:09:41Z,2026-07-31T08:49:18Z,finished,best_of,1,Elisa BreakOut,Group B,125774,HAVU,138992,Trainwrecks eSports,125774,10,10,@metascope_ai,42,2026-07-30T21:18:42+00:00,45,2026-07-31T09:30:37+00:00,Trainwrecks eSports,Trainwrecks eSports,125774,HAVU,loss,1,88574.0,87574.0
209,paper_v1,value_3pp,2026-07-30T21:16:59+00:00,skipped_low_odds,MelBet,2026-07-30T21:15:24+00:00,130569,1.06,0.0,0.9040263624971641,0.8823529411764706,0.021673421320693498,,,929,2026-07-30T21:15:58+00:00,cs2_strong4_v1,130569,0.9040263624971641,0.09597363750283594,win,2026-07-31T11:30:30+00:00,1596589,2026-07-31T10:00:00Z,2026-07-31T10:00:25Z,2026-07-31T10:59:26Z,finished,best_of,3,Stake Pulse,Group A,130569,HOTU,138712,XCLAN,130569,,,,,,,,HOTU,HOTU,130569,HOTU,win,0,,
210,paper_v1,value_3pp,2026-07-30T21:16:59+00:00,skipped_no_value,MelBet,2026-07-30T21:15:24+00:00,135321,1.75,0.0,0.5246844549823937,0.527027027027027,-0.0023425720446332843,,,934,2026-07-30T21:15:59+00:00,cs2_strong4_v1,135321,0.47531554501760626,0.5246844549823937,win,2026-07-31T11:50:29+00:00,1596590,2026-07-31T10:00:00Z,2026-07-31T10:07:40Z,2026-07-31T11:41:38Z,finished,best_of,3,Stake Pulse,Group A,138685,Esport Academy Copenhagen,135321,G2 Ares,135321,,,,,,,,G2 Ares,G2 Ares,135321,G2 Ares,win,0,,
211,paper_v1,value_3pp,2026-07-30T21:16:59+00:00,skipped_low_odds,MelBet,2026-07-30T21:15:24+00:00,135177,1.05,0.0,0.6145349940111455,0.8870967741935483,-0.27256178018240274,,,939,2026-07-30T21:15:59+00:00,cs2_strong4_v1,135177,0.38546500598885447,0.6145349940111455,win,2026-07-31T11:30:30+00:00,1602991,2026-07-31T09:35:00Z,2026-07-31T09:38:53Z,2026-07-31T10:14:30Z,finished,best_of,1,Elisa BreakOut,Group B,132459,ROUNDS,135177,BC.Game Esports,135177,,,,,,,,BC.Game Esports,BC.Game Esports,135177,BC.Game Esports,win,0,,
212,paper_v1,value_3pp,2026-07-30T21:16:59+00:00,skipped_low_odds,MelBet,2026-07-30T21:15:24+00:00,132795,1.164,0.0,0.6504910181377931,0.8016697904242631,-0.15117877228647003,,,944,2026-07-30T21:15:59+00:00,cs2_strong4_v1,132795,0.6504910181377931,0.3495089818622069,win,2026-07-31T12:40:30+00:00,1608657,2026-07-31T10:50:00Z,2026-07-31T10:53:06Z,2026-07-31T12:33:47Z,finished,best_of,3,United21,Group C,132795,INFURITY Gaming,135026,ENCE Prospects,132795,,,,,,,,INFURITY Gaming,INFURITY Gaming,132795,INFURITY Gaming,win,0,,
213,paper_v1,value_3pp,2026-07-30T21:16:59+00:00,loss,MelBet,2026-07-30T21:15:24+00:00,132927,3.11,1000.0,0.5220920776946545,0.2941443486155243,0.2279477290791302,-1000.0,2026-07-31T13:10:48+00:00,949,2026-07-30T21:16:00+00:00,cs2_strong4_v1,132927,0.4779079223053455,0.5220920776946545,loss,2026-07-31T13:10:46+00:00,1587560,2026-07-31T11:00:00Z,2026-07-31T11:16:07Z,2026-07-31T13:05:37Z,finished,best_of,3,CCT Europe,Playoffs,127014,Sinners,132927,Rune Eaters,127014,,,,,,,,Rune Eaters,Rune Eaters,127014,Sinners,loss,0,85574.0,84574.0
214,paper_v1,value_3pp,2026-07-30T21:17:39+00:00,skipped_no_line,,,138848,,0.0,0.6019646618408742,,,,,954,2026-07-30T21:16:00+00:00,cs2_strong4_v1,138848,0.39803533815912584,0.6019646618408742,loss,2026-07-31T12:30:38+00:00,1596490,2026-07-31T11:15:00Z,,,canceled,best_of,3,CCT Europe,Group Stage,133063,UNiTY esports,138848,Mai Tai,133063,,,,,,,,Mai Tai,Mai Tai,133063,UNiTY esports,loss,0,,
215,paper_v1,value_3pp,2026-07-30T21:17:39+00:00,skipped_no_line,,,138617,,0.0,0.7842139918426076,,,,,959,2026-07-30T21:16:00+00:00,cs2_strong4_v1,138617,0.7842139918426076,0.21578600815739235,win,2026-07-31T14:30:29+00:00,1602186,2026-07-31T11:10:00Z,2026-07-31T11:13:51Z,2026-07-31T14:26:49Z,finished,best_of,3,Thunderpick World Championship,Playoffs,138617,INOX Division,137508,Falcons Force,138617,,,,,,,,INOX Division,INOX Division,138617,INOX Division,win,0,,
216,paper_v1,value_3pp,2026-07-30T21:17:39+00:00,skipped_low_odds,MelBet,2026-07-30T21:15:24+00:00,135177,1.14,0.0,0.6921088043199212,0.8196202531645569,-0.12751144884463572,,,964,2026-07-30T21:16:01+00:00,cs2_strong4_v1,135177,0.30789119568007883,0.6921088043199212,win,2026-07-31T13:30:31+00:00,1602992,2026-07-31T11:00:00Z,2026-07-31T11:05:51Z,2026-07-31T11:46:48Z,finished,best_of,1,Elisa BreakOut,Group B,125774,HAVU,135177,BC.Game Esports,135177,,,,,,,,BC.Game Esports,BC.Game Esports,135177,BC.Game Esports,win,0,,
217,paper_v1,value_3pp,2026-07-30T21:17:39+00:00,skipped_no_line,,,134405,,0.0,0.5038415154686002,,,,,969,2026-07-30T21:16:02+00:00,cs2_strong4_v1,134405,0.49615848453139977,0.5038415154686002,loss,2026-07-31T15:40:29+00:00,1582179,2026-07-31T14:10:00Z,2026-07-31T14:10:16Z,2026-07-31T15:38:50Z,finished,best_of,3,NODWIN Clutch Series,Group Stage,138974,ex-RUSTEC,134405,Vexar,138974,,,,,,,,Vexar,Vexar,138974,ex-RUSTEC,loss,0,,
218,paper_v1,value_3pp,2026-07-30T21:17:39+00:00,skipped_low_odds,MelBet,2026-07-30T21:15:24+00:00,135298,1.3,0.0,0.5700462478219946,0.7035347776510832,-0.13348852982908854,,,974,2026-07-30T21:16:02+00:00,cs2_strong4_v1,135298,0.5700462478219946,0.42995375217800536,loss,2026-07-31T17:00:50+00:00,1587561,2026-07-31T14:15:00Z,2026-07-31T14:16:35Z,2026-07-31T16:51:19Z,finished,best_of,3,CCT Europe,Playoffs,135298,K27,138406,Just Players,138406,,,,,,,,K27,K27,138406,Just Players,loss,0,,
219,paper_v1,value_3pp,2026-07-30T21:17:39+00:00,win,MelBet,2026-07-30T21:15:24+00:00,138985,1.83,1000.0,0.5457494203036696,0.5,0.045749420303669575,830.0000000000001,2026-07-31T17:00:52+00:00,979,2026-07-30T21:16:02+00:00,cs2_strong4_v1,138985,0.5457494203036696,0.4542505796963304,win,2026-07-31T17:00:50+00:00,1596491,2026-07-31T14:00:00Z,2026-07-31T14:07:05Z,2026-07-31T16:54:49Z,finished,best_of,3,CCT Europe,Group Stage,138985,ex-Young Ninjas,138101,Inner Circle Academy,138985,,,,,,,,ex-Young Ninjas,ex-Young Ninjas,138985,ex-Young Ninjas,win,0,85072.0,85902.0
220,paper_v1,value_3pp,2026-07-30T21:18:01+00:00,skipped_low_odds,MelBet,2026-07-30T21:15:24+00:00,138370,1.34,0.0,0.7790984347119031,0.7012263099219621,0.07787212478994099,,,984,2026-07-30T21:16:03+00:00,cs2_strong4_v1,138370,0.7790984347119031,0.2209015652880969,loss,2026-07-31T17:00:50+00:00,1602187,2026-07-31T14:45:00Z,2026-07-31T14:48:06Z,2026-07-31T16:59:08Z,finished,best_of,3,Thunderpick World Championship,Playoffs,138370,Lavked,128629,megoshort,128629,,,,,,,,Lavked,Lavked,128629,megoshort,loss,0,,
221,paper_v1,value_3pp,2026-07-30T21:18:01+00:00,win,MelBet,2026-07-30T21:15:24+00:00,138992,2.498,1000.0,0.5474352106311308,0.3767465069860279,0.17068870364510286,1498.0000000000002,2026-07-31T14:50:31+00:00,989,2026-07-30T21:16:03+00:00,cs2_strong4_v1,138992,0.45256478936886924,0.5474352106311308,win,2026-07-31T14:50:30+00:00,1602993,2026-07-31T13:15:00Z,2026-07-31T13:16:21Z,2026-07-31T14:19:58Z,finished,best_of,1,Elisa BreakOut,Group B,132459,ROUNDS,138992,Trainwrecks eSports,138992,,,,,,,,Trainwrecks eSports,Trainwrecks eSports,138992,Trainwrecks eSports,win,0,84574.0,86072.0
222,paper_v1,value_3pp,2026-07-30T21:18:04+00:00,skipped_low_odds,MelBet,2026-07-30T21:15:24+00:00,135177,1.02,0.0,0.5685903873641243,0.9074410163339383,-0.338850628969814,,,994,2026-07-30T21:16:04+00:00,cs2_strong4_v1,135177,0.5685903873641243,0.43140961263587574,win,2026-07-31T16:50:12+00:00,1602994,2026-07-31T15:15:00Z,2026-07-31T15:11:45Z,2026-07-31T15:42:44Z,finished,best_of,1,Elisa BreakOut,Group B,135177,BC.Game Esports,138992,Trainwrecks eSports,135177,,,,,,,,BC.Game Esports,BC.Game Esports,135177,BC.Game Esports,win,0,,
223,paper_v1,value_3pp,2026-07-30T21:18:04+00:00,loss,MelBet,2026-07-30T21:15:24+00:00,126994,1.46,1000.0,0.7065589697974587,0.6265984654731458,0.0799605043243129,-1000.0,2026-07-31T20:00:30+00:00,999,2026-07-30T21:16:04+00:00,cs2_strong4_v1,126994,0.7065589697974587,0.2934410302025413,loss,2026-07-31T20:00:29+00:00,1587562,2026-07-31T17:15:00Z,2026-07-31T17:13:44Z,2026-07-31T19:55:30Z,finished,best_of,3,CCT Europe,Playoffs,126994,JiJieHao,138963,Black Phoenix,138963,,,,,,,,JiJieHao,JiJieHao,138963,Black Phoenix,loss,0,84902.0,83902.0
224,paper_v1,value_3pp,2026-07-30T21:18:22+00:00,skipped_low_odds,MelBet,2026-07-30T21:15:24+00:00,128519,1.377,0.0,0.5860946025599837,0.6643100926377377,-0.07821549007775397,,,1004,2026-07-30T21:16:05+00:00,cs2_strong4_v1,128519,0.5860946025599837,0.4139053974400163,win,2026-07-31T19:10:23+00:00,1596496,2026-07-31T17:15:00Z,2026-07-31T17:16:59Z,2026-07-31T19:06:47Z,finished,best_of,3,CCT Europe,Group Stage,128519,GenOne,135227,ENJOY,128519,,,,,,,,GenOne,GenOne,128519,GenOne,win,0,,
225,paper_v1,value_3pp,2026-07-30T21:18:22+00:00,skipped_low_odds,MelBet,2026-07-30T21:15:24+00:00,133542,1.39,0.0,0.569644436373212,0.6654632972322504,-0.09581886085903835,,,1009,2026-07-30T21:16:05+00:00,cs2_strong4_v1,133542,0.569644436373212,0.43035556362678795,win,2026-07-31T19:00:39+00:00,1602188,2026-07-31T17:20:00Z,2026-07-31T17:20:14Z,2026-07-31T18:55:00Z,finished,best_of,3,Thunderpick World Championship,Playoffs,133542,CYBERSHOKE Esports,137861,STATE,133542,,,,,,,,CYBERSHOKE Esports,CYBERSHOKE Esports,133542,CYBERSHOKE Esports,win,0,,
226,paper_v1,value_3pp,2026-07-30T21:18:22+00:00,skipped_no_line,,,137285,,0.0,0.5897696409370897,,,,,1014,2026-07-30T21:16:06+00:00,cs2_strong4_v1,137285,0.5897696409370897,0.4102303590629103,loss,2026-07-31T18:30:24+00:00,1608767,2026-07-31T17:15:00Z,2026-07-31T17:17:19Z,2026-07-31T17:46:57Z,finished,best_of,1,ESEA,Regular Season,137285,Hermine Esports Club,138710,Subtop De France,138710,,,,,,,,Hermine Esports Club,Hermine Esports Club,138710,Subtop De France,loss,0,,
227,paper_v1,value_3pp,2026-07-30T21:18:22+00:00,loss,MelBet,2026-07-30T21:15:24+00:00,132459,3.465,1000.0,0.585060189177999,0.2712933753943218,0.31376681378367716,-1000.0,2026-07-31T18:10:31+00:00,1019,2026-07-30T21:16:06+00:00,cs2_strong4_v1,132459,0.41493981082200104,0.585060189177999,loss,2026-07-31T18:10:29+00:00,1602995,2026-07-31T16:35:00Z,2026-07-31T16:35:14Z,2026-07-31T17:34:30Z,finished,best_of,1,Elisa BreakOut,Group B,125774,HAVU,132459,ROUNDS,125774,11,11,@metascope_ai,43,2026-07-30T21:18:43+00:00,48,2026-07-31T18:10:36+00:00,ROUNDS,ROUNDS,125774,HAVU,loss,1,85902.0,84902.0
228,paper_v1,value_3pp,2026-07-30T21:18:42+00:00,skipped_no_line,,,138939,,0.0,0.5724503137861416,,,,,1024,2026-07-30T21:16:06+00:00,cs2_strong4_v1,138939,0.4275496862138583,0.5724503137861416,win,2026-07-31T21:30:22+00:00,1609952,2026-07-31T18:20:00Z,2026-07-31T18:22:26Z,2026-07-31T21:22:33Z,finished,best_of,3,Gamers Club Liga Série A,Group D,131849,paiN Academy,138939,Rush,138939,,,,,,,,Rush,Rush,138939,Rush,win,0,,
229,paper_v1,value_3pp,2026-07-30T21:18:42+00:00,skipped_no_line,,,138358,,0.0,0.5069775723645689,,,,,1029,2026-07-30T21:16:07+00:00,cs2_strong4_v1,138358,0.4930224276354312,0.5069775723645689,loss,2026-07-31T17:30:22+00:00,1611825,2026-07-31T15:45:00Z,2026-07-31T15:45:56Z,2026-07-31T17:29:58Z,finished,best_of,3,CCT Europe,Playoffs,138358,banda chuya,138400,mellren,138400,,,,,,,,banda chuya,banda chuya,138400,mellren,loss,0,,
230,paper_v1,value_3pp,2026-07-31T21:15:59+00:00,skipped_no_line,,,132800,,0.0,0.6247405064747438,,,,,1034,2026-07-31T21:15:46+00:00,cs2_strong4_v1,132800,0.3752594935252562,0.6247405064747438,win,2026-08-01T00:00:33+00:00,1596532,2026-07-31T21:30:00Z,2026-07-31T21:30:15Z,2026-07-31T23:51:03Z,finished,best_of,3,StarLadder StarSeries,Playoffs,131848,largadosypelados,132800,BESTIA,132800,,,,,,,,BESTIA,BESTIA,132800,BESTIA,win,0,,
231,paper_v1,value_3pp,2026-07-31T21:15:59+00:00,skipped_no_value,MelBet,2026-07-31T21:15:21+00:00,137496,1.58,0.0,0.5618445128437966,0.5929933024214322,-0.03114878957763567,,,1039,2026-07-31T21:15:46+00:00,cs2_strong4_v1,137496,0.4381554871562034,0.5618445128437966,win,2026-08-01T00:30:11+00:00,1596585,2026-07-31T22:00:00Z,2026-07-31T22:00:16Z,2026-08-01T00:29:49Z,finished,best_of,3,StarLadder StarSeries,Playoffs,132366,LAG Gaming,137496,SportsBetExpert,137496,,,,,,,,SportsBetExpert,SportsBetExpert,137496,SportsBetExpert,win,0,,
232,paper_v1,value_3pp,2026-07-31T21:15:59+00:00,loss,MelBet,2026-07-31T21:15:21+00:00,133997,3.495,1000.0,0.5597161603403611,0.2665267576075551,0.29318940273280597,-1000.0,2026-08-01T02:30:43+00:00,1044,2026-07-31T21:15:46+00:00,cs2_strong4_v1,133997,0.44028383965963885,0.5597161603403611,loss,2026-08-01T02:30:42+00:00,1596586,2026-08-01T00:50:00Z,2026-08-01T00:46:19Z,2026-08-01T02:08:30Z,finished,best_of,3,StarLadder StarSeries,Playoffs,136318,Marsborne,133997,regain,136318,13,13,@metascope_ai,51,2026-07-31T21:18:06+00:00,53,2026-08-01T02:30:47+00:00,regain,regain,136318,Marsborne,loss,1,83902.0,82902.0
233,paper_v1,value_3pp,2026-07-31T21:16:19+00:00,skipped_no_line,,,138617,,0.0,0.7437083403271805,,,,,1049,2026-07-31T21:15:47+00:00,cs2_strong4_v1,138617,0.7437083403271805,0.2562916596728195,loss,2026-08-01T14:20:28+00:00,1587563,2026-08-01T11:20:00Z,2026-08-01T11:18:49Z,2026-08-01T14:16:05Z,finished,best_of,3,CCT Europe,Playoffs,138617,INOX Division,127014,Sinners,127014,,,,,,,,INOX Division,INOX Division,127014,Sinners,loss,0,,
234,paper_v1,value_3pp,2026-07-31T21:16:19+00:00,skipped_no_value,MelBet,2026-07-31T21:15:21+00:00,126994,1.7,0.0,0.5077234537241322,0.5525138194261647,-0.04479036570203254,,,1054,2026-07-31T21:15:47+00:00,cs2_strong4_v1,126994,0.49227654627586775,0.5077234537241322,loss,2026-08-01T13:50:08+00:00,1602189,2026-08-01T11:00:00Z,2026-08-01T11:04:28Z,2026-08-01T13:46:39Z,finished,best_of,3,Thunderpick World Championship,Playoffs,128519,GenOne,126994,JiJieHao,128519,,,,,,,,JiJieHao,JiJieHao,128519,GenOne,loss,0,,
235,paper_v1,value_3pp,2026-07-31T21:16:19+00:00,win,MelBet,2026-07-31T21:15:21+00:00,3251,1.74,1000.0,0.6400591575975213,0.5408970976253298,0.09916205997219152,740.0,2026-08-01T10:00:20+00:00,1059,2026-07-31T21:15:48+00:00,cs2_strong4_v1,3251,0.6400591575975213,0.3599408424024787,win,2026-08-01T10:00:19+00:00,1602996,2026-08-01T08:00:00Z,2026-08-01T08:01:09Z,2026-08-01T09:58:06Z,finished,best_of,3,Elisa BreakOut,Playoffs,3251,ENCE,125774,HAVU,3251,,,,,,,,ENCE,ENCE,3251,ENCE,win,0,82902.0,83642.0
236,paper_v1,value_3pp,2026-07-31T21:16:26+00:00,skipped_low_odds,MelBet,2026-07-31T21:15:21+00:00,137580,1.232,0.0,0.5493120331729968,0.754679410593389,-0.20536737742039224,,,1064,2026-07-31T21:15:48+00:00,cs2_strong4_v1,137580,0.5493120331729968,0.4506879668270032,loss,2026-08-01T09:30:47+00:00,1608661,2026-08-01T08:00:00Z,,,canceled,best_of,3,United21,Group D,137580, Phantom Academy,139014,Dynamo Eclot Phoenix,139014,,,,,,,, Phantom Academy, Phantom Academy,139014,Dynamo Eclot Phoenix,loss,0,,
237,paper_v1,value_3pp,2026-07-31T21:16:26+00:00,skipped_low_odds,MelBet,2026-07-31T21:15:21+00:00,3213,1.06,0.0,0.7147090856726358,0.8803611738148983,-0.1656520881422625,,,1069,2026-07-31T21:15:48+00:00,cs2_strong4_v1,3213,0.7147090856726358,0.2852909143273642,win,2026-08-01T11:30:29+00:00,1596594,2026-08-01T10:00:00Z,,,canceled,best_of,3,Stake Pulse,Group B,3213,Liquid,129370,Atputies,3213,,,,,,,,Liquid,Liquid,3213,Liquid,win,0,,
238,paper_v1,value_3pp,2026-07-31T21:16:26+00:00,loss,MelBet,2026-07-31T21:15:21+00:00,130590,2.911,1000.0,0.5888673188784204,0.31842659798642003,0.27044072089200033,-1000.0,2026-08-01T12:20:30+00:00,1074,2026-07-31T21:15:49+00:00,cs2_strong4_v1,130590,0.41113268112157964,0.5888673188784204,loss,2026-08-01T12:20:29+00:00,1596595,2026-08-01T10:00:00Z,2026-08-01T10:01:35Z,2026-08-01T12:18:42Z,finished,best_of,3,Stake Pulse,Group B,135381,Betclic Apogee Esports,130590,The Last Resort,135381,,,,,,,,The Last Resort,The Last Resort,135381,Betclic Apogee Esports,loss,0,83642.0,82642.0
239,paper_v1,value_3pp,2026-07-31T21:16:59+00:00,skipped_low_odds,MelBet,2026-07-31T21:15:21+00:00,124523,1.16,0.0,0.7735644750876995,0.8161648177496038,-0.04260034266190427,,,1079,2026-07-31T21:15:49+00:00,cs2_strong4_v1,124523,0.22643552491230048,0.7735644750876995,win,2026-08-01T13:40:10+00:00,1593365,2026-08-01T10:30:00Z,2026-08-01T10:31:16Z,2026-08-01T13:30:30Z,finished,best_of,3,BLAST Bounty,Playoffs,3212,FaZe,124523,Spirit,124523,,,,,,,,Spirit,Spirit,124523,Spirit,win,0,,
240,paper_v1,value_3pp,2026-07-31T21:16:59+00:00,skipped_no_value,MelBet,2026-07-31T21:15:21+00:00,138894,1.43,0.0,0.6194893742080735,0.6502812423575446,-0.030791868149471102,,,1084,2026-07-31T21:15:50+00:00,cs2_strong4_v1,138894,0.6194893742080735,0.3805106257919265,win,2026-08-01T12:10:11+00:00,1608662,2026-08-01T10:40:00Z,2026-08-01T10:41:24Z,2026-08-01T12:02:50Z,finished,best_of,3,United21,Group D,138894,FaZe Up Next,138618,Vitality Academy,138894,,,,,,,,FaZe Up Next,FaZe Up Next,138894,FaZe Up Next,win,0,,
241,paper_v1,value_3pp,2026-07-31T21:16:59+00:00,skipped_no_value,MelBet,2026-07-31T21:15:21+00:00,136659,1.496,0.0,0.5149947509145208,0.6116303219106958,-0.09663557099617492,,,1089,2026-07-31T21:15:50+00:00,cs2_strong4_v1,136659,0.48500524908547915,0.5149947509145208,win,2026-08-01T20:10:53+00:00,1587564,2026-08-01T18:00:00Z,2026-08-01T17:59:38Z,2026-08-01T20:03:29Z,finished,best_of,3,CCT Europe,Playoffs,138974,ex-RUSTEC,136659,SPARTA,136659,,,,,,,,SPARTA,SPARTA,136659,SPARTA,win,0,,
242,paper_v1,value_3pp,2026-07-31T21:16:59+00:00,loss,MelBet,2026-07-31T21:15:21+00:00,138650,1.881,1000.0,0.6438731405127553,0.48648648648648646,0.1573866540262689,-1000.0,2026-08-01T13:30:32+00:00,1094,2026-07-31T21:15:50+00:00,cs2_strong4_v1,138650,0.3561268594872446,0.6438731405127553,loss,2026-08-01T13:30:31+00:00,1596493,2026-08-01T11:10:00Z,2026-08-01T11:08:22Z,2026-08-01T13:21:59Z,finished,best_of,3,CCT Europe,Group Stage,127837,los kogutos,138650,NEW VISION,127837,,,,,,,,NEW VISION,NEW VISION,127837,los kogutos,loss,0,82642.0,81642.0
243,paper_v1,value_3pp,2026-07-31T21:17:41+00:00,skipped_no_line,,,133542,,0.0,0.7796984955829955,,,,,1099,2026-07-31T21:15:51+00:00,cs2_strong4_v1,133542,0.2203015044170044,0.7796984955829955,win,2026-08-01T20:00:46+00:00,1602190,2026-08-01T17:35:00Z,2026-08-01T17:39:14Z,2026-08-01T19:54:56Z,finished,best_of,3,Thunderpick World Championship,Playoffs,128629,megoshort,133542,CYBERSHOKE Esports,133542,,,,,,,,CYBERSHOKE Esports,CYBERSHOKE Esports,133542,CYBERSHOKE Esports,win,0,,
244,paper_v1,value_3pp,2026-07-31T21:17:41+00:00,skipped_low_odds,MelBet,2026-07-31T21:15:21+00:00,135177,1.06,0.0,0.7643958680262585,0.8823529411764706,-0.11795707315021209,,,1104,2026-07-31T21:15:51+00:00,cs2_strong4_v1,135177,0.23560413197374153,0.7643958680262585,win,2026-08-01T13:40:10+00:00,1602997,2026-08-01T12:00:00Z,2026-08-01T12:00:46Z,2026-08-01T13:35:58Z,finished,best_of,3,Elisa BreakOut,Playoffs,137707,SINQU,135177,BC.Game Esports,135177,,,,,,,,BC.Game Esports,BC.Game Esports,135177,BC.Game Esports,win,0,,
245,paper_v1,value_3pp,2026-07-31T21:17:41+00:00,skipped_low_odds,MelBet,2026-07-31T21:15:21+00:00,137861,1.26,0.0,0.6856944805017056,0.7372262773722629,-0.05153179687055731,,,1109,2026-07-31T21:15:52+00:00,cs2_strong4_v1,137861,0.3143055194982944,0.6856944805017056,win,2026-08-01T14:50:29+00:00,1608656,2026-08-01T13:10:00Z,2026-08-01T13:11:33Z,2026-08-01T14:42:18Z,finished,best_of,3,United21,Group C,138602,Inner Circle Prospect,137861,STATE,137861,,,,,,,,STATE,STATE,137861,STATE,win,0,,
246,paper_v1,value_3pp,2026-07-31T21:17:41+00:00,skipped_low_odds,MelBet,2026-07-31T21:15:21+00:00,3240,1.31,0.0,0.5697182050796799,0.7242105263157894,-0.15449232123610956,,,1114,2026-07-31T21:15:52+00:00,cs2_strong4_v1,3240,0.43028179492032015,0.5697182050796799,win,2026-08-01T17:20:30+00:00,1593366,2026-08-01T14:10:00Z,2026-08-01T14:16:13Z,2026-08-01T17:18:48Z,finished,best_of,3,BLAST Bounty,Playoffs,3209,Astralis,3240,MOUZ,3240,,,,,,,,MOUZ,MOUZ,3240,MOUZ,win,0,,
247,paper_v1,value_3pp,2026-07-31T21:17:41+00:00,skipped_no_line,,,138406,,0.0,0.621173191690759,,,,,1119,2026-07-31T21:15:52+00:00,cs2_strong4_v1,138406,0.3788268083092409,0.621173191690759,loss,2026-08-01T17:50:11+00:00,1587566,2026-08-01T14:30:00Z,2026-08-01T14:37:09Z,2026-08-01T17:41:58Z,finished,best_of,3,CCT Europe,Playoffs,131010,Sashi Esport,138406,Just Players,131010,,,,,,,,Just Players,Just Players,131010,Sashi Esport,loss,0,,
248,paper_v1,value_3pp,2026-07-31T21:17:41+00:00,loss,MelBet,2026-07-31T21:15:21+00:00,136659,1.615,1000.0,0.7070369131801854,0.5665593129361246,0.14047760024406075,-1000.0,2026-08-01T17:00:31+00:00,1124,2026-07-31T21:15:53+00:00,cs2_strong4_v1,136659,0.7070369131801854,0.29296308681981464,loss,2026-08-01T17:00:30+00:00,1596494,2026-08-01T14:10:00Z,2026-08-01T14:11:23Z,2026-08-01T16:50:40Z,finished,best_of,3,CCT Europe,Group Stage,136659,SPARTA,132927,Rune Eaters,132927,,,,,,,,SPARTA,SPARTA,132927,Rune Eaters,loss,0,81642.0,80642.0
249,paper_v1,value_3pp,2026-07-31T21:17:49+00:00,skipped_low_odds,MelBet,2026-07-31T21:15:21+00:00,138610,1.31,0.0,0.5800258299561084,0.7149075081610446,-0.13488167820493624,,,1129,2026-07-31T21:15:53+00:00,cs2_strong4_v1,138610,0.5800258299561084,0.4199741700438916,loss,2026-08-01T09:50:29+00:00,1602191,2026-08-01T08:00:00Z,2026-08-01T08:03:54Z,2026-08-01T09:43:48Z,finished,best_of,3,Thunderpick World Championship,Playoffs,138610,Walczaki,132426,Lazer Cats,132426,,,,,,,,Walczaki,Walczaki,132426,Lazer Cats,loss,0,,
250,paper_v1,value_3pp,2026-07-31T21:17:49+00:00,skipped_no_line,,,137581,,0.0,0.5513650741746904,,,,,1134,2026-07-31T21:15:53+00:00,cs2_strong4_v1,137581,0.5513650741746904,0.4486349258253096,loss,2026-08-01T18:30:19+00:00,1611821,2026-08-01T15:30:00Z,2026-08-01T15:38:31Z,2026-08-01T18:25:43Z,finished,best_of,3,CCT Europe,Playoffs,137581,Young TigeRES,134320,aimclub,134320,,,,,,,,Young TigeRES,Young TigeRES,134320,aimclub,loss,0,,
251,paper_v1,value_3pp,2026-07-31T21:17:49+00:00,skipped_low_odds,MelBet,2026-07-31T21:15:21+00:00,139035,1.31,0.0,0.5,0.7117711771177117,-0.21177117711771165,,,1139,2026-07-31T21:15:54+00:00,cs2_strong4_v1,139035,0.5,0.5,win,2026-08-01T19:50:30+00:00,1614313,2026-08-01T18:00:00Z,2026-08-01T18:08:09Z,2026-08-01T19:42:31Z,finished,best_of,3,Winline Star Series,Group B,139035,shoke Club,139036,SNAILKICK Club,139035,,,,,,,,shoke Club,shoke Club,139035,shoke Club,win,0,,
252,paper_v1,value_3pp,2026-07-31T21:17:49+00:00,skipped_no_line,,,138975,,0.0,0.6947931512084893,,,,,1144,2026-07-31T21:15:54+00:00,cs2_strong4_v1,138975,0.6947931512084893,0.3052068487915107,loss,2026-08-01T11:10:28+00:00,1587567,2026-08-01T08:00:00Z,2026-08-01T08:08:34Z,2026-08-01T11:01:43Z,finished,best_of,3,CCT Europe,Playoffs,138975,Butterfly,138963,Black Phoenix,138963,,,,,,,,Butterfly,Butterfly,138963,Black Phoenix,loss,0,,
253,paper_v1,value_3pp,2026-07-31T21:17:49+00:00,skipped_no_value,MelBet,2026-07-31T21:15:21+00:00,138406,1.567,0.0,0.6065701377374932,0.5839086563993627,0.022661481338130507,,,1149,2026-07-31T21:15:54+00:00,cs2_strong4_v1,138406,0.3934298622625068,0.6065701377374932,loss,2026-08-01T19:50:30+00:00,1596495,2026-08-01T18:10:00Z,2026-08-01T18:11:21Z,2026-08-01T19:45:36Z,finished,best_of,3,CCT Europe,Group Stage,138963,Black Phoenix,138406,Just Players,138963,,,,,,,,Just Players,Just Players,138963,Black Phoenix,loss,0,,
254,paper_v1,value_3pp,2026-07-31T21:17:49+00:00,skipped_no_line,,,138617,,0.0,0.5334222499283441,,,,,1154,2026-07-31T21:15:55+00:00,cs2_strong4_v1,138617,0.4665777500716559,0.5334222499283441,loss,2026-08-01T17:30:11+00:00,1602192,2026-08-01T14:30:00Z,2026-08-01T14:32:13Z,2026-08-01T17:24:37Z,finished,best_of,3,Thunderpick World Championship,Playoffs,126944,1WIN,138617,INOX Division,126944,,,,,,,,INOX Division,INOX Division,126944,1WIN,loss,0,,
255,paper_v1,value_3pp,2026-07-31T21:17:49+00:00,loss,MelBet,2026-07-31T21:15:21+00:00,135468,3.07,1000.0,0.7334597216845252,0.30542986425339375,0.4280298574311315,-1000.0,2026-08-01T20:10:54+00:00,1159,2026-07-31T21:15:55+00:00,cs2_strong4_v1,135468,0.2665402783154748,0.7334597216845252,loss,2026-08-01T20:10:53+00:00,1596527,2026-08-01T18:00:00Z,2026-08-01T18:02:55Z,2026-08-01T20:02:43Z,finished,best_of,3,StarLadder StarSeries,Playoffs,3250,MIBR,135468,ShindeN,3250,12,12,@metascope_ai,50,2026-07-31T21:18:06+00:00,54,2026-08-01T20:10:58+00:00,ShindeN,ShindeN,3250,MIBR,loss,1,80642.0,79642.0
256,paper_v1,value_3pp,2026-07-31T21:17:58+00:00,skipped_no_line,,,128766,,0.0,0.5465092293267553,,,,,1164,2026-07-31T21:15:56+00:00,cs2_strong4_v1,128766,0.4534907706732447,0.5465092293267553,win,2026-08-01T20:10:53+00:00,1611826,2026-08-01T18:40:00Z,2026-08-01T18:44:32Z,2026-08-01T20:08:47Z,finished,best_of,3,CCT Europe,Playoffs,138400,mellren,128766,Spirit Academy,128766,,,,,,,,Spirit Academy,Spirit Academy,128766,Spirit Academy,win,0,,
257,paper_v1,value_3pp,2026-07-31T21:17:58+00:00,loss,MelBet,2026-07-31T21:15:21+00:00,139030,2.856,1000.0,0.5,0.32577903682719545,0.17422096317280455,-1000.0,2026-08-01T23:00:08+00:00,1169,2026-07-31T21:15:56+00:00,cs2_strong4_v1,139030,0.5,0.5,loss,2026-08-01T23:00:07+00:00,1614314,2026-08-01T19:50:00Z,2026-08-01T19:51:12Z,2026-08-01T22:53:25Z,finished,best_of,3,Winline Star Series,Group A,139030,mokrivskiy Club,139033,Perfecto Club,139033,,,,,,,,mokrivskiy Club,mokrivskiy Club,139033,Perfecto Club,loss,0,79642.0,78642.0
258,paper_v1,value_3pp,2026-08-01T21:15:54+00:00,win,MelBet,2026-08-01T21:15:17+00:00,137510,2.894,1000.0,0.6475551666619004,0.3244631185807656,0.3230920480811348,1894.0000000000002,2026-08-02T00:20:29+00:00,1174,2026-08-01T21:15:41+00:00,cs2_strong4_v1,137510,0.3524448333380996,0.6475551666619004,win,2026-08-02T00:20:29+00:00,1596581,2026-08-01T22:00:00Z,2026-08-01T21:58:57Z,2026-08-02T00:13:30Z,finished,best_of,3,StarLadder StarSeries,Playoffs,3256,NRG,137510,Voca,137510,15,15,@metascope_ai,57,2026-08-01T21:16:35+00:00,58,2026-08-02T00:20:33+00:00,Voca,Voca,137510,Voca,win,1,78642.0,80536.0
259,paper_v1,value_3pp,2026-08-01T21:16:11+00:00,loss,MelBet,2026-08-01T21:15:17+00:00,136318,1.89,1000.0,0.5333437649621695,0.4986737400530504,0.034670024909119135,-1000.0,2026-08-02T02:10:29+00:00,1179,2026-08-01T21:15:42+00:00,cs2_strong4_v1,136318,0.4666562350378305,0.5333437649621695,loss,2026-08-02T02:10:28+00:00,1596587,2026-08-02T00:30:00Z,2026-08-02T00:33:59Z,2026-08-02T02:00:29Z,finished,best_of,3,StarLadder StarSeries,Playoffs,137496,SportsBetExpert,136318,Marsborne,137496,,,,,,,,Marsborne,Marsborne,137496,SportsBetExpert,loss,0,80536.0,79536.0
260,paper_v1,value_3pp,2026-08-01T21:16:16+00:00,loss,MelBet,2026-08-01T21:15:17+00:00,138660,2.142,1000.0,0.6558575833286446,0.435126582278481,0.22073100105016363,-1000.0,2026-08-02T11:20:29+00:00,1184,2026-08-01T21:15:42+00:00,cs2_strong4_v1,138660,0.6558575833286446,0.34414241667135537,loss,2026-08-02T11:20:29+00:00,1608568,2026-08-02T08:00:00Z,2026-08-02T08:09:24Z,2026-08-02T11:19:44Z,finished,best_of,3,United21,Group A,138660,WRAITH PCIFIC,135474,Fire Flux Esports,135474,,,,,,,,WRAITH PCIFIC,WRAITH PCIFIC,135474,Fire Flux Esports,loss,0,79536.0,78536.0
261,paper_v1,value_3pp,2026-08-01T21:16:30+00:00,skipped_no_line,,,136659,,0.0,0.6373401723100234,,,,,1189,2026-08-01T21:15:43+00:00,cs2_strong4_v1,136659,0.36265982768997657,0.6373401723100234,loss,2026-08-02T16:10:28+00:00,1587572,2026-08-02T13:00:00Z,2026-08-02T13:06:22Z,2026-08-02T16:07:29Z,finished,best_of,3,CCT Europe,Playoffs,127014,Sinners,136659,SPARTA,127014,,,,,,,,SPARTA,SPARTA,127014,Sinners,loss,0,,
262,paper_v1,value_3pp,2026-08-01T21:16:30+00:00,skipped_low_odds,MelBet,2026-08-01T21:15:17+00:00,137546,1.22,0.0,0.7617882671528476,0.7676190476190476,-0.005830780466200003,,,1194,2026-08-01T21:15:43+00:00,cs2_strong4_v1,137546,0.7617882671528476,0.23821173284715236,win,2026-08-02T11:50:11+00:00,1596599,2026-08-02T10:00:00Z,2026-08-02T10:00:22Z,2026-08-02T11:42:04Z,finished,best_of,3,Stake Pulse,Group C,137546,Acend,138811,6666,137546,,,,,,,,Acend,Acend,137546,Acend,win,0,,
263,paper_v1,value_3pp,2026-08-01T21:16:30+00:00,win,MelBet,2026-08-01T21:15:17+00:00,126624,3.02,1000.0,0.6708294254768075,0.31050228310502287,0.3603271423717846,2020.0,2026-08-02T12:00:30+00:00,1199,2026-08-01T21:15:44+00:00,cs2_strong4_v1,126624,0.3291705745231925,0.6708294254768075,win,2026-08-02T12:00:29+00:00,1596600,2026-08-02T10:00:00Z,2026-08-02T10:02:14Z,2026-08-02T11:57:53Z,finished,best_of,3,Stake Pulse,Group C,126408,9INE,126624,Brute,126624,14,14,@metascope_ai,56,2026-08-01T21:16:35+00:00,59,2026-08-02T12:00:35+00:00,Brute,Brute,126624,Brute,win,1,78536.0,80556.0
264,paper_v1,value_3pp,2026-08-01T21:16:35+00:00,skipped_no_line,,,133542,,0.0,0.5098357821463086,,,,,1204,2026-08-01T21:15:44+00:00,cs2_strong4_v1,133542,0.4901642178536913,0.5098357821463086,loss,2026-08-02T15:20:29+00:00,1602193,2026-08-02T13:45:00Z,2026-08-02T13:46:14Z,2026-08-02T15:19:40Z,finished,best_of,3,Thunderpick World Championship,Playoffs,128519,GenOne,133542,CYBERSHOKE Esports,128519,,,,,,,,CYBERSHOKE Esports,CYBERSHOKE Esports,128519,GenOne,loss,0,,
265,paper_v1,value_3pp,2026-08-01T21:16:35+00:00,skipped_low_odds,MelBet,2026-08-01T21:15:17+00:00,124523,1.205,0.0,0.6642248055168993,0.7880386983289357,-0.12381389281203636,,,1209,2026-08-01T21:15:44+00:00,cs2_strong4_v1,124523,0.6642248055168993,0.33577519448310067,loss,2026-08-02T14:50:29+00:00,1593367,2026-08-02T10:30:00Z,2026-08-02T10:31:17Z,2026-08-02T14:41:56Z,finished,best_of,5,BLAST Bounty,Playoffs,124523,Spirit,3240,MOUZ,3240,,,,,,,,Spirit,Spirit,3240,MOUZ,loss,0,,
266,paper_v1,value_3pp,2026-08-01T21:16:35+00:00,skipped_low_odds,MelBet,2026-08-01T21:15:17+00:00,139013,1.26,0.0,0.810648720715438,0.7372262773722629,0.07342244334317516,,,1214,2026-08-01T21:15:45+00:00,cs2_strong4_v1,139013,0.810648720715438,0.18935127928456197,win,2026-08-02T12:50:09+00:00,1608569,2026-08-02T11:15:00Z,,,canceled,best_of,3,United21,Group A,139013,Teletubisie,136593,Sangal ALTERS,139013,,,,,,,,Teletubisie,Teletubisie,139013,Teletubisie,win,0,,
267,paper_v1,value_3pp,2026-08-01T21:16:35+00:00,skipped_no_line,,,138963,,0.0,0.5317834548262221,,,,,1219,2026-08-01T21:15:45+00:00,cs2_strong4_v1,138963,0.4682165451737778,0.5317834548262221,loss,2026-08-02T12:30:11+00:00,1587573,2026-08-02T10:00:00Z,2026-08-02T10:09:20Z,2026-08-02T12:27:39Z,finished,best_of,3,CCT Europe,Playoffs,131010,Sashi Esport,138963,Black Phoenix,131010,,,,,,,,Black Phoenix,Black Phoenix,131010,Sashi Esport,loss,0,,
268,paper_v1,value_3pp,2026-08-01T21:16:35+00:00,skipped_no_line,,,126944,,0.0,0.7002770779851765,,,,,1224,2026-08-01T21:15:45+00:00,cs2_strong4_v1,126944,0.29972292201482353,0.7002770779851765,loss,2026-08-02T13:30:28+00:00,1602194,2026-08-02T10:00:00Z,2026-08-02T10:05:16Z,2026-08-02T13:22:37Z,finished,best_of,3,Thunderpick World Championship,Playoffs,139044,ex-1win,132426,Lazer Cats,132426,,,,,,,,,,132426,Lazer Cats,loss,0,,
269,paper_v1,value_3pp,2026-08-01T21:16:35+00:00,skipped_no_value,MelBet,2026-08-01T21:15:17+00:00,136516,1.58,0.0,0.6019576854387773,0.5929933024214322,0.008964383017345035,,,1229,2026-08-01T21:15:46+00:00,cs2_strong4_v1,136516,0.6019576854387773,0.39804231456122274,loss,2026-08-02T14:40:29+00:00,1615295,2026-08-02T13:00:00Z,2026-08-02T13:00:30Z,2026-08-02T14:35:45Z,finished,best_of,3,ESL Challenger League,Group A,136516,BASEMENT BOYS,135474,Fire Flux Esports,135474,,,,,,,,BASEMENT BOYS,BASEMENT BOYS,135474,Fire Flux Esports,loss,0,,
270,paper_v1,value_3pp,2026-08-01T21:16:35+00:00,skipped_no_line,,,138848,,0.0,0.5035985281313144,,,,,1234,2026-08-01T21:15:46+00:00,cs2_strong4_v1,138848,0.4964014718686856,0.5035985281313144,loss,2026-08-02T14:30:30+00:00,1615296,2026-08-02T13:00:00Z,2026-08-02T13:07:25Z,2026-08-02T14:25:13Z,finished,best_of,3,ESL Challenger League,Group A,136934,Bushido Wildcats,138848,Mai Tai,136934,,,,,,,,Mai Tai,Mai Tai,136934,Bushido Wildcats,loss,0,,
271,paper_v1,value_3pp,2026-08-01T21:16:35+00:00,skipped_no_line,,,134405,,0.0,0.58378137207926,,,,,1239,2026-08-01T21:15:46+00:00,cs2_strong4_v1,134405,0.4162186279207401,0.58378137207926,loss,2026-08-02T14:30:30+00:00,1615303,2026-08-02T13:00:00Z,2026-08-02T13:07:39Z,2026-08-02T14:25:28Z,finished,best_of,3,ESL Challenger League,Group B,133269,Leo Team,134405,Vexar,133269,,,,,,,,Vexar,Vexar,133269,Leo Team,loss,0,,
272,paper_v1,value_3pp,2026-08-01T21:16:35+00:00,skipped_no_line,,,138101,,0.0,0.6483524550541632,,,,,1244,2026-08-01T21:15:47+00:00,cs2_strong4_v1,138101,0.6483524550541632,0.35164754494583683,loss,2026-08-02T15:40:20+00:00,1615305,2026-08-02T13:00:00Z,2026-08-02T13:12:17Z,2026-08-02T15:36:24Z,finished,best_of,3,ESL Challenger League,Group B,138101,Inner Circle Academy,138777,ex-MANA eSports,138777,,,,,,,,Inner Circle Academy,Inner Circle Academy,138777,ex-MANA eSports,loss,0,,
273,paper_v1,value_3pp,2026-08-01T21:16:35+00:00,skipped_no_line,,,138742,,0.0,0.7221732829982966,,,,,1249,2026-08-01T21:15:47+00:00,cs2_strong4_v1,138742,0.7221732829982966,0.27782671700170336,loss,2026-08-02T14:30:30+00:00,1615312,2026-08-02T13:00:00Z,,,canceled,best_of,3,ESL Challenger League,Group C,138742,DragonClaw,137953,Fortress,137953,,,,,,,,DragonClaw,DragonClaw,137953,Fortress,loss,0,,
274,paper_v1,value_3pp,2026-08-01T21:16:35+00:00,skipped_no_line,,,127837,,0.0,0.5917855448285367,,,,,1254,2026-08-01T21:15:47+00:00,cs2_strong4_v1,127837,0.5917855448285367,0.40821445517146326,win,2026-08-02T15:00:29+00:00,1615313,2026-08-02T13:15:00Z,2026-08-02T13:17:40Z,2026-08-02T14:52:38Z,finished,best_of,3,ESL Challenger League,Group C,127837,los kogutos,138812,Noir Verse,127837,,,,,,,,los kogutos,los kogutos,127837,los kogutos,win,0,,
275,paper_v1,value_3pp,2026-08-01T21:16:35+00:00,skipped_no_line,,,138841,,0.0,0.5911559619956904,,,,,1259,2026-08-01T21:15:48+00:00,cs2_strong4_v1,138841,0.4088440380043096,0.5911559619956904,win,2026-08-02T15:50:29+00:00,1615318,2026-08-02T13:15:00Z,2026-08-02T13:14:52Z,2026-08-02T15:46:21Z,finished,best_of,3,ESL Challenger League,Group D,129160,MOUZ NXT,138841,WBT,138841,,,,,,,,WBT,WBT,138841,WBT,win,0,,
276,paper_v1,value_3pp,2026-08-01T21:16:35+00:00,skipped_no_line,,,134964,,0.0,0.5446078270071009,,,,,1264,2026-08-01T21:15:48+00:00,cs2_strong4_v1,134964,0.5446078270071009,0.45539217299289914,loss,2026-08-02T15:20:29+00:00,1615319,2026-08-02T13:50:00Z,,,canceled,best_of,3,ESL Challenger League,Group D,134964,Favbet,137075,Misa Esports,137075,,,,,,,,Favbet,Favbet,137075,Misa Esports,loss,0,,
277,paper_v1,value_3pp,2026-08-01T21:16:35+00:00,skipped_low_odds,MelBet,2026-08-01T21:15:17+00:00,128766,1.38,0.0,0.5387388078375595,0.6742209631728046,-0.1354821553352451,,,1269,2026-08-01T21:15:48+00:00,cs2_strong4_v1,128766,0.4612611921624406,0.5387388078375595,win,2026-08-02T18:10:29+00:00,1611827,2026-08-02T15:30:00Z,2026-08-02T15:36:14Z,2026-08-02T18:09:50Z,finished,best_of,3,CCT Europe,Playoffs,137581,Young TigeRES,128766,Spirit Academy,128766,,,,,,,,Spirit Academy,Spirit Academy,128766,Spirit Academy,win,0,,
278,paper_v1,value_3pp,2026-08-01T21:16:35+00:00,skipped_no_line,,,138465,,0.0,0.511011249030551,,,,,1274,2026-08-01T21:15:49+00:00,cs2_strong4_v1,138465,0.511011249030551,0.48898875096944905,loss,2026-08-13T18:30:11+00:00,1615253,2026-08-13T17:00:00Z,,,canceled,best_of,1,ESEA,Regular Season,138465,Arch,138694,Dark Moon,138694,,,,,,,,Arch,Arch,138694,Dark Moon,loss,0,,
279,paper_v1,value_3pp,2026-08-01T21:16:35+00:00,skipped_no_line,,,138940,,0.0,0.5027817896524615,,,,,1279,2026-08-01T21:15:49+00:00,cs2_strong4_v1,138940,0.5027817896524615,0.49721821034753855,loss,2026-08-02T20:20:29+00:00,1616180,2026-08-02T18:00:00Z,2026-08-02T18:05:04Z,2026-08-02T20:20:07Z,finished,best_of,3,Gamers Club Liga Série A,Group C,138940,???,135743,BESTIA Academy,135743,,,,,,,,???,???,135743,BESTIA Academy,loss,0,,
280,paper_v1,value_3pp,2026-08-01T21:16:35+00:00,skipped_no_value,MelBet,2026-08-01T21:15:17+00:00,139029,1.53,0.0,0.5874250186669895,0.6072895277207393,-0.019864509053749813,,,1284,2026-08-01T21:15:50+00:00,cs2_strong4_v1,139029,0.5874250186669895,0.4125749813330105,win,2026-08-02T21:10:29+00:00,1614315,2026-08-02T19:30:00Z,2026-08-02T19:29:19Z,2026-08-02T21:03:49Z,finished,best_of,3,Winline Star Series,Group B,139029,Lixxx Club,139036,SNAILKICK Club,139029,,,,,,,,Lixxx Club,Lixxx Club,139029,Lixxx Club,win,0,,
281,paper_v1,value_3pp,2026-08-01T21:16:35+00:00,skipped_no_value,MelBet,2026-08-01T21:15:17+00:00,139031,1.9,0.0,0.5,0.4864864864864864,0.013513513513513598,,,1289,2026-08-01T21:15:50+00:00,cs2_strong4_v1,139031,0.5,0.5,loss,2026-08-02T21:20:37+00:00,1614316,2026-08-02T19:05:00Z,2026-08-02T19:06:00Z,2026-08-02T21:16:50Z,finished,best_of,3,Winline Star Series,Group A,139031,Morphilina Club,139030,mokrivskiy Club,139030,,,,,,,,Morphilina Club,Morphilina Club,139030,mokrivskiy Club,loss,0,,
282,paper_v1,value_3pp,2026-08-02T21:15:55+00:00,loss,MelBet,2026-08-02T21:15:16+00:00,137496,3.66,1000.0,0.5522618667940649,0.25458248472505085,0.297679382069014,-1000.0,2026-08-03T00:10:31+00:00,1294,2026-08-02T21:15:44+00:00,cs2_strong4_v1,137496,0.44773813320593514,0.5522618667940649,loss,2026-08-03T00:10:30+00:00,1596588,2026-08-02T22:30:00Z,2026-08-02T22:29:08Z,2026-08-03T00:03:02Z,finished,best_of,3,StarLadder StarSeries,Playoffs,3256,NRG,137496,SportsBetExpert,3256,17,17,@metascope_ai,62,2026-08-02T21:18:32+00:00,63,2026-08-03T00:10:35+00:00,SportsBetExpert,SportsBetExpert,3256,NRG,loss,1,80556.0,79556.0
283,paper_v1,value_3pp,2026-08-02T21:16:14+00:00,pending,MelBet,2026-08-02T21:15:16+00:00,137500,2.689,1000.0,0.5495601858861041,0.34875272463066115,0.20080746125544296,,,1299,2026-08-02T21:15:44+00:00,cs2_strong4_v1,137500,0.4504398141138959,0.5495601858861041,win,2026-08-03T10:30:17+00:00,1582180,2026-08-03T08:20:00Z,2026-08-03T08:15:57Z,2026-08-03T10:22:46Z,finished,best_of,3,NODWIN Clutch Series,Playoffs,135497,WW Team,137500,CYBERSHOKE Prospects,137500,,,,,,,,CYBERSHOKE Prospects,CYBERSHOKE Prospects,137500,CYBERSHOKE Prospects,win,0,,
284,paper_v1,value_3pp,2026-08-02T21:16:29+00:00,pending,MelBet,2026-08-02T21:15:16+00:00,130059,3.33,1000.0,0.5364881798438168,0.27765726681127983,0.25883091303253697,,,1304,2026-08-02T21:15:44+00:00,cs2_strong4_v1,130059,0.5364881798438168,0.4635118201561832,loss,2026-08-03T15:41:12+00:00,1608593,2026-08-03T14:00:00Z,2026-08-03T14:58:14Z,2026-08-03T15:40:24Z,finished,best_of,3,United21,Group B,130059,Eternal Fire Academy,127899,VP.Prodigy,127899,,,,,,,,Eternal Fire Academy,Eternal Fire Academy,127899,VP.Prodigy,loss,0,,
285,paper_v1,value_3pp,2026-08-02T21:16:51+00:00,skipped_no_line,,,137538,,0.0,0.5371428045129567,,,,,1309,2026-08-02T21:15:45+00:00,cs2_strong4_v1,137538,0.5371428045129567,0.4628571954870433,loss,2026-08-04T17:00:31+00:00,1616786,2026-08-04T13:50:00Z,2026-08-04T13:55:16Z,2026-08-04T16:57:18Z,finished,best_of,3,European Pro League,Group A,137538,B8 Academy,137861,STATE,137861,,,,,,,,B8 Academy,B8 Academy,137861,STATE,loss,0,,
286,paper_v1,value_3pp,2026-08-02T21:16:51+00:00,pending,MelBet,2026-08-02T21:15:16+00:00,134188,2.784,1000.0,0.5843924877692308,0.33777354900095147,0.24661893876827934,,,1314,2026-08-02T21:15:45+00:00,cs2_strong4_v1,134188,0.4156075122307692,0.5843924877692308,loss,2026-08-03T12:20:14+00:00,1596604,2026-08-03T10:10:00Z,2026-08-03T10:11:10Z,2026-08-03T12:12:45Z,finished,best_of,3,Stake Pulse,Group D,129440,Metizport,134188,Johnny Speeds,129440,,,,,,,,Johnny Speeds,Johnny Speeds,129440,Metizport,loss,0,,
287,paper_v1,value_3pp,2026-08-02T21:17:06+00:00,skipped_low_odds,MelBet,2026-08-02T21:15:16+00:00,3217,1.12,0.0,0.8913645745317834,0.8169934640522876,0.07437111047949585,,,1319,2026-08-02T21:15:45+00:00,cs2_strong4_v1,3217,0.8913645745317834,0.10863542546821658,win,2026-08-03T11:40:31+00:00,1596605,2026-08-03T10:00:00Z,2026-08-03T10:01:13Z,2026-08-03T11:37:33Z,finished,best_of,3,Stake Pulse,Group D,3217,fnatic,126417,Lilmix,3217,,,,,,,,fnatic,fnatic,3217,fnatic,win,0,,
288,paper_v1,value_3pp,2026-08-02T21:17:06+00:00,skipped_low_odds,MelBet,2026-08-02T21:15:16+00:00,127114,1.09,0.0,0.6633810296024821,0.847124824684432,-0.18374379508194982,,,1324,2026-08-02T21:15:45+00:00,cs2_strong4_v1,127114,0.6633810296024821,0.33661897039751787,win,2026-08-03T11:30:33+00:00,1615338,2026-08-03T10:10:00Z,2026-08-03T10:09:22Z,2026-08-03T11:15:10Z,finished,best_of,3,Dfrag,Group A,127114,Rooster,139040,Finishers,127114,,,,,,,,Rooster,Rooster,127114,Rooster,win,0,,
289,paper_v1,value_3pp,2026-08-02T21:17:06+00:00,pending,MelBet,2026-08-02T21:15:16+00:00,126278,2.366,1000.0,0.5145466762114475,0.3927104722792608,0.12183620393218664,,,1329,2026-08-02T21:15:46+00:00,cs2_strong4_v1,126278,0.4854533237885525,0.5145466762114475,win,2026-08-03T13:10:30+00:00,1615339,2026-08-03T10:20:00Z,2026-08-03T10:21:40Z,2026-08-03T13:00:57Z,finished,best_of,3,Dfrag,Group A,131110,Mindfreak,126278,FURY,126278,,,,,,,,FURY,FURY,126278,FURY,win,0,,
290,paper_v1,value_3pp,2026-08-02T21:17:23+00:00,skipped_no_line,,,138820,,0.0,0.6909009962936592,,,,,1334,2026-08-02T21:15:46+00:00,cs2_strong4_v1,138820,0.6909009962936592,0.3090990037063408,win,2026-08-03T13:20:32+00:00,1608594,2026-08-03T10:40:00Z,2026-08-03T10:36:34Z,2026-08-03T13:19:02Z,finished,best_of,3,United21,Group B,138820,EAC Rising,138281,Passion Academy,138820,,,,,,,,EAC Rising,EAC Rising,138820,EAC Rising,win,0,,
291,paper_v1,value_3pp,2026-08-02T21:17:23+00:00,skipped_no_line,,,138894,,0.0,0.6330226428395228,,,,,1339,2026-08-02T21:15:46+00:00,cs2_strong4_v1,138894,0.6330226428395228,0.3669773571604772,win,2026-08-03T13:30:13+00:00,1616787,2026-08-03T10:30:00Z,2026-08-03T10:35:22Z,2026-08-03T13:21:38Z,finished,best_of,3,European Pro League,Group A,138894,FaZe Up Next,137236,3DMAX Academy,138894,,,,,,,,FaZe Up Next,FaZe Up Next,138894,FaZe Up Next,win,0,,
292,paper_v1,value_3pp,2026-08-02T21:17:23+00:00,skipped_no_value,MelBet,2026-08-02T21:15:16+00:00,126944,1.58,0.0,0.5223439912608216,0.5929933024214322,-0.07064931116061057,,,1344,2026-08-02T21:15:47+00:00,cs2_strong4_v1,126944,0.5223439912608216,0.47765600873917835,win,2026-08-03T14:00:32+00:00,1582181,2026-08-03T11:00:00Z,2026-08-03T11:09:45Z,2026-08-03T13:51:09Z,finished,best_of,3,NODWIN Clutch Series,Playoffs,126944,1WIN,137932,ex-RUBY,126944,,,,,,,,1WIN,1WIN,126944,1WIN,win,0,,
293,paper_v1,value_3pp,2026-08-02T21:17:23+00:00,skipped_no_line,,,138406,,0.0,0.649562292171858,,,,,1349,2026-08-02T21:15:47+00:00,cs2_strong4_v1,138406,0.649562292171858,0.350437707828142,loss,2026-08-03T13:40:34+00:00,1596500,2026-08-03T11:10:00Z,2026-08-03T11:14:03Z,2026-08-03T13:35:29Z,finished,best_of,3,CCT Europe,Group Stage,138406,Just Players,127837,los kogutos,127837,,,,,,,,Just Players,Just Players,127837,los kogutos,loss,0,,
294,paper_v1,value_3pp,2026-08-02T21:17:23+00:00,skipped_no_value,MelBet,2026-08-02T21:15:16+00:00,139033,1.49,0.0,0.5874250186669894,0.6237373737373738,-0.03631235507038444,,,1354,2026-08-02T21:15:47+00:00,cs2_strong4_v1,139033,0.41257498133301057,0.5874250186669894,win,2026-08-03T13:20:32+00:00,1614317,2026-08-03T11:00:00Z,2026-08-03T11:06:12Z,2026-08-03T13:15:38Z,finished,best_of,3,Winline Star Series,Group A,139034,Recrent Club,139033,Perfecto Club,139033,,,,,,,,Perfecto Club,Perfecto Club,139033,Perfecto Club,win,0,,
295,paper_v1,value_3pp,2026-08-02T21:17:23+00:00,pending,MelBet,2026-08-02T21:15:16+00:00,136516,1.87,1000.0,0.5317746292199762,0.5,0.0317746292199762,,,1359,2026-08-02T21:15:48+00:00,cs2_strong4_v1,136516,0.5317746292199762,0.4682253707800238,win,2026-08-03T15:10:32+00:00,1615300,2026-08-03T13:00:00Z,2026-08-03T13:02:39Z,2026-08-03T15:07:58Z,finished,best_of,3,ESL Challenger League,Group A,136516,BASEMENT BOYS,135474,Fire Flux Esports,136516,,,,,,,,BASEMENT BOYS,BASEMENT BOYS,136516,BASEMENT BOYS,win,0,,
296,paper_v1,value_3pp,2026-08-02T21:17:39+00:00,skipped_no_value,MelBet,2026-08-02T21:15:16+00:00,133269,1.44,0.0,0.6056712633123796,0.6512472753693388,-0.04557601205695916,,,1364,2026-08-02T21:15:48+00:00,cs2_strong4_v1,133269,0.6056712633123796,0.39432873668762036,win,2026-08-03T16:20:31+00:00,1615311,2026-08-03T13:00:00Z,2026-08-03T13:05:05Z,2026-08-03T16:15:34Z,finished,best_of,3,ESL Challenger League,Group B,133269,Leo Team,138101,Inner Circle Academy,133269,,,,,,,,Leo Team,Leo Team,133269,Leo Team,win,0,,
297,paper_v1,value_3pp,2026-08-02T21:17:39+00:00,pending,MelBet,2026-08-02T21:15:16+00:00,137953,3.145,1000.0,0.6450088901532556,0.29877369007803795,0.34623520007521763,,,1369,2026-08-02T21:15:48+00:00,cs2_strong4_v1,137953,0.3549911098467444,0.6450088901532556,loss,2026-08-03T14:50:30+00:00,1615316,2026-08-03T13:00:00Z,2026-08-03T13:05:52Z,2026-08-03T14:48:18Z,finished,best_of,3,ESL Challenger League,Group C,138812,Noir Verse,137953,Fortress,138812,16,16,@metascope_ai,61,2026-08-02T21:18:32+00:00,,,Fortress,Fortress,138812,Noir Verse,loss,1,,
298,paper_v1,value_3pp,2026-08-02T21:17:56+00:00,skipped_no_value,MelBet,2026-08-02T21:15:16+00:00,137075,1.77,0.0,0.5180758535465222,0.528,-0.009924146453477833,,,1374,2026-08-02T21:15:49+00:00,cs2_strong4_v1,137075,0.4819241464534778,0.5180758535465222,loss,2026-08-03T16:50:32+00:00,1615324,2026-08-03T13:00:00Z,2026-08-03T13:07:30Z,2026-08-03T16:45:08Z,finished,best_of,3,ESL Challenger League,Group D,129160,MOUZ NXT,137075,Misa Esports,129160,,,,,,,,Misa Esports,Misa Esports,129160,MOUZ NXT,loss,0,,
299,paper_v1,value_3pp,2026-08-02T21:17:56+00:00,skipped_low_odds,MelBet,2026-08-02T21:15:16+00:00,139033,1.3,0.0,0.5874250186669895,0.713971397139714,-0.12654637847272454,,,1379,2026-08-02T21:15:49+00:00,cs2_strong4_v1,139033,0.5874250186669895,0.4125749813330105,loss,2026-08-03T15:50:31+00:00,1614318,2026-08-03T13:45:00Z,2026-08-03T13:53:26Z,2026-08-03T15:45:23Z,finished,best_of,3,Winline Star Series,Group A,139033,Perfecto Club,139031,Morphilina Club,139031,,,,,,,,Perfecto Club,Perfecto Club,139031,Morphilina Club,loss,0,,
300,paper_v1,value_3pp,2026-08-02T21:17:56+00:00,pending,MelBet,2026-08-02T21:15:16+00:00,138975,2.501,1000.0,0.5136185432850966,0.37490627343164207,0.13871226985345453,,,1384,2026-08-02T21:15:50+00:00,cs2_strong4_v1,138975,0.48638145671490335,0.5136185432850966,win,2026-08-03T17:00:31+00:00,1582182,2026-08-03T14:15:00Z,2026-08-03T14:20:22Z,2026-08-03T16:56:58Z,finished,best_of,3,NODWIN Clutch Series,Playoffs,130360,ARCRED,138975,Butterfly,138975,,,,,,,,Butterfly,Butterfly,138975,Butterfly,win,0,,
301,paper_v1,value_3pp,2026-08-02T21:18:17+00:00,skipped_no_value,MelBet,2026-08-02T21:15:16+00:00,136659,1.53,0.0,0.5593190434049355,0.5980031529164477,-0.03868410951151213,,,1389,2026-08-02T21:15:50+00:00,cs2_strong4_v1,136659,0.5593190434049355,0.44068095659506445,win,2026-08-03T16:30:20+00:00,1596501,2026-08-03T14:00:00Z,2026-08-03T14:03:33Z,2026-08-03T16:24:27Z,finished,best_of,3,CCT Europe,Group Stage,136659,SPARTA,138985,ex-Young Ninjas,136659,,,,,,,,SPARTA,SPARTA,136659,SPARTA,win,0,,
302,paper_v1,value_3pp,2026-08-02T21:18:17+00:00,skipped_low_odds,MelBet,2026-08-02T21:15:16+00:00,125863,1.05,0.0,0.8250487836390644,0.8771929824561404,-0.05214419881707599,,,1394,2026-08-02T21:15:50+00:00,cs2_strong4_v1,125863,0.8250487836390644,0.17495121636093558,win,2026-08-03T17:10:50+00:00,1611486,2026-08-03T14:10:00Z,2026-08-03T14:10:09Z,2026-08-03T17:02:59Z,finished,best_of,3,BetBoom Storm,Group Stage,125863,Isurus,134542,ODDIK Academy,125863,,,,,,,,Isurus,Isurus,125863,Isurus,win,0,,
303,paper_v1,value_3pp,2026-08-02T21:18:17+00:00,skipped_no_value,MelBet,2026-08-02T21:15:16+00:00,139028,1.63,0.0,0.5874250186669895,0.5702610071183759,0.017164011548613578,,,1399,2026-08-02T21:15:51+00:00,cs2_strong4_v1,139028,0.5874250186669895,0.4125749813330105,loss,2026-08-03T18:00:12+00:00,1614319,2026-08-03T16:40:00Z,2026-08-03T16:41:38Z,2026-08-03T17:53:21Z,finished,best_of,3,Winline Star Series,Group A,139028,Buster Club,139030,mokrivskiy Club,139030,,,,,,,,Buster Club,Buster Club,139030,mokrivskiy Club,loss,0,,
304,paper_v1,value_3pp,2026-08-02T21:18:17+00:00,pending,MelBet,2026-08-02T21:15:16+00:00,138974,2.302,1000.0,0.550359317108444,0.4070066975785678,0.1433526195298762,,,1404,2026-08-02T21:15:51+00:00,cs2_strong4_v1,138974,0.44964068289155606,0.550359317108444,win,2026-08-03T19:10:51+00:00,1582183,2026-08-03T17:15:00Z,2026-08-03T17:20:33Z,2026-08-03T19:08:04Z,finished,best_of,3,NODWIN Clutch Series,Playoffs,138610,Walczaki,138974,ex-RUSTEC,138974,,,,,,,,ex-RUSTEC,ex-RUSTEC,138974,ex-RUSTEC,win,0,,
305,paper_v1,value_3pp,2026-08-02T21:18:21+00:00,skipped_low_odds,MelBet,2026-08-02T21:15:16+00:00,128519,1.275,0.0,0.7591572542185786,0.7172949002217296,0.04186235399684901,,,1409,2026-08-02T21:15:51+00:00,cs2_strong4_v1,128519,0.7591572542185786,0.2408427457814214,win,2026-08-03T19:00:21+00:00,1596502,2026-08-03T17:00:00Z,2026-08-03T17:07:58Z,2026-08-03T18:56:46Z,finished,best_of,3,CCT Europe,Group Stage,128519,GenOne,133063,UNiTY esports,128519,,,,,,,,GenOne,GenOne,128519,GenOne,win,0,,
306,paper_v1,value_3pp,2026-08-02T21:18:21+00:00,skipped_low_odds,MelBet,2026-08-02T21:15:16+00:00,3225,1.29,0.0,0.663319562265682,0.7164835164835164,-0.053163954217834375,,,1414,2026-08-02T21:15:51+00:00,cs2_strong4_v1,3225,0.663319562265682,0.336680437734318,loss,2026-08-03T19:50:40+00:00,1611487,2026-08-03T17:20:00Z,2026-08-03T17:15:08Z,2026-08-03T19:44:46Z,finished,best_of,3,BetBoom Storm,Group Stage,3225,Keyd,138886,BORRACHEIROS,138886,,,,,,,,Keyd,Keyd,138886,BORRACHEIROS,loss,0,,
307,paper_v1,value_3pp,2026-08-02T21:18:21+00:00,pending,MelBet,2026-08-02T21:15:16+00:00,139029,2.075,1000.0,0.5462744344940046,0.448871181938911,0.09740325255509358,,,1419,2026-08-02T21:15:52+00:00,cs2_strong4_v1,139029,0.5462744344940046,0.4537255655059954,loss,2026-08-03T21:50:30+00:00,1614320,2026-08-03T19:30:00Z,2026-08-03T19:28:44Z,2026-08-03T21:45:23Z,finished,best_of,3,Winline Star Series,Group B,139029,Lixxx Club,139037,WorldEdit Club,139037,,,,,,,,Lixxx Club,Lixxx Club,139037,WorldEdit Club,loss,0,,
308,paper_v1,value_3pp,2026-08-02T21:18:32+00:00,skipped_low_odds,MelBet,2026-08-02T21:15:16+00:00,126377,1.06,0.0,0.8917984641119651,0.8761682242990654,0.015630239812899682,,,1424,2026-08-02T21:15:52+00:00,cs2_strong4_v1,126377,0.8917984641119651,0.10820153588803494,win,2026-08-03T21:40:19+00:00,1611488,2026-08-03T20:10:00Z,2026-08-03T20:10:23Z,2026-08-03T21:35:46Z,finished,best_of,3,BetBoom Storm,Group Stage,126377,Imperial,128378,Procyon Gaming,126377,,,,,,,,Imperial,Imperial,126377,Imperial,win,0,,
309,paper_v2,value_3pp,2026-08-03T04:53:16+00:00,skipped_high_odds,MelBet,2026-08-02T21:20:07+00:00,137500,2.689,0.0,0.5099801895530173,0.34875272463066115,0.16122746492235612,,,1429,2026-08-03T01:45:13+00:00,cs2_team_v2,137500,0.49001981044698273,0.5099801895530173,win,2026-08-03T10:30:17+00:00,1582180,2026-08-03T08:20:00Z,2026-08-03T08:15:57Z,2026-08-03T10:22:46Z,finished,best_of,3,NODWIN Clutch Series,Playoffs,135497,WW Team,137500,CYBERSHOKE Prospects,137500,,,,,,,,CYBERSHOKE Prospects,CYBERSHOKE Prospects,137500,CYBERSHOKE Prospects,win,0,,
310,paper_v2,value_3pp,2026-08-03T04:53:16+00:00,skipped_roster_uncertain,,,130059,,0.0,0.6085255956009534,,,,,1430,2026-08-03T01:45:13+00:00,cs2_team_v2,130059,0.6085255956009534,0.39147440439904657,loss,2026-08-03T15:41:12+00:00,1608593,2026-08-03T14:00:00Z,2026-08-03T14:58:14Z,2026-08-03T15:40:24Z,finished,best_of,3,United21,Group B,130059,Eternal Fire Academy,127899,VP.Prodigy,127899,,,,,,,,Eternal Fire Academy,Eternal Fire Academy,127899,VP.Prodigy,loss,0,,
311,paper_v2,value_3pp,2026-08-03T04:53:16+00:00,skipped_no_line,,,137538,,0.0,0.5487183111378826,,,,,1431,2026-08-03T21:15:52+00:00,cs2_team_v2,137538,0.5301466886733643,0.46985331132663566,loss,2026-08-04T17:00:31+00:00,1616786,2026-08-04T13:50:00Z,2026-08-04T13:55:16Z,2026-08-04T16:57:18Z,finished,best_of,3,European Pro League,Group A,137538,B8 Academy,137861,STATE,137861,,,,,,,,B8 Academy,B8 Academy,137861,STATE,loss,0,,
312,paper_v2,value_3pp,2026-08-03T04:53:16+00:00,skipped_roster_uncertain,,,134188,,0.0,0.5792770687314315,,,,,1432,2026-08-03T01:45:14+00:00,cs2_team_v2,134188,0.42072293126856847,0.5792770687314315,loss,2026-08-03T12:20:14+00:00,1596604,2026-08-03T10:10:00Z,2026-08-03T10:11:10Z,2026-08-03T12:12:45Z,finished,best_of,3,Stake Pulse,Group D,129440,Metizport,134188,Johnny Speeds,129440,,,,,,,,Johnny Speeds,Johnny Speeds,129440,Metizport,loss,0,,
313,paper_v2,value_3pp,2026-08-03T04:53:16+00:00,skipped_low_odds,MelBet,2026-08-02T21:20:07+00:00,3217,1.12,0.0,0.8288917317422791,0.8169934640522876,0.011898267689991582,,,1433,2026-08-03T01:45:14+00:00,cs2_team_v2,3217,0.8288917317422791,0.17110826825772085,win,2026-08-03T11:40:31+00:00,1596605,2026-08-03T10:00:00Z,2026-08-03T10:01:13Z,2026-08-03T11:37:33Z,finished,best_of,3,Stake Pulse,Group D,3217,fnatic,126417,Lilmix,3217,,,,,,,,fnatic,fnatic,3217,fnatic,win,0,,
314,paper_v2,value_3pp,2026-08-03T04:53:16+00:00,skipped_roster_uncertain,,,138820,,0.0,0.6629755280571256,,,,,1434,2026-08-03T01:45:15+00:00,cs2_team_v2,138820,0.6629755280571256,0.33702447194287444,win,2026-08-03T13:20:32+00:00,1608594,2026-08-03T10:40:00Z,2026-08-03T10:36:34Z,2026-08-03T13:19:02Z,finished,best_of,3,United21,Group B,138820,EAC Rising,138281,Passion Academy,138820,,,,,,,,EAC Rising,EAC Rising,138820,EAC Rising,win,0,,
315,paper_v2,value_3pp,2026-08-03T04:53:16+00:00,skipped_roster_uncertain,,,126944,,0.0,0.5628076039349543,,,,,1435,2026-08-03T01:45:16+00:00,cs2_team_v2,126944,0.5628076039349543,0.4371923960650457,win,2026-08-03T14:00:32+00:00,1582181,2026-08-03T11:00:00Z,2026-08-03T11:09:45Z,2026-08-03T13:51:09Z,finished,best_of,3,NODWIN Clutch Series,Playoffs,126944,1WIN,137932,ex-RUBY,126944,,,,,,,,1WIN,1WIN,126944,1WIN,win,0,,
316,paper_v2,value_3pp,2026-08-03T04:53:16+00:00,skipped_no_line,,,138406,,0.0,0.6283501545598942,,,,,1436,2026-08-03T01:45:16+00:00,cs2_team_v2,138406,0.6283501545598942,0.3716498454401058,loss,2026-08-03T13:40:34+00:00,1596500,2026-08-03T11:10:00Z,2026-08-03T11:14:03Z,2026-08-03T13:35:29Z,finished,best_of,3,CCT Europe,Group Stage,138406,Just Players,127837,los kogutos,127837,,,,,,,,Just Players,Just Players,127837,los kogutos,loss,0,,
317,paper_v2,value_3pp,2026-08-03T04:53:16+00:00,win,MelBet,2026-08-02T21:20:07+00:00,136516,1.87,1000.0,0.5408958973438969,0.5,0.04089589734389687,870.0000000000001,2026-08-03T15:10:34+00:00,1437,2026-08-03T01:45:17+00:00,cs2_team_v2,136516,0.5408958973438969,0.45910410265610313,win,2026-08-03T15:10:32+00:00,1615300,2026-08-03T13:00:00Z,2026-08-03T13:02:39Z,2026-08-03T15:07:58Z,finished,best_of,3,ESL Challenger League,Group A,136516,BASEMENT BOYS,135474,Fire Flux Esports,136516,,,,,,,,BASEMENT BOYS,BASEMENT BOYS,136516,BASEMENT BOYS,win,0,100000.0,100870.0
318,paper_v2,value_3pp,2026-08-03T04:53:16+00:00,skipped_roster_uncertain,,,138101,,0.0,0.5164495730666516,,,,,1438,2026-08-03T01:45:17+00:00,cs2_team_v2,138101,0.4835504269333484,0.5164495730666516,loss,2026-08-03T16:20:31+00:00,1615311,2026-08-03T13:00:00Z,2026-08-03T13:05:05Z,2026-08-03T16:15:34Z,finished,best_of,3,ESL Challenger League,Group B,133269,Leo Team,138101,Inner Circle Academy,133269,,,,,,,,Inner Circle Academy,Inner Circle Academy,133269,Leo Team,loss,0,,
319,paper_v2,value_3pp,2026-08-03T04:53:16+00:00,skipped_high_odds,MelBet,2026-08-02T21:20:07+00:00,137953,3.145,0.0,0.6443815613981496,0.29877369007803795,0.34560787132011167,,,1439,2026-08-03T01:45:18+00:00,cs2_team_v2,137953,0.3556184386018504,0.6443815613981496,loss,2026-08-03T14:50:30+00:00,1615316,2026-08-03T13:00:00Z,2026-08-03T13:05:52Z,2026-08-03T14:48:18Z,finished,best_of,3,ESL Challenger League,Group C,138812,Noir Verse,137953,Fortress,138812,,,,,,,,Fortress,Fortress,138812,Noir Verse,loss,0,,
320,paper_v2,value_3pp,2026-08-03T04:53:16+00:00,skipped_roster_uncertain,,,129160,,0.0,0.5196229883354198,,,,,1440,2026-08-03T01:45:18+00:00,cs2_team_v2,129160,0.5196229883354198,0.48037701166458024,win,2026-08-03T16:50:32+00:00,1615324,2026-08-03T13:00:00Z,2026-08-03T13:07:30Z,2026-08-03T16:45:08Z,finished,best_of,3,ESL Challenger League,Group D,129160,MOUZ NXT,137075,Misa Esports,129160,,,,,,,,MOUZ NXT,MOUZ NXT,129160,MOUZ NXT,win,0,,
321,paper_v2,value_3pp,2026-08-03T04:53:16+00:00,skipped_no_value,MelBet,2026-08-02T21:20:07+00:00,130360,1.5,0.0,0.5065696189840005,0.6250937265683578,-0.11852410758435727,,,1441,2026-08-03T01:45:19+00:00,cs2_team_v2,130360,0.5065696189840005,0.49343038101599945,loss,2026-08-03T17:00:31+00:00,1582182,2026-08-03T14:15:00Z,2026-08-03T14:20:22Z,2026-08-03T16:56:58Z,finished,best_of,3,NODWIN Clutch Series,Playoffs,130360,ARCRED,138975,Butterfly,138975,,,,,,,,ARCRED,ARCRED,138975,Butterfly,loss,0,,
322,paper_v2,value_3pp,2026-08-03T04:53:16+00:00,skipped_roster_uncertain,,,137538,,0.0,0.5984545037629344,,,,,1444,2026-08-03T01:45:20+00:00,cs2_team_v2,137538,0.5984545037629344,0.4015454962370656,loss,2026-08-03T18:00:12+00:00,1617666,2026-08-03T16:40:00Z,2026-08-03T16:43:15Z,2026-08-03T17:33:02Z,finished,best_of,1,ESEA,Regular Season,137538,B8 Academy,131591,XI Esport,131591,,,,,,,,B8 Academy,B8 Academy,131591,XI Esport,loss,0,,
323,paper_v2,value_3pp,2026-08-03T04:53:16+00:00,skipped_roster_uncertain,,,138974,,0.0,0.5052802792351745,,,,,1448,2026-08-03T01:45:20+00:00,cs2_team_v2,138974,0.4947197207648255,0.5052802792351745,win,2026-08-03T19:10:51+00:00,1582183,2026-08-03T17:15:00Z,2026-08-03T17:20:33Z,2026-08-03T19:08:04Z,finished,best_of,3,NODWIN Clutch Series,Playoffs,138610,Walczaki,138974,ex-RUSTEC,138974,,,,,,,,ex-RUSTEC,ex-RUSTEC,138974,ex-RUSTEC,win,0,,
324,paper_v2,value_3pp,2026-08-03T04:53:16+00:00,skipped_low_odds,MelBet,2026-08-02T21:20:07+00:00,128519,1.275,0.0,0.7471770995413354,0.7172949002217296,0.029882199319605784,,,1449,2026-08-03T01:45:21+00:00,cs2_team_v2,128519,0.7471770995413354,0.2528229004586646,win,2026-08-03T19:00:21+00:00,1596502,2026-08-03T17:00:00Z,2026-08-03T17:07:58Z,2026-08-03T18:56:46Z,finished,best_of,3,CCT Europe,Group Stage,128519,GenOne,133063,UNiTY esports,128519,,,,,,,,GenOne,GenOne,128519,GenOne,win,0,,
325,paper_v2,value_3pp,2026-08-03T04:53:16+00:00,skipped_low_odds,MelBet,2026-08-02T21:20:07+00:00,126377,1.06,0.0,0.8727359375129611,0.8761682242990654,-0.0034322867861042994,,,1465,2026-08-03T01:45:23+00:00,cs2_team_v2,126377,0.8727359375129611,0.12726406248703892,win,2026-08-03T21:40:19+00:00,1611488,2026-08-03T20:10:00Z,2026-08-03T20:10:23Z,2026-08-03T21:35:46Z,finished,best_of,3,BetBoom Storm,Group Stage,126377,Imperial,128378,Procyon Gaming,126377,,,,,,,,Imperial,Imperial,126377,Imperial,win,0,,
326,paper_v2,value_3pp,2026-08-03T21:16:00+00:00,skipped_low_odds,MelBet,2026-08-03T21:15:18+00:00,135673,1.343,0.0,0.7452195281410486,0.7030731815166924,0.042146346624356235,,,1473,2026-08-03T21:15:47+00:00,cs2_team_v2,135673,0.7452195281410486,0.25478047185895136,win,2026-08-04T10:10:30+00:00,1582184,2026-08-04T08:15:00Z,2026-08-04T08:13:10Z,2026-08-04T10:08:11Z,finished,best_of,3,NODWIN Clutch Series,Playoffs,135673,Nuclear TigeRES,138406,Just Players,135673,,,,,,,,Nuclear TigeRES,Nuclear TigeRES,135673,Nuclear TigeRES,win,0,,
327,paper_v2,value_3pp,2026-08-03T21:16:00+00:00,skipped_roster_uncertain,,,135321,,0.0,0.5662821875691155,,,,,1479,2026-08-03T21:15:48+00:00,cs2_team_v2,135321,0.5662821875691155,0.4337178124308845,loss,2026-08-04T09:30:31+00:00,1607888,2026-08-04T08:00:00Z,2026-08-04T08:00:50Z,2026-08-04T09:23:45Z,finished,best_of,3,Stake Pulse,Playoffs,135321,G2 Ares,134188,Johnny Speeds,134188,,,,,,,,G2 Ares,G2 Ares,134188,Johnny Speeds,loss,0,,
328,paper_v2,value_3pp,2026-08-03T21:16:00+00:00,skipped_roster_uncertain,,,132795,,0.0,0.5486453050145108,,,,,1485,2026-08-03T21:15:48+00:00,cs2_team_v2,132795,0.5486453050145108,0.4513546949854892,win,2026-08-04T10:10:30+00:00,1608658,2026-08-04T08:10:00Z,2026-08-04T08:10:42Z,2026-08-04T10:02:10Z,finished,best_of,3,United21,Group C,132795,INFURITY Gaming,137861,STATE,132795,,,,,,,,INFURITY Gaming,INFURITY Gaming,132795,INFURITY Gaming,win,0,,
329,paper_v2,value_3pp,2026-08-03T21:16:00+00:00,skipped_roster_uncertain,,,137580,,0.0,0.6538886125295331,,,,,1491,2026-08-03T21:15:48+00:00,cs2_team_v2,137580,0.3461113874704668,0.6538886125295331,win,2026-08-04T09:40:20+00:00,1616791,2026-08-04T08:00:00Z,2026-08-04T08:06:23Z,2026-08-04T09:38:38Z,finished,best_of,3,European Pro League,Group B,138281,Passion Academy,137580, Phantom Academy,137580,,,,,,,, Phantom Academy, Phantom Academy,137580, Phantom Academy,win,0,,
330,paper_v2,value_3pp,2026-08-03T21:16:00+00:00,loss,MelBet,2026-08-03T21:15:18+00:00,136560,1.82,1000.0,0.6828951962018419,0.5133689839572192,0.16952621224462272,-1000.0,2026-08-04T13:00:31+00:00,1517,2026-08-03T21:15:50+00:00,cs2_team_v2,136560,0.31710480379815814,0.6828951962018419,loss,2026-08-04T13:00:30+00:00,1582185,2026-08-04T11:00:00Z,2026-08-04T11:06:05Z,2026-08-04T12:56:19Z,finished,best_of,3,NODWIN Clutch Series,Playoffs,131010,Sashi Esport,136560,Phantom,131010,18,1,@metascope_ai,68,2026-08-03T21:16:30+00:00,70,2026-08-04T13:00:35+00:00,Phantom,Phantom,131010,Sashi Esport,loss,1,100870.0,99870.0
331,paper_v2,value_3pp,2026-08-03T21:16:00+00:00,skipped_roster_uncertain,,,133269,,0.0,0.5386852327233131,,,,,1528,2026-08-03T21:15:51+00:00,cs2_team_v2,133269,0.4613147672766868,0.5386852327233131,loss,2026-08-04T16:00:31+00:00,1615334,2026-08-04T13:00:00Z,2026-08-04T13:09:46Z,2026-08-04T15:56:41Z,finished,best_of,3,ESL Challenger League,Playoffs,136934,Bushido Wildcats,133269,Leo Team,136934,,,,,,,,Leo Team,Leo Team,136934,Bushido Wildcats,loss,0,,
332,paper_v2,value_3pp,2026-08-03T21:16:00+00:00,skipped_roster_uncertain,,,136516,,0.0,0.7176054646566259,,,,,1534,2026-08-03T21:15:51+00:00,cs2_team_v2,136516,0.7176054646566259,0.2823945353433741,loss,2026-08-04T15:20:58+00:00,1615335,2026-08-04T13:00:00Z,2026-08-04T13:14:19Z,2026-08-04T15:18:43Z,finished,best_of,3,ESL Challenger League,Playoffs,136516,BASEMENT BOYS,138777,ex-MANA eSports,138777,,,,,,,,BASEMENT BOYS,BASEMENT BOYS,138777,ex-MANA eSports,loss,0,,
333,paper_v2,value_3pp,2026-08-03T21:16:00+00:00,skipped_no_value,MelBet,2026-08-03T21:15:18+00:00,124522,1.6,0.0,0.5781844550954128,0.5859213250517599,-0.007736869956347037,,,1545,2026-08-03T21:15:52+00:00,cs2_team_v2,124522,0.5781844550954128,0.42181554490458717,loss,2026-08-04T15:50:30+00:00,1582186,2026-08-04T14:00:00Z,2026-08-04T14:07:40Z,2026-08-04T15:46:15Z,finished,best_of,3,NODWIN Clutch Series,Playoffs,124522,Nemiga,128519,GenOne,128519,,,,,,,,Nemiga,Nemiga,128519,GenOne,loss,0,,
334,paper_v2,value_3pp,2026-08-03T21:16:00+00:00,skipped_roster_uncertain,,,138617,,0.0,0.6245919379459264,,,,,1566,2026-08-03T21:15:54+00:00,cs2_team_v2,138617,0.37540806205407357,0.6245919379459264,win,2026-08-04T19:00:11+00:00,1582187,2026-08-04T17:00:00Z,2026-08-04T17:08:30Z,2026-08-04T18:57:42Z,finished,best_of,3,NODWIN Clutch Series,Playoffs,129413,Eternal Fire,138617,INOX Division,138617,,,,,,,,INOX Division,INOX Division,138617,INOX Division,win,0,,
335,paper_v2,value_3pp,2026-08-03T21:16:00+00:00,skipped_low_odds,MelBet,2026-08-03T21:15:18+00:00,130605,1.38,0.0,0.8004311155925116,0.6742209631728046,0.126210152419707,,,1572,2026-08-03T21:15:54+00:00,cs2_team_v2,130605,0.8004311155925116,0.19956888440748843,loss,2026-08-04T19:30:29+00:00,1611491,2026-08-04T17:00:00Z,2026-08-04T17:12:04Z,2026-08-04T19:22:28Z,finished,best_of,3,BetBoom Storm,Group Stage,130605,UNO MILLE,138276,ALKA GAMING,138276,,,,,,,,UNO MILLE,UNO MILLE,138276,ALKA GAMING,loss,0,,
336,paper_v2,value_3pp,2026-08-03T21:16:00+00:00,skipped_roster_uncertain,,,135505,,0.0,0.537993016031987,,,,,1588,2026-08-03T21:15:55+00:00,cs2_team_v2,135505,0.46200698396801293,0.537993016031987,loss,2026-08-04T23:40:29+00:00,1618165,2026-08-04T21:30:00Z,2026-08-04T21:34:38Z,2026-08-04T23:38:03Z,finished,best_of,3,Gamers Club Liga Série A,Playoffs,131253,ODDIK,135505,RED Canids Academy,131253,,,,,,,,RED Canids Academy,RED Canids Academy,131253,ODDIK,loss,0,,
337,paper_v2,value_3pp,2026-08-04T21:16:00+00:00,skipped_roster_uncertain,,,132800,,0.0,0.8561112207190826,,,,,1594,2026-08-04T21:15:46+00:00,cs2_team_v2,132800,0.8561112207190826,0.14388877928091737,win,2026-08-05T00:50:27+00:00,1611493,2026-08-04T23:20:00Z,2026-08-04T23:18:35Z,2026-08-05T00:45:09Z,finished,best_of,3,BetBoom Storm,Group Stage,132800,BESTIA,138086,METANOIA WOLVES,132800,,,,,,,,BESTIA,BESTIA,132800,BESTIA,win,0,,
338,paper_v2,value_3pp,2026-08-04T21:16:00+00:00,skipped_no_value,MelBet,2026-08-04T21:15:21+00:00,135673,1.42,0.0,0.602653016972663,0.6622264509990484,-0.059573434026385375,,,1600,2026-08-04T21:15:47+00:00,cs2_team_v2,135673,0.602653016972663,0.39734698302733695,win,2026-08-05T18:00:12+00:00,1582188,2026-08-05T15:20:00Z,2026-08-05T15:19:31Z,2026-08-05T17:55:02Z,finished,best_of,3,NODWIN Clutch Series,Playoffs,135673,Nuclear TigeRES,137500,CYBERSHOKE Prospects,135673,,,,,,,,Nuclear TigeRES,Nuclear TigeRES,135673,Nuclear TigeRES,win,0,,
339,paper_v2,value_3pp,2026-08-04T21:16:00+00:00,skipped_roster_uncertain,,,134188,,0.0,0.5462686466202639,,,,,1616,2026-08-04T21:15:48+00:00,cs2_team_v2,134188,0.5462686466202639,0.45373135337973614,loss,2026-08-05T11:30:31+00:00,1607892,2026-08-05T10:00:00Z,2026-08-05T10:08:15Z,2026-08-05T11:23:31Z,finished,best_of,3,Stake Pulse,Playoffs,134188,Johnny Speeds,135381,Betclic Apogee Esports,135381,,,,,,,,Johnny Speeds,Johnny Speeds,135381,Betclic Apogee Esports,loss,0,,
340,paper_v2,value_3pp,2026-08-04T21:16:00+00:00,win,MelBet,2026-08-04T21:15:21+00:00,138092,1.69,1000.0,0.6348554304376598,0.551128818061089,0.08372661237657075,690.0,2026-08-05T12:50:30+00:00,1627,2026-08-04T21:15:48+00:00,cs2_team_v2,138092,0.3651445695623402,0.6348554304376598,win,2026-08-05T12:50:29+00:00,1615344,2026-08-05T10:00:00Z,2026-08-05T10:03:37Z,2026-08-05T12:41:49Z,finished,best_of,3,Dfrag,Group B,133333,Arcade Esports,138092,Abyssal,138092,,,,,,,,Abyssal,Abyssal,138092,Abyssal,win,0,98870.0,99560.0
341,paper_v2,value_3pp,2026-08-04T21:16:00+00:00,loss,MelBet,2026-08-04T21:15:21+00:00,128519,1.98,1000.0,0.6251782257430427,0.47200000000000003,0.15317822574304268,-1000.0,2026-08-05T11:20:31+00:00,1643,2026-08-04T21:15:49+00:00,cs2_team_v2,128519,0.37482177425695734,0.6251782257430427,loss,2026-08-05T11:20:30+00:00,1582191,2026-08-05T08:00:00Z,2026-08-05T08:17:49Z,2026-08-05T11:12:12Z,finished,best_of,3,NODWIN Clutch Series,Playoffs,131010,Sashi Esport,128519,GenOne,131010,19,2,@metascope_ai,72,2026-08-04T21:17:26+00:00,77,2026-08-05T11:20:36+00:00,GenOne,GenOne,131010,Sashi Esport,loss,1,99870.0,98870.0
342,paper_v2,value_3pp,2026-08-04T21:16:00+00:00,skipped_high_odds,MelBet,2026-08-04T21:15:21+00:00,3217,2.784,0.0,0.5777892291327821,0.33777354900095147,0.2400156801318306,,,1664,2026-08-04T21:15:51+00:00,cs2_team_v2,3217,0.4222107708672179,0.5777892291327821,loss,2026-08-05T14:40:14+00:00,1607893,2026-08-05T13:00:00Z,2026-08-05T13:00:18Z,2026-08-05T14:35:12Z,finished,best_of,3,Stake Pulse,Playoffs,3213,Liquid,3217,fnatic,3213,,,,,,,,fnatic,fnatic,3213,Liquid,loss,0,,
343,paper_v2,value_3pp,2026-08-04T21:16:00+00:00,win,MelBet,2026-08-04T21:15:21+00:00,126944,1.7,1000.0,0.668038408191787,0.5525138194261647,0.11552458876562222,700.0,2026-08-05T15:00:13+00:00,1680,2026-08-04T21:15:52+00:00,cs2_team_v2,126944,0.668038408191787,0.33196159180821305,win,2026-08-05T15:00:12+00:00,1582190,2026-08-05T11:30:00Z,2026-08-05T11:35:57Z,2026-08-05T14:56:18Z,finished,best_of,3,NODWIN Clutch Series,Playoffs,126944,1WIN,138617,INOX Division,126944,20,3,@metascope_ai,73,2026-08-04T21:17:26+00:00,78,2026-08-05T15:00:17+00:00,1WIN,1WIN,126944,1WIN,win,1,99560.0,100260.0
344,paper_v2,value_3pp,2026-08-04T21:16:00+00:00,skipped_roster_uncertain,,,138975,,0.0,0.5343206448504609,,,,,1701,2026-08-04T21:15:53+00:00,cs2_team_v2,138975,0.5343206448504609,0.46567935514953906,win,2026-08-05T21:40:16+00:00,1582189,2026-08-05T18:15:00Z,2026-08-05T18:19:51Z,2026-08-05T21:32:02Z,finished,best_of,3,NODWIN Clutch Series,Playoffs,138975,Butterfly,138974,ex-RUSTEC,138975,,,,,,,,Butterfly,Butterfly,138975,Butterfly,win,0,,
345,paper_v2,value_3pp,2026-08-04T21:16:00+00:00,loss,MelBet,2026-08-04T21:15:21+00:00,135474,2.075,1000.0,0.5354716381621605,0.448871181938911,0.08660045622324947,-1000.0,2026-08-05T18:30:31+00:00,1707,2026-08-04T21:15:54+00:00,cs2_team_v2,135474,0.5354716381621605,0.4645283618378395,loss,2026-08-05T18:30:30+00:00,1608763,2026-08-05T17:15:00Z,2026-08-05T17:13:11Z,2026-08-05T18:01:23Z,finished,best_of,1,ESEA,Regular Season,135474,Fire Flux Esports,128887,Honvéd,128887,,,,,,,,Fire Flux Esports,Fire Flux Esports,128887,Honvéd,loss,0,100260.0,99260.0
346,paper_v2,value_3pp,2026-08-05T21:15:55+00:00,win,MelBet,2026-08-05T21:15:19+00:00,135673,1.87,1000.0,0.6985250352532705,0.5,0.19852503525327048,870.0000000000001,2026-08-06T11:00:31+00:00,1738,2026-08-05T21:15:43+00:00,cs2_team_v2,135673,0.6985250352532705,0.3014749647467295,win,2026-08-06T11:00:30+00:00,1582192,2026-08-06T08:00:00Z,2026-08-06T08:09:19Z,2026-08-06T10:59:18Z,finished,best_of,3,NODWIN Clutch Series,Playoffs,131010,Sashi Esport,135673,Nuclear TigeRES,135673,21,4,@metascope_ai,80,2026-08-05T21:16:37+00:00,81,2026-08-06T11:00:36+00:00,Nuclear TigeRES,Nuclear TigeRES,135673,Nuclear TigeRES,win,1,99260.0,100130.0
347,paper_v2,value_3pp,2026-08-05T21:15:55+00:00,skipped_roster_uncertain,,,138370,,0.0,0.5986207282663527,,,,,1744,2026-08-05T21:15:44+00:00,cs2_team_v2,138370,0.5986207282663527,0.4013792717336473,loss,2026-08-06T11:10:29+00:00,1596510,2026-08-06T08:00:00Z,2026-08-06T08:15:04Z,2026-08-06T11:09:07Z,finished,best_of,3,CCT Europe,Playoffs,138370,Lavked,138963,Black Phoenix,138963,,,,,,,,Lavked,Lavked,138963,Black Phoenix,loss,0,,
348,paper_v2,value_3pp,2026-08-05T21:15:55+00:00,skipped_roster_uncertain,,,130059,,0.0,0.678749318385443,,,,,1755,2026-08-05T21:15:44+00:00,cs2_team_v2,130059,0.678749318385443,0.32125068161455705,win,2026-08-06T10:10:30+00:00,1616923,2026-08-06T08:40:00Z,2026-08-06T08:35:01Z,2026-08-06T09:50:18Z,finished,best_of,3,European Pro League,Group D,130059,Eternal Fire Academy,138820,EAC Rising,130059,,,,,,,,Eternal Fire Academy,Eternal Fire Academy,130059,Eternal Fire Academy,win,0,,
349,paper_v2,value_3pp,2026-08-05T21:15:55+00:00,skipped_low_odds,MelBet,2026-08-05T21:15:19+00:00,125873,1.35,0.0,0.5677264724163966,0.688005546568061,-0.12027907415166439,,,1761,2026-08-05T21:15:45+00:00,cs2_team_v2,125873,0.5677264724163966,0.4322735275836034,win,2026-08-06T11:40:31+00:00,1615345,2026-08-06T10:00:00Z,2026-08-06T10:04:20Z,2026-08-06T11:30:52Z,finished,best_of,3,Dfrag,Group B,125873,Ground Zero,138092,Abyssal,125873,,,,,,,,Ground Zero,Ground Zero,125873,Ground Zero,win,0,,
350,paper_v2,value_3pp,2026-08-05T21:15:55+00:00,skipped_roster_uncertain,,,130059,,0.0,0.6786921712299805,,,,,1772,2026-08-05T21:15:46+00:00,cs2_team_v2,130059,0.3213078287700195,0.6786921712299805,loss,2026-08-06T12:30:10+00:00,1608597,2026-08-06T11:00:00Z,,,canceled,best_of,3,United21,Group B,138820,EAC Rising,130059,Eternal Fire Academy,138820,,,,,,,,Eternal Fire Academy,Eternal Fire Academy,138820,EAC Rising,loss,0,,
351,paper_v2,value_3pp,2026-08-05T21:15:55+00:00,skipped_no_line,,,136659,,0.0,0.6466622826732681,,,,,1783,2026-08-05T21:15:46+00:00,cs2_team_v2,136659,0.3533377173267319,0.6466622826732681,loss,2026-08-06T14:30:29+00:00,1596511,2026-08-06T11:20:00Z,2026-08-06T11:27:06Z,2026-08-06T14:21:49Z,finished,best_of,3,CCT Europe,Playoffs,137708,BET-M 33,136659,SPARTA,137708,,,,,,,,SPARTA,SPARTA,137708,BET-M 33,loss,0,,
352,paper_v2,value_3pp,2026-08-05T21:15:55+00:00,skipped_roster_uncertain,,,127497,,0.0,0.5776984192257792,,,,,1789,2026-08-05T21:15:47+00:00,cs2_team_v2,127497,0.5776984192257792,0.42230158077422075,win,2026-08-06T13:11:11+00:00,1616708,2026-08-06T11:00:00Z,2026-08-06T11:03:18Z,2026-08-06T13:04:50Z,finished,best_of,3,Tipsport Cup,Group Stage,127497,eSuba,126491,NAVI Junior,127497,,,,,,,,eSuba,eSuba,127497,eSuba,win,0,,
353,paper_v2,value_3pp,2026-08-05T21:15:55+00:00,skipped_no_value,MelBet,2026-08-05T21:15:19+00:00,138610,1.431,0.0,0.6692561619954969,0.6394557823129252,0.029800379682571654,,,1800,2026-08-05T21:15:47+00:00,cs2_team_v2,138610,0.6692561619954969,0.33074383800450313,win,2026-08-06T18:20:10+00:00,1596512,2026-08-06T14:30:00Z,2026-08-06T14:34:23Z,2026-08-06T18:11:42Z,finished,best_of,3,CCT Europe,Playoffs,138610,Walczaki,133063,UNiTY esports,138610,,,,,,,,Walczaki,Walczaki,138610,Walczaki,win,0,,
354,paper_v2,value_3pp,2026-08-05T21:15:55+00:00,skipped_roster_uncertain,,,135497,,0.0,0.5928255209509524,,,,,1826,2026-08-05T21:15:49+00:00,cs2_team_v2,135497,0.5928255209509524,0.4071744790490476,loss,2026-08-06T20:30:28+00:00,1596513,2026-08-06T18:30:00Z,2026-08-06T18:30:45Z,2026-08-06T20:28:32Z,finished,best_of,3,CCT Europe,Playoffs,135497,WW Team,138974,ex-RUSTEC,138974,,,,,,,,WW Team,WW Team,138974,ex-RUSTEC,loss,0,,
355,paper_v2,value_3pp,2026-08-05T21:15:55+00:00,skipped_roster_uncertain,,,137953,,0.0,0.6241673948135413,,,,,1832,2026-08-05T21:15:49+00:00,cs2_team_v2,137953,0.6241673948135413,0.37583260518645867,loss,2026-08-06T18:30:29+00:00,1608764,2026-08-06T17:20:00Z,2026-08-06T17:18:11Z,2026-08-06T17:42:18Z,finished,best_of,1,ESEA,Regular Season,137953,Fortress,138163,Younglings,138163,,,,,,,,Fortress,Fortress,138163,Younglings,loss,0,,
356,paper_v2,value_3pp,2026-08-05T21:15:55+00:00,skipped_roster_uncertain,,,133571,,0.0,0.5978902511652094,,,,,1838,2026-08-05T21:15:50+00:00,cs2_team_v2,133571,0.5978902511652094,0.40210974883479056,loss,2026-08-06T18:30:29+00:00,1608776,2026-08-06T17:15:00Z,2026-08-06T17:15:49Z,2026-08-06T17:48:40Z,finished,best_of,1,ESEA,Regular Season,133571,Wave Esports,137473,OldBoys,137473,,,,,,,,Wave Esports,Wave Esports,137473,OldBoys,loss,0,,
357,paper_v2,value_3pp,2026-08-05T21:15:55+00:00,skipped_roster_uncertain,,,125863,,0.0,0.7580310119119748,,,,,1844,2026-08-05T21:15:50+00:00,cs2_team_v2,125863,0.24196898808802522,0.7580310119119748,loss,2026-08-06T19:50:29+00:00,1611499,2026-08-06T17:10:00Z,2026-08-06T17:10:45Z,2026-08-06T19:44:21Z,finished,best_of,3,BetBoom Storm,Group Stage,131538,Yawara Esports,125863,Isurus,131538,,,,,,,,Isurus,Isurus,131538,Yawara Esports,loss,0,,
358,paper_v2,value_3pp,2026-08-05T21:15:55+00:00,skipped_roster_uncertain,,,129468,,0.0,0.6086849659272504,,,,,1850,2026-08-05T21:15:50+00:00,cs2_team_v2,129468,0.6086849659272504,0.3913150340727496,loss,2026-08-06T18:30:29+00:00,1619101,2026-08-06T17:20:00Z,2026-08-06T17:18:13Z,2026-08-06T17:44:50Z,finished,best_of,1,ESEA,Regular Season,129468,Glitchtech Esports,138710,Subtop De France,138710,,,,,,,,Glitchtech Esports,Glitchtech Esports,138710,Subtop De France,loss,0,,
359,paper_v2,value_3pp,2026-08-05T21:15:55+00:00,skipped_roster_uncertain,,,137474,,0.0,0.5421655613842781,,,,,1856,2026-08-05T21:15:51+00:00,cs2_team_v2,137474,0.45783443861572193,0.5421655613842781,win,2026-08-06T18:50:29+00:00,1619104,2026-08-06T17:30:00Z,2026-08-06T17:29:21Z,2026-08-06T18:03:58Z,finished,best_of,1,ESEA,Regular Season,127497,eSuba,137474,OLDBOYS PL,137474,,,,,,,,OLDBOYS PL,OLDBOYS PL,137474,OLDBOYS PL,win,0,,
360,paper_v2,value_3pp,2026-08-05T21:15:55+00:00,skipped_roster_uncertain,,,128378,,0.0,0.520285116402461,,,,,1862,2026-08-05T21:15:51+00:00,cs2_team_v2,128378,0.479714883597539,0.520285116402461,loss,2026-08-06T23:00:09+00:00,1611500,2026-08-06T20:10:00Z,2026-08-06T20:10:59Z,2026-08-06T22:54:24Z,finished,best_of,3,BetBoom Storm,Group Stage,138086,METANOIA WOLVES,128378,Procyon Gaming,138086,,,,,,,,Procyon Gaming,Procyon Gaming,138086,METANOIA WOLVES,loss,0,,
361,paper_v2,value_3pp,2026-08-06T21:16:27+00:00,skipped_no_line,,,138975,,0.0,0.6368734039557551,,,,,1873,2026-08-06T21:16:04+00:00,cs2_team_v2,138975,0.36312659604424485,0.6368734039557551,win,2026-08-07T11:00:12+00:00,1596514,2026-08-07T08:10:00Z,2026-08-07T08:07:53Z,2026-08-07T10:52:09Z,finished,best_of,3,CCT Europe,Playoffs,138406,Just Players,138975,Butterfly,138975,,,,,,,,Butterfly,Butterfly,138975,Butterfly,win,0,,
362,paper_v2,value_3pp,2026-08-06T21:16:27+00:00,skipped_roster_uncertain,,,137538,,0.0,0.7167565279952399,,,,,1884,2026-08-06T21:16:05+00:00,cs2_team_v2,137538,0.28324347200476,0.7167565279952399,win,2026-08-07T09:41:11+00:00,1616788,2026-08-07T08:00:00Z,2026-08-07T08:04:01Z,2026-08-07T09:35:46Z,finished,best_of,3,European Pro League,Group A,137236,3DMAX Academy,137538,B8 Academy,137538,,,,,,,,B8 Academy,B8 Academy,137538,B8 Academy,win,0,,
363,paper_v2,value_3pp,2026-08-06T21:16:27+00:00,skipped_roster_uncertain,,,138685,,0.0,0.6561085408769066,,,,,1925,2026-08-06T21:16:07+00:00,cs2_team_v2,138685,0.3438914591230934,0.6561085408769066,loss,2026-08-07T12:10:25+00:00,1620542,2026-08-07T10:00:00Z,2026-08-07T10:00:35Z,2026-08-07T12:07:52Z,finished,best_of,3,Esports World Cup,Group 3,126738,SAW,138685,Esport Academy Copenhagen,126738,,,,,,,,Esport Academy Copenhagen,Esport Academy Copenhagen,126738,SAW,loss,0,,
364,paper_v2,value_3pp,2026-08-06T21:16:27+00:00,skipped_high_odds,MelBet,2026-08-06T21:15:22+00:00,136516,6.68,0.0,0.7133543014538124,0.13806451612903226,0.5752897853247801,,,1946,2026-08-06T21:16:09+00:00,cs2_team_v2,136516,0.28664569854618765,0.7133543014538124,loss,2026-08-07T12:40:30+00:00,1620552,2026-08-07T10:00:00Z,2026-08-07T10:01:16Z,2026-08-07T12:33:33Z,finished,best_of,3,Esports World Cup,Group 6,135177,BC.Game Esports,136516,BASEMENT BOYS,135177,,,,,,,,BASEMENT BOYS,BASEMENT BOYS,135177,BC.Game Esports,loss,0,,
365,paper_v2,value_3pp,2026-08-06T21:16:27+00:00,win,MelBet,2026-08-06T21:15:22+00:00,138092,1.65,1000.0,0.7311011800709636,0.564873417721519,0.16622776234944459,649.9999999999999,2026-08-07T12:10:26+00:00,1982,2026-08-06T21:16:11+00:00,cs2_team_v2,138092,0.7311011800709636,0.2688988199290364,win,2026-08-07T12:10:25+00:00,1615347,2026-08-07T10:10:00Z,2026-08-07T10:10:21Z,2026-08-07T12:09:06Z,finished,best_of,3,Dfrag,Group B,138092,Abyssal,133333,Arcade Esports,138092,23,6,@metascope_ai,84,2026-08-06T21:17:08+00:00,86,2026-08-07T12:10:31+00:00,Abyssal,Abyssal,138092,Abyssal,win,1,100130.0,100780.0
366,paper_v2,value_3pp,2026-08-06T21:16:27+00:00,loss,MelBet,2026-08-06T21:15:22+00:00,128519,1.912,1000.0,0.6520390782886808,0.47859285519498224,0.17344622309369856,-1000.0,2026-08-07T18:50:09+00:00,1998,2026-08-06T21:16:12+00:00,cs2_team_v2,128519,0.3479609217113192,0.6520390782886808,loss,2026-08-07T18:50:08+00:00,1596515,2026-08-07T17:15:00Z,2026-08-07T17:13:25Z,2026-08-07T18:34:41Z,finished,best_of,3,CCT Europe,Playoffs,133542,CYBERSHOKE Esports,128519,GenOne,133542,22,5,@metascope_ai,83,2026-08-06T21:17:08+00:00,88,2026-08-07T18:50:13+00:00,GenOne,GenOne,133542,CYBERSHOKE Esports,loss,1,100780.0,99780.0
367,paper_v2,value_3pp,2026-08-06T21:16:27+00:00,skipped_no_line,,,138963,,0.0,0.5691145896094688,,,,,2024,2026-08-06T21:16:14+00:00,cs2_team_v2,138963,0.5691145896094688,0.4308854103905312,loss,2026-08-07T17:00:29+00:00,1596516,2026-08-07T15:00:00Z,2026-08-07T14:59:48Z,2026-08-07T16:57:20Z,finished,best_of,3,CCT Europe,Playoffs,138974,ex-RUSTEC,137708,BET-M 33,137708,,,,,,,,,,137708,BET-M 33,loss,0,,
368,paper_v2,value_3pp,2026-08-06T21:16:27+00:00,skipped_roster_uncertain,,,133063,,0.0,0.5284753044772383,,,,,2030,2026-08-06T21:16:15+00:00,cs2_team_v2,133063,0.5284753044772383,0.47152469552276166,win,2026-08-07T14:50:29+00:00,1616724,2026-08-07T13:10:00Z,2026-08-07T13:24:53Z,2026-08-07T14:46:56Z,finished,best_of,3,Tipsport Cup,Playoffs,133063,UNiTY esports,127497,eSuba,133063,,,,,,,,UNiTY esports,UNiTY esports,133063,UNiTY esports,win,0,,
369,paper_v2,value_3pp,2026-08-06T21:16:27+00:00,skipped_no_line,,,126624,,0.0,0.6886964550698297,,,,,2036,2026-08-06T21:16:15+00:00,cs2_team_v2,126624,0.6886964550698297,0.3113035449301703,loss,2026-08-07T16:31:12+00:00,1616725,2026-08-07T13:50:00Z,2026-08-07T13:50:12Z,2026-08-07T16:21:45Z,finished,best_of,3,Tipsport Cup,Playoffs,126624,Brute,126491,NAVI Junior,126491,,,,,,,,Brute,Brute,126491,NAVI Junior,loss,0,,
370,paper_v2,value_3pp,2026-08-06T21:16:27+00:00,skipped_roster_uncertain,,,138650,,0.0,0.614993499671462,,,,,2042,2026-08-06T21:16:15+00:00,cs2_team_v2,138650,0.385006500328538,0.614993499671462,win,2026-08-18T17:30:51+00:00,1619107,2026-08-18T16:30:00Z,2026-08-18T16:36:06Z,2026-08-18T17:15:26Z,finished,best_of,1,ESEA,Regular Season,137473,OldBoys,138650,NEW VISION,138650,,,,,,,,NEW VISION,NEW VISION,138650,NEW VISION,win,0,,
371,paper_v2,value_3pp,2026-08-06T21:16:27+00:00,skipped_roster_uncertain,,,129440,,0.0,0.5674571014151849,,,,,2083,2026-08-06T21:16:18+00:00,cs2_team_v2,129440,0.4325428985848151,0.5674571014151849,win,2026-08-07T18:10:13+00:00,1620582,2026-08-07T16:15:00Z,2026-08-07T16:26:35Z,2026-08-07T18:01:55Z,finished,best_of,3,Esports World Cup,Group 12,136846,Prestige,129440,Metizport,129440,,,,,,,,Metizport,Metizport,129440,Metizport,win,0,,
372,paper_v2,value_3pp,2026-08-06T21:16:27+00:00,skipped_roster_uncertain,,,137699,,0.0,0.646360468444582,,,,,2089,2026-08-06T21:16:18+00:00,cs2_team_v2,137699,0.646360468444582,0.35363953155541805,win,2026-08-07T18:20:29+00:00,1620586,2026-08-07T16:15:00Z,2026-08-07T16:23:55Z,2026-08-07T18:15:06Z,finished,best_of,3,Esports World Cup,Group 13,137699,FOKUS,131561,Partizan Esport,137699,,,,,,,,FOKUS,FOKUS,137699,FOKUS,win,0,,
373,paper_v2,value_3pp,2026-08-06T21:16:27+00:00,skipped_roster_uncertain,,,3288,,0.0,0.6880313075090284,,,,,2120,2026-08-06T21:16:20+00:00,cs2_team_v2,3288,0.6880313075090284,0.3119686924909716,win,2026-08-07T17:50:31+00:00,1620601,2026-08-07T16:00:00Z,2026-08-07T16:04:42Z,2026-08-07T17:49:28Z,finished,best_of,3,Esports World Cup,Group 16,3288,Virtus.pro,127365,Sangal,3288,,,,,,,,Virtus.pro,Virtus.pro,3288,Virtus.pro,win,0,,
374,paper_v2,value_3pp,2026-08-06T21:16:27+00:00,skipped_roster_uncertain,,,138974,,0.0,0.6450452338927606,,,,,2131,2026-08-06T21:16:21+00:00,cs2_team_v2,138974,0.35495476610723947,0.6450452338927606,loss,2026-08-07T14:50:29+00:00,1596517,2026-08-07T11:10:00Z,2026-08-07T11:08:26Z,2026-08-07T14:47:36Z,finished,best_of,3,CCT Europe,Playoffs,138610,Walczaki,138963,Black Phoenix,138963,,,,,,,,,,138963,Black Phoenix,loss,0,,
375,paper_v2,value_3pp,2026-08-07T21:16:41+00:00,skipped_roster_uncertain,,,134355,,0.0,0.5008319509943067,,,,,2137,2026-08-07T21:16:23+00:00,cs2_team_v2,134355,0.49916804900569334,0.5008319509943067,loss,2026-08-08T02:00:11+00:00,1611505,2026-08-07T23:00:00Z,2026-08-07T23:02:29Z,2026-08-08T01:57:06Z,finished,best_of,3,BetBoom Storm,Group Stage,126377,Imperial,134355,Galorys,126377,,,,,,,,Galorys,Galorys,126377,Imperial,loss,0,,
376,paper_v2,value_3pp,2026-08-07T21:16:41+00:00,skipped_no_value,MelBet,2026-08-07T21:15:35+00:00,135474,1.61,0.0,0.5254156628837615,0.5785340314136125,-0.05311836852985097,,,2148,2026-08-07T21:16:24+00:00,cs2_team_v2,135474,0.5254156628837615,0.4745843371162385,win,2026-08-08T10:50:31+00:00,1625141,2026-08-08T08:15:00Z,2026-08-08T08:13:09Z,2026-08-08T10:48:31Z,finished,best_of,3,United21,Playoffs,135474,Fire Flux Esports,137580, Phantom Academy,135474,,,,,,,,Fire Flux Esports,Fire Flux Esports,135474,Fire Flux Esports,win,0,,
377,paper_v2,value_3pp,2026-08-07T21:16:41+00:00,win,MelBet,2026-08-07T21:15:35+00:00,138830,1.65,1000.0,0.6669021937022789,0.564873417721519,0.10202877598075988,649.9999999999999,2026-08-08T12:10:30+00:00,2154,2026-08-07T21:16:24+00:00,cs2_team_v2,138830,0.6669021937022789,0.3330978062977211,win,2026-08-08T12:10:29+00:00,1620568,2026-08-08T09:10:00Z,2026-08-08T09:10:28Z,2026-08-08T12:08:25Z,finished,best_of,3,Esports World Cup,Group 9,138830,ECHO,126584,OG,138830,25,8,@metascope_ai,91,2026-08-07T21:18:18+00:00,93,2026-08-08T12:10:34+00:00,ECHO,ECHO,138830,ECHO,win,1,99680.0,100330.0
378,paper_v2,value_3pp,2026-08-07T21:16:41+00:00,skipped_no_value,MelBet,2026-08-07T21:15:35+00:00,131189,1.51,0.0,0.5154493685281055,0.6174309602229541,-0.10198159169484855,,,2165,2026-08-07T21:16:25+00:00,cs2_team_v2,131189,0.5154493685281055,0.4845506314718945,win,2026-08-08T12:40:30+00:00,1620573,2026-08-08T09:10:00Z,2026-08-08T09:10:08Z,2026-08-08T12:35:31Z,finished,best_of,3,Esports World Cup,Group 10,131189,EYEBALLERS,136560,Phantom,131189,,,,,,,,EYEBALLERS,EYEBALLERS,131189,EYEBALLERS,win,0,,
379,paper_v2,value_3pp,2026-08-07T21:16:41+00:00,skipped_no_line,,,3213,,0.0,0.525842711008399,,,,,2186,2026-08-07T21:16:26+00:00,cs2_team_v2,3213,0.525842711008399,0.47415728899160103,win,2026-08-08T11:10:30+00:00,1620583,2026-08-08T09:00:00Z,2026-08-08T09:09:43Z,2026-08-08T11:03:13Z,finished,best_of,3,Esports World Cup,Group 12,3213,Liquid,129440,Metizport,3213,,,,,,,,Liquid,Liquid,3213,Liquid,win,0,,
380,paper_v2,value_3pp,2026-08-07T21:16:41+00:00,skipped_roster_uncertain,,,131010,,0.0,0.5381938090563106,,,,,2197,2026-08-07T21:16:27+00:00,cs2_team_v2,131010,0.5381938090563106,0.46180619094368935,loss,2026-08-08T11:20:29+00:00,1620588,2026-08-08T09:00:00Z,2026-08-08T09:05:59Z,2026-08-08T11:11:05Z,finished,best_of,3,Esports World Cup,Group 13,131010,Sashi Esport,137699,FOKUS,137699,,,,,,,,Sashi Esport,Sashi Esport,137699,FOKUS,loss,0,,
381,paper_v2,value_3pp,2026-08-07T21:16:41+00:00,loss,MelBet,2026-08-07T21:15:35+00:00,137546,2.279,1000.0,0.5748299782494887,0.4078981553650299,0.1669318228844588,-1000.0,2026-08-08T12:00:12+00:00,2208,2026-08-07T21:16:28+00:00,cs2_team_v2,137546,0.5748299782494887,0.42517002175051133,loss,2026-08-08T12:00:11+00:00,1620593,2026-08-08T09:10:00Z,2026-08-08T09:13:23Z,2026-08-08T11:56:53Z,finished,best_of,3,Esports World Cup,Group 14,137546,Acend,3256,NRG,3256,24,7,@metascope_ai,90,2026-08-07T21:18:18+00:00,92,2026-08-08T12:00:16+00:00,Acend,Acend,3256,NRG,loss,1,100680.0,99680.0
382,paper_v2,value_3pp,2026-08-07T21:16:41+00:00,win,MelBet,2026-08-07T21:15:35+00:00,135298,1.9,1000.0,0.5690421262142099,0.4864864864864864,0.0825556397277235,899.9999999999999,2026-08-08T10:41:04+00:00,2219,2026-08-07T21:16:28+00:00,cs2_team_v2,135298,0.5690421262142099,0.4309578737857901,win,2026-08-08T10:41:03+00:00,1620598,2026-08-08T09:15:00Z,2026-08-08T09:14:50Z,2026-08-08T10:39:44Z,finished,best_of,3,Esports World Cup,Group 15,135298,K27,127014,Sinners,135298,,,,,,,,K27,K27,135298,K27,win,0,99780.0,100680.0
383,paper_v2,value_3pp,2026-08-07T21:16:41+00:00,skipped_no_value,MelBet,2026-08-07T21:15:35+00:00,3288,1.51,0.0,0.5133940235910213,0.6174309602229541,-0.10403693663193281,,,2230,2026-08-07T21:16:29+00:00,cs2_team_v2,3288,0.4866059764089787,0.5133940235910213,win,2026-08-08T11:00:31+00:00,1620603,2026-08-08T09:00:00Z,2026-08-08T09:09:36Z,2026-08-08T11:00:05Z,finished,best_of,3,Esports World Cup,Group 16,126994,JiJieHao,3288,Virtus.pro,3288,,,,,,,,Virtus.pro,Virtus.pro,3288,Virtus.pro,win,0,,
384,paper_v2,value_3pp,2026-08-07T21:16:41+00:00,skipped_no_line,,,138975,,0.0,0.6097982006535241,,,,,2241,2026-08-07T21:16:30+00:00,cs2_team_v2,138975,0.6097982006535241,0.3902017993464759,win,2026-08-08T13:00:19+00:00,1596519,2026-08-08T10:00:00Z,2026-08-08T10:09:37Z,2026-08-08T12:58:01Z,finished,best_of,3,CCT Europe,Playoffs,138975,Butterfly,137708,BET-M 33,138975,,,,,,,,Butterfly,Butterfly,138975,Butterfly,win,0,,
385,paper_v2,value_3pp,2026-08-07T21:16:41+00:00,skipped_roster_uncertain,,,137580,,0.0,0.5497233680738131,,,,,2247,2026-08-07T21:16:30+00:00,cs2_team_v2,137580,0.5497233680738131,0.45027663192618694,win,2026-08-08T12:50:29+00:00,1616794,2026-08-08T11:05:00Z,2026-08-08T11:06:13Z,2026-08-08T12:30:39Z,finished,best_of,3,European Pro League,Group B,137580, Phantom Academy,127899,VP.Prodigy,137580,,,,,,,, Phantom Academy, Phantom Academy,137580, Phantom Academy,win,0,,
386,paper_v2,value_3pp,2026-08-07T21:16:41+00:00,skipped_roster_uncertain,,,126624,,0.0,0.5231956956167452,,,,,2263,2026-08-07T21:16:31+00:00,cs2_team_v2,126624,0.47680430438325483,0.5231956956167452,win,2026-08-08T12:50:29+00:00,1616721,2026-08-08T11:00:00Z,2026-08-08T11:03:47Z,2026-08-08T12:45:06Z,finished,best_of,3,Tipsport Cup,Playoffs,127497,eSuba,126624,Brute,126624,,,,,,,,Brute,Brute,126624,Brute,win,0,,
387,paper_v2,value_3pp,2026-08-07T21:16:41+00:00,skipped_no_line,,,133542,,0.0,0.5416937321859081,,,,,2269,2026-08-07T21:16:32+00:00,cs2_team_v2,133542,0.45830626781409184,0.5416937321859081,win,2026-08-08T16:20:11+00:00,1596518,2026-08-08T13:15:00Z,2026-08-08T13:22:16Z,2026-08-08T16:11:09Z,finished,best_of,3,CCT Europe,Playoffs,138963,Black Phoenix,133542,CYBERSHOKE Esports,133542,,,,,,,,CYBERSHOKE Esports,CYBERSHOKE Esports,133542,CYBERSHOKE Esports,win,0,,
388,paper_v2,value_3pp,2026-08-07T21:16:41+00:00,skipped_roster_uncertain,,,137861,,0.0,0.6457962048546173,,,,,2275,2026-08-07T21:16:32+00:00,cs2_team_v2,137861,0.35420379514538275,0.6457962048546173,win,2026-08-08T15:10:29+00:00,1625142,2026-08-08T13:15:00Z,2026-08-08T13:17:45Z,2026-08-08T15:10:21Z,finished,best_of,3,United21,Playoffs,127899,VP.Prodigy,137861,STATE,137861,,,,,,,,STATE,STATE,137861,STATE,win,0,,
389,paper_v2,value_3pp,2026-08-07T21:16:41+00:00,skipped_roster_uncertain,,,138685,,0.0,0.6190609504380835,,,,,2306,2026-08-07T21:16:34+00:00,cs2_team_v2,138685,0.38093904956191643,0.6190609504380835,loss,2026-08-08T16:30:30+00:00,1620545,2026-08-08T14:40:00Z,2026-08-08T14:38:57Z,2026-08-08T16:26:09Z,finished,best_of,3,Esports World Cup,Group 3,126738,SAW,138685,Esport Academy Copenhagen,126738,,,,,,,,Esport Academy Copenhagen,Esport Academy Copenhagen,126738,SAW,loss,0,,
390,paper_v2,value_3pp,2026-08-07T21:16:41+00:00,skipped_low_odds,MelBet,2026-08-07T21:15:35+00:00,126944,1.26,0.0,0.6199820792693238,0.7372262773722629,-0.11724419810293907,,,2317,2026-08-07T21:16:35+00:00,cs2_team_v2,126944,0.6199820792693238,0.3800179207306762,win,2026-08-08T16:50:29+00:00,1620555,2026-08-08T14:30:00Z,2026-08-08T14:38:37Z,2026-08-08T16:41:58Z,finished,best_of,3,Esports World Cup,Group 6,126944,1WIN,136516,BASEMENT BOYS,126944,,,,,,,,1WIN,1WIN,126944,1WIN,win,0,,
391,paper_v2,value_3pp,2026-08-07T21:16:41+00:00,skipped_roster_uncertain,,,138465,,0.0,0.522344377442477,,,,,2343,2026-08-07T21:16:37+00:00,cs2_team_v2,138465,0.47765562255752303,0.522344377442477,loss,2026-08-11T18:30:11+00:00,1586800,2026-08-11T17:15:00Z,2026-08-11T17:12:16Z,2026-08-11T17:43:04Z,finished,best_of,1,ESEA,Regular Season,137473,OldBoys,138465,Arch,137473,,,,,,,,Arch,Arch,137473,OldBoys,loss,0,,
392,paper_v2,value_3pp,2026-08-07T21:16:41+00:00,skipped_roster_uncertain,,,138276,,0.0,0.5907022370016952,,,,,2349,2026-08-07T21:16:37+00:00,cs2_team_v2,138276,0.5907022370016952,0.4092977629983048,win,2026-08-08T22:50:10+00:00,1611508,2026-08-08T20:10:00Z,2026-08-08T20:12:56Z,2026-08-08T22:49:35Z,finished,best_of,3,BetBoom Storm,Group Stage,138276,ALKA GAMING,131849,paiN Academy,138276,,,,,,,,ALKA GAMING,ALKA GAMING,138276,ALKA GAMING,win,0,,
393,paper_v2,value_3pp,2026-08-08T21:15:53+00:00,skipped_roster_uncertain,,,132795,,0.0,0.65638588412546,,,,,2360,2026-08-08T21:15:43+00:00,cs2_team_v2,132795,0.65638588412546,0.34361411587454005,win,2026-08-09T10:20:29+00:00,1625143,2026-08-09T08:20:00Z,2026-08-09T08:21:40Z,2026-08-09T10:11:38Z,finished,best_of,3,United21,Playoffs,132795,INFURITY Gaming,139089,EAC Extra,132795,,,,,,,,INFURITY Gaming,INFURITY Gaming,132795,INFURITY Gaming,win,0,,
394,paper_v2,value_3pp,2026-08-08T21:15:53+00:00,skipped_roster_uncertain,,,135298,,0.0,0.760255020180923,,,,,2366,2026-08-08T21:15:43+00:00,cs2_team_v2,135298,0.760255020180923,0.23974497981907705,win,2026-08-09T12:40:29+00:00,1620606,2026-08-09T09:15:00Z,2026-08-09T09:23:07Z,2026-08-09T12:36:53Z,finished,best_of,3,Esports World Cup,Play-Ins,135298,K27,126738,SAW,135298,,,,,,,,K27,K27,135298,K27,win,0,,
395,paper_v2,value_3pp,2026-08-08T21:15:53+00:00,win,MelBet,2026-08-08T21:15:19+00:00,131189,1.71,1000.0,0.6209687662202099,0.5415549597855228,0.0794138064346871,710.0,2026-08-09T12:30:31+00:00,2372,2026-08-08T21:15:44+00:00,cs2_team_v2,131189,0.3790312337797901,0.6209687662202099,win,2026-08-09T12:30:30+00:00,1620607,2026-08-09T09:00:00Z,2026-08-09T09:08:26Z,2026-08-09T12:26:26Z,finished,best_of,3,Esports World Cup,Play-Ins,127014,Sinners,131189,EYEBALLERS,131189,,,,,,,,EYEBALLERS,EYEBALLERS,131189,EYEBALLERS,win,0,103108.0,103818.0
396,paper_v2,value_3pp,2026-08-08T21:15:53+00:00,skipped_low_odds,MelBet,2026-08-08T21:15:19+00:00,3246,1.08,0.0,0.6587549337352777,0.8565737051792828,-0.19781877144400506,,,2378,2026-08-08T21:15:44+00:00,cs2_team_v2,3246,0.6587549337352777,0.3412450662647223,win,2026-08-09T11:10:23+00:00,1620608,2026-08-09T09:15:00Z,2026-08-09T09:13:34Z,2026-08-09T11:06:36Z,finished,best_of,3,Esports World Cup,Play-Ins,3246,Heroic,137440,ASTRAL,3246,,,,,,,,Heroic,Heroic,3246,Heroic,win,0,,
397,paper_v2,value_3pp,2026-08-08T21:15:53+00:00,loss,MelBet,2026-08-08T21:15:19+00:00,137992,2.355,1000.0,0.5288498560522285,0.3953786906290116,0.13347116542321685,-1000.0,2026-08-09T11:30:34+00:00,2384,2026-08-08T21:15:44+00:00,cs2_team_v2,137992,0.5288498560522285,0.47115014394777155,loss,2026-08-09T11:30:33+00:00,1620609,2026-08-09T09:00:00Z,2026-08-09T09:07:30Z,2026-08-09T11:23:30Z,finished,best_of,3,Esports World Cup,Play-Ins,137992,Fluxo W7M,3217,fnatic,3217,27,10,@metascope_ai,96,2026-08-08T21:17:06+00:00,98,2026-08-09T11:30:38+00:00,Fluxo W7M,Fluxo W7M,3217,fnatic,loss,1,100330.0,99330.0
398,paper_v2,value_3pp,2026-08-08T21:15:53+00:00,win,MelBet,2026-08-08T21:15:19+00:00,131010,2.279,1000.0,0.5102571896375474,0.4078981553650299,0.10235903427251752,1279.0,2026-08-09T12:20:58+00:00,2390,2026-08-08T21:15:45+00:00,cs2_team_v2,131010,0.48974281036245254,0.5102571896375474,win,2026-08-09T12:20:57+00:00,1620610,2026-08-09T09:15:00Z,2026-08-09T09:14:23Z,2026-08-09T12:10:32Z,finished,best_of,3,Esports World Cup,Play-Ins,3288,Virtus.pro,131010,Sashi Esport,131010,,,,,,,,Sashi Esport,Sashi Esport,131010,Sashi Esport,win,0,100474.0,101753.0
399,paper_v2,value_3pp,2026-08-08T21:15:53+00:00,skipped_roster_uncertain,,,135381,,0.0,0.5677706240799661,,,,,2396,2026-08-08T21:15:45+00:00,cs2_team_v2,135381,0.43222937592003385,0.5677706240799661,win,2026-08-09T11:00:33+00:00,1620611,2026-08-09T09:10:00Z,2026-08-09T09:13:51Z,2026-08-09T10:53:06Z,finished,best_of,3,Esports World Cup,Play-Ins,136846,Prestige,135381,Betclic Apogee Esports,135381,,,,,,,,Betclic Apogee Esports,Betclic Apogee Esports,135381,Betclic Apogee Esports,win,0,,
400,paper_v2,value_3pp,2026-08-08T21:15:53+00:00,win,MelBet,2026-08-08T21:15:19+00:00,128519,2.355,1000.0,0.5123825022757691,0.3953786906290116,0.1170038116467575,1355.0,2026-08-09T12:20:58+00:00,2402,2026-08-08T21:15:45+00:00,cs2_team_v2,128519,0.48761749772423096,0.5123825022757691,win,2026-08-09T12:20:57+00:00,1620612,2026-08-09T09:00:00Z,2026-08-09T09:07:44Z,2026-08-09T12:19:03Z,finished,best_of,3,Esports World Cup,Play-Ins,138830,ECHO,128519,GenOne,128519,,,,,,,,GenOne,GenOne,128519,GenOne,win,0,101753.0,103108.0
401,paper_v2,value_3pp,2026-08-08T21:15:53+00:00,skipped_roster_uncertain,,,3249,,0.0,0.5576690835832909,,,,,2408,2026-08-08T21:15:46+00:00,cs2_team_v2,3249,0.4423309164167091,0.5576690835832909,win,2026-08-09T11:40:23+00:00,1620613,2026-08-09T09:15:00Z,2026-08-09T09:14:27Z,2026-08-09T11:31:08Z,finished,best_of,3,Esports World Cup,Play-Ins,129413,Eternal Fire,3249,BIG,3249,,,,,,,,BIG,BIG,3249,BIG,win,0,,
402,paper_v2,value_3pp,2026-08-08T21:15:53+00:00,win,MelBet,2026-08-08T21:15:19+00:00,136560,2.144,1000.0,0.6254631540231773,0.4334038054968287,0.1920593485263486,1144.0000000000002,2026-08-09T12:10:21+00:00,2414,2026-08-08T21:15:46+00:00,cs2_team_v2,136560,0.3745368459768227,0.6254631540231773,win,2026-08-09T12:10:20+00:00,1620614,2026-08-09T09:15:00Z,2026-08-09T09:17:11Z,2026-08-09T12:07:30Z,finished,best_of,3,Esports World Cup,Play-Ins,3256,NRG,136560,Phantom,136560,26,9,@metascope_ai,95,2026-08-08T21:17:06+00:00,99,2026-08-09T12:10:26+00:00,Phantom,Phantom,136560,Phantom,win,1,99330.0,100474.0
403,paper_v2,value_3pp,2026-08-08T21:15:53+00:00,skipped_roster_uncertain,,,130569,,0.0,0.7280317607908314,,,,,2430,2026-08-08T21:15:47+00:00,cs2_team_v2,130569,0.27196823920916857,0.7280317607908314,win,2026-08-09T11:40:23+00:00,1620617,2026-08-09T09:15:00Z,2026-08-09T09:13:12Z,2026-08-09T11:33:50Z,finished,best_of,3,Esports World Cup,Play-Ins,126408,9INE,130569,HOTU,130569,,,,,,,,HOTU,HOTU,130569,HOTU,win,0,,
404,paper_v2,value_3pp,2026-08-08T21:15:53+00:00,skipped_roster_uncertain,,,137699,,0.0,0.558354756998338,,,,,2436,2026-08-08T21:15:47+00:00,cs2_team_v2,137699,0.558354756998338,0.44164524300166197,loss,2026-08-09T12:20:57+00:00,1620618,2026-08-09T09:10:00Z,2026-08-09T09:19:03Z,2026-08-09T12:17:19Z,finished,best_of,3,Esports World Cup,Play-Ins,137699,FOKUS,137546,Acend,137546,,,,,,,,FOKUS,FOKUS,137546,Acend,loss,0,,
405,paper_v2,value_3pp,2026-08-08T21:15:53+00:00,skipped_high_odds,MelBet,2026-08-08T21:15:19+00:00,126944,3.235,0.0,0.6294496648546005,0.28822882288228824,0.3412208419723123,,,2442,2026-08-08T21:15:48+00:00,cs2_team_v2,126944,0.6294496648546005,0.3705503351453995,win,2026-08-09T11:50:21+00:00,1620619,2026-08-09T09:00:00Z,2026-08-09T09:00:41Z,2026-08-09T11:45:19Z,finished,best_of,3,Esports World Cup,Play-Ins,126944,1WIN,3213,Liquid,126944,,,,,,,,1WIN,1WIN,126944,1WIN,win,0,,
406,paper_v2,value_3pp,2026-08-08T21:15:53+00:00,skipped_high_odds,MelBet,2026-08-08T21:15:19+00:00,126584,2.659,0.0,0.6497440982685214,0.34971875764245536,0.30002534062606606,,,2448,2026-08-08T21:15:48+00:00,cs2_team_v2,126584,0.35025590173147864,0.6497440982685214,loss,2026-08-09T11:30:33+00:00,1620620,2026-08-09T09:00:00Z,2026-08-09T09:06:01Z,2026-08-09T11:20:55Z,finished,best_of,3,Esports World Cup,Play-Ins,135177,BC.Game Esports,126584,OG,135177,,,,,,,,OG,OG,135177,BC.Game Esports,loss,0,,
407,paper_v2,value_3pp,2026-08-08T21:15:53+00:00,skipped_low_odds,MelBet,2026-08-08T21:15:19+00:00,126452,1.19,0.0,0.6034333525626736,0.7832422586520946,-0.17980890608942102,,,2454,2026-08-08T21:15:48+00:00,cs2_team_v2,126452,0.39656664743732645,0.6034333525626736,win,2026-08-09T11:10:23+00:00,1620621,2026-08-09T09:15:00Z,2026-08-09T09:17:08Z,2026-08-09T11:09:10Z,finished,best_of,3,Esports World Cup,Play-Ins,127976,Infinite,126452,100 Thieves,126452,,,,,,,,100 Thieves,100 Thieves,126452,100 Thieves,win,0,,
408,paper_v2,value_3pp,2026-08-08T21:15:53+00:00,skipped_roster_uncertain,,,138617,,0.0,0.5811393734417911,,,,,2460,2026-08-08T21:15:49+00:00,cs2_team_v2,138617,0.5811393734417911,0.4188606265582089,win,2026-08-09T12:30:30+00:00,1616895,2026-08-09T10:45:00Z,2026-08-09T10:45:25Z,2026-08-09T12:22:05Z,finished,best_of,3,European Pro League,Group C,138617,INOX Division,132795,INFURITY Gaming,138617,,,,,,,,INOX Division,INOX Division,138617,INOX Division,win,0,,
409,paper_v2,value_3pp,2026-08-08T21:15:53+00:00,win,MelBet,2026-08-08T21:15:19+00:00,133063,2.411,1000.0,0.5053320476414573,0.38510584034685025,0.12022620729460709,1411.0,2026-08-09T14:10:36+00:00,2471,2026-08-08T21:15:49+00:00,cs2_team_v2,133063,0.5053320476414573,0.49466795235854266,win,2026-08-09T14:10:35+00:00,1616716,2026-08-09T11:00:00Z,2026-08-09T11:04:41Z,2026-08-09T14:10:12Z,finished,best_of,3,Tipsport Cup,Playoffs,133063,UNiTY esports,126699,Nexus,133063,,,,,,,,UNiTY esports,UNiTY esports,133063,UNiTY esports,win,0,103818.0,105229.0
410,paper_v2,value_3pp,2026-08-08T21:15:53+00:00,skipped_high_odds,MelBet,2026-08-08T21:15:19+00:00,133571,2.628,0.0,0.5844997029347976,0.3539823008849558,0.23051740204984178,,,2482,2026-08-08T21:15:50+00:00,cs2_team_v2,133571,0.5844997029347976,0.4155002970652024,win,2026-08-11T18:30:11+00:00,1619108,2026-08-11T17:00:00Z,2026-08-11T17:05:44Z,2026-08-11T17:34:12Z,finished,best_of,1,ESEA,Regular Season,133571,Wave Esports,135981,Donstu Esports,133571,,,,,,,,Wave Esports,Wave Esports,133571,Wave Esports,win,0,,
411,paper_v2,value_3pp,2026-08-08T21:15:53+00:00,skipped_roster_uncertain,,,138027,,0.0,0.6986995753799657,,,,,2488,2026-08-08T21:15:50+00:00,cs2_team_v2,138027,0.6986995753799657,0.30130042462003426,win,2026-08-25T20:00:10+00:00,1622142,2026-08-25T18:30:00Z,,,canceled,best_of,1,ESEA,Regular Season,138027,Benched gods,138419,PURE,138027,,,,,,,,Benched gods,Benched gods,138027,Benched gods,win,0,,
412,paper_v2,value_3pp,2026-08-09T21:15:37+00:00,skipped_roster_uncertain,,,134355,,0.0,0.6093353760792558,,,,,2494,2026-08-09T21:15:31+00:00,cs2_team_v2,134355,0.6093353760792558,0.3906646239207442,win,2026-08-10T01:00:29+00:00,1611515,2026-08-09T23:15:00Z,2026-08-09T23:18:26Z,2026-08-10T00:52:10Z,finished,best_of,3,BetBoom Storm,Group Stage,134355,Galorys,3225,Keyd,134355,,,,,,,,Galorys,Galorys,134355,Galorys,win,0,,
413,paper_v2,value_3pp,2026-08-09T21:15:37+00:00,skipped_roster_uncertain,,,137580,,0.0,0.5515055163081358,,,,,2515,2026-08-09T21:15:33+00:00,cs2_team_v2,137580,0.4484944836918642,0.5515055163081358,loss,2026-08-10T09:30:29+00:00,1626615,2026-08-10T08:10:00Z,,,canceled,best_of,3,United21,Playoffs,127899,VP.Prodigy,137580, Phantom Academy,127899,,,,,,,, Phantom Academy, Phantom Academy,127899,VP.Prodigy,loss,0,,
414,paper_v2,value_3pp,2026-08-09T21:15:37+00:00,loss,MelBet,2026-08-09T21:15:15+00:00,127114,1.53,1000.0,0.7280005460603622,0.6072895277207393,0.12071101833962294,-1000.0,2026-08-10T11:30:11+00:00,2521,2026-08-09T21:15:33+00:00,cs2_team_v2,127114,0.7280005460603622,0.27199945393963776,loss,2026-08-10T11:30:10+00:00,1615353,2026-08-10T10:10:00Z,2026-08-10T10:08:37Z,2026-08-10T11:23:07Z,finished,best_of,3,Dfrag,Playoffs,127114,Rooster,138092,Abyssal,138092,28,11,@metascope_ai,101,2026-08-09T21:15:50+00:00,102,2026-08-10T11:30:15+00:00,Rooster,Rooster,138092,Abyssal,loss,1,105229.0,104229.0
415,paper_v2,value_3pp,2026-08-09T21:15:37+00:00,skipped_low_odds,MelBet,2026-08-09T21:15:15+00:00,125873,1.28,0.0,0.5658090369319414,0.7253218884120172,-0.15951285148007577,,,2527,2026-08-09T21:15:33+00:00,cs2_team_v2,125873,0.5658090369319414,0.4341909630680586,win,2026-08-10T11:50:28+00:00,1615355,2026-08-10T10:10:00Z,2026-08-10T10:06:15Z,2026-08-10T11:43:59Z,finished,best_of,3,Dfrag,Playoffs,125873,Ground Zero,131110,Mindfreak,125873,,,,,,,,Ground Zero,Ground Zero,125873,Ground Zero,win,0,,
416,paper_v2,value_3pp,2026-08-09T21:15:37+00:00,skipped_roster_uncertain,,,138465,,0.0,0.5227639436122654,,,,,2541,2026-08-09T21:15:34+00:00,cs2_team_v2,138465,0.5227639436122654,0.4772360563877346,loss,2026-08-13T18:30:11+00:00,1615253,2026-08-13T17:00:00Z,,,canceled,best_of,1,ESEA,Regular Season,138465,Arch,138694,Dark Moon,138694,,,,,,,,Arch,Arch,138694,Dark Moon,loss,0,,
417,paper_v2,value_3pp,2026-08-10T21:15:39+00:00,skipped_low_odds,MelBet,2026-08-10T21:15:16+00:00,125863,1.2,0.0,0.6510798300408676,0.7687861271676302,-0.11770629712676262,,,2544,2026-08-10T21:15:33+00:00,cs2_team_v2,125863,0.6510798300408676,0.34892016995913244,win,2026-08-11T00:50:28+00:00,1611518,2026-08-10T23:15:00Z,2026-08-10T23:09:14Z,2026-08-11T00:49:53Z,finished,best_of,3,BetBoom Storm,Group Stage,125863,Isurus,138942,Grêmio Esports,125863,,,,,,,,Isurus,Isurus,125863,Isurus,win,0,,
418,paper_v2,value_3pp,2026-08-10T21:15:39+00:00,skipped_roster_uncertain,,,131849,,0.0,0.5465011439224273,,,,,2550,2026-08-10T21:15:33+00:00,cs2_team_v2,131849,0.5465011439224273,0.4534988560775727,win,2026-08-11T01:50:28+00:00,1628729,2026-08-10T23:45:00Z,2026-08-10T23:50:21Z,2026-08-11T01:42:21Z,finished,best_of,3,CCT South America,Playoffs,131849,paiN Academy,138524,QUINTESSÊNCIA,131849,,,,,,,,paiN Academy,paiN Academy,131849,paiN Academy,win,0,,
419,paper_v2,value_3pp,2026-08-10T21:15:39+00:00,skipped_no_value,MelBet,2026-08-10T21:15:16+00:00,137861,1.46,0.0,0.5641383334741965,0.6367255536203036,-0.07258722014610708,,,2561,2026-08-10T21:15:34+00:00,cs2_team_v2,137861,0.4358616665258035,0.5641383334741965,win,2026-08-11T09:50:28+00:00,1626617,2026-08-11T08:10:00Z,2026-08-11T08:12:03Z,2026-08-11T09:46:44Z,finished,best_of,3,United21,Playoffs,135474,Fire Flux Esports,137861,STATE,137861,,,,,,,,STATE,STATE,137861,STATE,win,0,,
420,paper_v2,value_3pp,2026-08-10T21:15:39+00:00,skipped_low_odds,MelBet,2026-08-10T21:15:16+00:00,125873,1.24,0.0,0.6429103734396056,0.7492416582406471,-0.10633128480104159,,,2567,2026-08-10T21:15:34+00:00,cs2_team_v2,125873,0.3570896265603944,0.6429103734396056,loss,2026-08-11T12:50:10+00:00,1615358,2026-08-11T10:00:00Z,2026-08-11T10:04:59Z,2026-08-11T12:48:48Z,finished,best_of,3,Dfrag,Playoffs,138092,Abyssal,125873,Ground Zero,138092,,,,,,,,Ground Zero,Ground Zero,138092,Abyssal,loss,0,,
421,paper_v2,value_3pp,2026-08-10T21:15:39+00:00,skipped_no_value,MelBet,2026-08-10T21:15:16+00:00,127114,1.51,0.0,0.5353483189528527,0.6174309602229541,-0.08208264127010134,,,2573,2026-08-10T21:15:34+00:00,cs2_team_v2,127114,0.5353483189528527,0.46465168104714727,loss,2026-08-11T13:00:29+00:00,1615360,2026-08-11T10:00:00Z,2026-08-11T10:03:19Z,2026-08-11T12:54:35Z,finished,best_of,3,Dfrag,Playoffs,127114,Rooster,131110,Mindfreak,131110,,,,,,,,Rooster,Rooster,131110,Mindfreak,loss,0,,
422,paper_v2,value_3pp,2026-08-10T21:15:39+00:00,skipped_roster_uncertain,,,130059,,0.0,0.5139194026032365,,,,,2579,2026-08-10T21:15:35+00:00,cs2_team_v2,130059,0.4860805973967634,0.5139194026032365,loss,2026-08-11T12:10:20+00:00,1616953,2026-08-11T10:30:00Z,2026-08-11T10:37:24Z,2026-08-11T12:06:00Z,finished,best_of,3,European Pro League,Group D,136934,Bushido Wildcats,130059,Eternal Fire Academy,136934,,,,,,,,Eternal Fire Academy,Eternal Fire Academy,136934,Bushido Wildcats,loss,0,,
423,paper_v2,value_3pp,2026-08-11T21:16:06+00:00,skipped_roster_uncertain,,,138086,,0.0,0.5382255190824116,,,,,2610,2026-08-11T21:15:52+00:00,cs2_team_v2,138086,0.5382255190824116,0.46177448091758844,win,2026-08-12T01:40:29+00:00,1628728,2026-08-11T23:55:00Z,2026-08-11T23:54:59Z,2026-08-12T01:39:23Z,finished,best_of,3,CCT South America,Playoffs,138086,METANOIA WOLVES,127214,Red Feet,138086,,,,,,,,METANOIA WOLVES,METANOIA WOLVES,138086,METANOIA WOLVES,win,0,,
424,paper_v2,value_3pp,2026-08-11T21:16:06+00:00,skipped_roster_uncertain,,,137538,,0.0,0.5932843997088918,,,,,2616,2026-08-11T21:15:52+00:00,cs2_team_v2,137538,0.4067156002911082,0.5932843997088918,loss,2026-08-12T09:50:30+00:00,1616790,2026-08-12T08:15:00Z,2026-08-12T08:09:04Z,2026-08-12T09:40:51Z,finished,best_of,3,European Pro League,Group A,138894,FaZe Up Next,137538,B8 Academy,138894,,,,,,,,B8 Academy,B8 Academy,138894,FaZe Up Next,loss,0,,
425,paper_v2,value_3pp,2026-08-11T21:16:06+00:00,skipped_no_line,,,136934,,0.0,0.5659113942032097,,,,,2627,2026-08-11T21:15:53+00:00,cs2_team_v2,136934,0.5659113942032097,0.4340886057967903,win,2026-08-12T11:00:29+00:00,1630366,2026-08-12T08:10:00Z,2026-08-12T08:14:26Z,2026-08-12T10:57:47Z,finished,best_of,3,CCT Europe,Group A,136934,Bushido Wildcats,138777,ex-MANA eSports,136934,,,,,,,,Bushido Wildcats,Bushido Wildcats,136934,Bushido Wildcats,win,0,,
426,paper_v2,value_3pp,2026-08-11T21:16:06+00:00,loss,MelBet,2026-08-11T21:15:21+00:00,131505,1.57,1000.0,0.6768417840261924,0.6045340050377834,0.07230777898840901,-1000.0,2026-08-12T10:30:31+00:00,2638,2026-08-11T21:15:54+00:00,cs2_team_v2,131505,0.3231582159738076,0.6768417840261924,loss,2026-08-12T10:30:30+00:00,1624080,2026-08-12T09:00:00Z,2026-08-12T09:03:03Z,2026-08-12T09:49:07Z,finished,best_of,1,Esports World Cup,Group A,3249,BIG,131505,Aurora Gaming,3249,30,13,@metascope_ai,106,2026-08-11T21:16:45+00:00,107,2026-08-12T10:30:35+00:00,Aurora Gaming,Aurora Gaming,3249,BIG,loss,1,104229.0,103229.0
427,paper_v2,value_3pp,2026-08-11T21:16:06+00:00,skipped_low_odds,MelBet,2026-08-11T21:15:21+00:00,125873,1.17,0.0,0.6216475745026949,0.7947368421052632,-0.17308926760256826,,,2644,2026-08-11T21:15:54+00:00,cs2_team_v2,125873,0.6216475745026949,0.3783524254973051,win,2026-08-12T11:40:10+00:00,1615362,2026-08-12T10:00:00Z,2026-08-12T10:07:02Z,2026-08-12T11:40:03Z,finished,best_of,3,Dfrag,Playoffs,125873,Ground Zero,131110,Mindfreak,125873,,,,,,,,Ground Zero,Ground Zero,125873,Ground Zero,win,0,,
428,paper_v2,value_3pp,2026-08-11T21:16:06+00:00,skipped_roster_uncertain,,,127899,,0.0,0.7046754571820084,,,,,2650,2026-08-11T21:15:54+00:00,cs2_team_v2,127899,0.7046754571820084,0.2953245428179916,win,2026-08-12T12:30:30+00:00,1616795,2026-08-12T10:40:00Z,2026-08-12T10:47:01Z,2026-08-12T12:25:26Z,finished,best_of,3,European Pro League,Group B,127899,VP.Prodigy,138281,Passion Academy,127899,,,,,,,,VP.Prodigy,VP.Prodigy,127899,VP.Prodigy,win,0,,
429,paper_v2,value_3pp,2026-08-11T21:16:06+00:00,skipped_low_odds,MelBet,2026-08-11T21:15:21+00:00,124523,1.064,0.0,0.7473173200771771,0.891028267103646,-0.14371094702646892,,,2656,2026-08-11T21:15:55+00:00,cs2_team_v2,124523,0.7473173200771771,0.2526826799228229,loss,2026-08-12T12:01:10+00:00,1624077,2026-08-12T10:30:00Z,2026-08-12T10:35:16Z,2026-08-12T11:23:31Z,finished,best_of,1,Esports World Cup,Group A,124523,Spirit,126994,JiJieHao,126994,,,,,,,,Spirit,Spirit,126994,JiJieHao,loss,0,,
430,paper_v2,value_3pp,2026-08-11T21:16:06+00:00,skipped_no_value,MelBet,2026-08-11T21:15:21+00:00,136955,1.6,0.0,0.5270298634417829,0.5939086294416244,-0.06687876599984144,,,2662,2026-08-11T21:15:55+00:00,cs2_team_v2,136955,0.5270298634417829,0.47297013655821707,win,2026-08-12T11:50:11+00:00,1624291,2026-08-12T10:15:00Z,2026-08-12T10:21:26Z,2026-08-12T11:09:32Z,finished,best_of,1,Esports World Cup,Group C,136955,FUT Esports,3248,TYLOO,136955,,,,,,,,FUT Esports,FUT Esports,136955,FUT Esports,win,0,,
431,paper_v2,value_3pp,2026-08-11T21:16:06+00:00,skipped_roster_uncertain,,,135474,,0.0,0.615009676610706,,,,,2668,2026-08-11T21:15:56+00:00,cs2_team_v2,135474,0.384990323389294,0.615009676610706,loss,2026-08-12T12:30:30+00:00,1629137,2026-08-12T10:45:00Z,2026-08-12T10:42:22Z,2026-08-12T12:20:33Z,finished,best_of,3,United21,Playoffs,138894,FaZe Up Next,135474,Fire Flux Esports,138894,,,,,,,,Fire Flux Esports,Fire Flux Esports,138894,FaZe Up Next,loss,0,,
432,paper_v2,value_3pp,2026-08-11T21:16:06+00:00,skipped_roster_uncertain,,,138974,,0.0,0.6104958891313421,,,,,2674,2026-08-11T21:15:56+00:00,cs2_team_v2,138974,0.6104958891313421,0.3895041108686579,win,2026-08-12T14:40:29+00:00,1630367,2026-08-12T11:10:00Z,2026-08-12T11:14:17Z,2026-08-12T14:32:43Z,finished,best_of,3,CCT Europe,Group A,138974,ex-RUSTEC,129405,SAW Youngsters,138974,,,,,,,,ex-RUSTEC,ex-RUSTEC,138974,ex-RUSTEC,win,0,,
433,paper_v2,value_3pp,2026-08-11T21:16:06+00:00,skipped_low_odds,MelBet,2026-08-11T21:15:21+00:00,3210,1.38,0.0,0.6601628187686428,0.6877828054298643,-0.027619986661221452,,,2680,2026-08-11T21:15:56+00:00,cs2_team_v2,3210,0.6601628187686428,0.3398371812313572,win,2026-08-12T13:30:29+00:00,1624079,2026-08-12T12:10:00Z,2026-08-12T12:09:11Z,2026-08-12T12:58:46Z,finished,best_of,1,Esports World Cup,Group A,3210,G2,133435,M80,3210,,,,,,,,G2,G2,3210,G2,win,0,,
434,paper_v2,value_3pp,2026-08-11T21:16:06+00:00,skipped_no_value,MelBet,2026-08-11T21:15:21+00:00,3272,1.656,0.0,0.6014614781568777,0.5740740740740742,0.02738740408280349,,,2686,2026-08-11T21:15:56+00:00,cs2_team_v2,3272,0.3985385218431224,0.6014614781568777,win,2026-08-12T13:30:29+00:00,1624320,2026-08-12T12:00:00Z,2026-08-12T11:54:35Z,2026-08-12T12:37:36Z,finished,best_of,1,Esports World Cup,Group D,137739,magic,3272,TheMongolz,3272,,,,,,,,TheMongolz,TheMongolz,3272,TheMongolz,win,0,,
435,paper_v2,value_3pp,2026-08-11T21:16:06+00:00,skipped_low_odds,MelBet,2026-08-11T21:15:21+00:00,130564,1.09,0.0,0.7941558522284923,0.8716136631330977,-0.07745781090460546,,,2697,2026-08-11T21:15:57+00:00,cs2_team_v2,130564,0.7941558522284923,0.20584414777150772,win,2026-08-12T15:20:28+00:00,1624087,2026-08-12T13:45:00Z,2026-08-12T13:43:33Z,2026-08-12T14:23:08Z,finished,best_of,1,Esports World Cup,Group B,130564,Team Falcons,135298,K27,130564,,,,,,,,Team Falcons,Team Falcons,130564,Team Falcons,win,0,,
436,paper_v2,value_3pp,2026-08-11T21:16:06+00:00,skipped_no_value,MelBet,2026-08-11T21:15:21+00:00,133708,1.575,0.0,0.5660009824458774,0.6027742749054225,-0.03677329245954508,,,2703,2026-08-11T21:15:58+00:00,cs2_team_v2,133708,0.4339990175541226,0.5660009824458774,win,2026-08-12T14:50:45+00:00,1624090,2026-08-12T13:20:00Z,2026-08-12T13:24:09Z,2026-08-12T13:59:10Z,finished,best_of,1,Esports World Cup,Group B,3218,NIP,133708,Legacy,133708,,,,,,,,Legacy,Legacy,133708,Legacy,win,0,,
437,paper_v2,value_3pp,2026-08-11T21:16:06+00:00,skipped_roster_uncertain,,,138181,,0.0,0.6471936949445263,,,,,2709,2026-08-11T21:15:58+00:00,cs2_team_v2,138181,0.3528063050554738,0.6471936949445263,loss,2026-08-12T17:30:28+00:00,1630619,2026-08-12T15:00:00Z,2026-08-12T14:52:09Z,2026-08-12T17:29:10Z,finished,best_of,3,CCT Europe,Group B,127837,los kogutos,138181,Esport BERG,127837,,,,,,,,Esport BERG,Esport BERG,127837,los kogutos,loss,0,,
438,paper_v2,value_3pp,2026-08-11T21:16:06+00:00,skipped_no_line,,,133458,,0.0,0.6191643883760392,,,,,2715,2026-08-11T21:15:58+00:00,cs2_team_v2,133458,0.6191643883760392,0.38083561162396085,loss,2026-08-12T16:40:10+00:00,1624089,2026-08-12T15:10:00Z,2026-08-12T15:10:31Z,2026-08-12T15:58:39Z,finished,best_of,1,Esports World Cup,Group B,133458,BetBoom Team,3212,FaZe,3212,,,,,,,,BetBoom Team,BetBoom Team,3212,FaZe,loss,0,,
439,paper_v2,value_3pp,2026-08-11T21:16:06+00:00,skipped_no_value,MelBet,2026-08-11T21:15:21+00:00,133719,1.704,0.0,0.5065793593822904,0.5571725571725572,-0.05059319779026683,,,2721,2026-08-11T21:15:59+00:00,cs2_team_v2,133719,0.5065793593822904,0.4934206406177096,loss,2026-08-12T16:20:28+00:00,1624250,2026-08-12T14:45:00Z,2026-08-12T14:44:31Z,2026-08-12T15:37:31Z,finished,best_of,1,Esports World Cup,Group C,133719,PARIVISION,129381,B8,129381,,,,,,,,PARIVISION,PARIVISION,129381,B8,loss,0,,
440,paper_v2,value_3pp,2026-08-11T21:16:06+00:00,skipped_no_value,MelBet,2026-08-11T21:15:21+00:00,3209,1.77,0.0,0.5628895119159634,0.5366492146596858,0.026240297256277523,,,2727,2026-08-11T21:15:59+00:00,cs2_team_v2,3209,0.4371104880840367,0.5628895119159634,win,2026-08-12T18:00:10+00:00,1624088,2026-08-12T16:25:00Z,2026-08-12T16:23:32Z,2026-08-12T17:09:33Z,finished,best_of,1,Esports World Cup,Group B,3250,MIBR,3209,Astralis,3209,,,,,,,,Astralis,Astralis,3209,Astralis,win,0,,
441,paper_v2,value_3pp,2026-08-11T21:16:06+00:00,skipped_low_odds,MelBet,2026-08-11T21:15:21+00:00,3216,1.15,0.0,0.7068876524104988,0.823076923076923,-0.11618927066642426,,,2733,2026-08-11T21:15:59+00:00,cs2_team_v2,3216,0.7068876524104988,0.2931123475895012,win,2026-08-12T18:10:11+00:00,1624319,2026-08-12T16:40:00Z,2026-08-12T16:44:39Z,2026-08-12T17:35:53Z,finished,best_of,1,Esports World Cup,Group D,3216,Natus Vincere,3318,3DMAX,3216,,,,,,,,Natus Vincere,Natus Vincere,3216,Natus Vincere,win,0,,
442,paper_v2,value_3pp,2026-08-11T21:16:06+00:00,skipped_roster_uncertain,,,137028,,0.0,0.8748712690326615,,,,,2739,2026-08-11T21:16:00+00:00,cs2_team_v2,137028,0.8748712690326615,0.12512873096733845,loss,2026-08-12T20:50:28+00:00,1630620,2026-08-12T17:45:00Z,2026-08-12T17:55:41Z,2026-08-12T20:44:02Z,finished,best_of,3,CCT Europe,Group B,137028,Endless Journey,125774,HAVU,125774,,,,,,,,Endless Journey,Endless Journey,125774,HAVU,loss,0,,
443,paper_v2,value_3pp,2026-08-11T21:16:06+00:00,skipped_high_odds,MelBet,2026-08-11T21:15:21+00:00,126452,4.18,0.0,0.5508505584705774,0.22735674676524953,0.32349381170532787,,,2745,2026-08-11T21:16:00+00:00,cs2_team_v2,126452,0.44914944152942254,0.5508505584705774,loss,2026-08-12T19:50:28+00:00,1624231,2026-08-12T18:20:00Z,2026-08-12T18:21:49Z,2026-08-12T19:02:23Z,finished,best_of,1,Esports World Cup,Group C,3455,Vitality,126452,100 Thieves,3455,,,,,,,,100 Thieves,100 Thieves,3455,Vitality,loss,0,,
444,paper_v2,value_3pp,2026-08-11T21:16:06+00:00,win,MelBet,2026-08-11T21:15:21+00:00,124530,2.326,1000.0,0.5419328076304455,0.406026557711951,0.13590624991849448,1326.0,2026-08-12T19:30:59+00:00,2751,2026-08-11T21:16:00+00:00,cs2_team_v2,124530,0.4580671923695545,0.5419328076304455,win,2026-08-12T19:30:58+00:00,1624322,2026-08-12T18:00:00Z,2026-08-12T17:55:39Z,2026-08-12T18:44:10Z,finished,best_of,1,Esports World Cup,Group D,135273,Wildcard,124530,FURIA,124530,29,12,@metascope_ai,105,2026-08-11T21:16:45+00:00,108,2026-08-12T19:31:02+00:00,FURIA,FURIA,124530,FURIA,win,1,103229.0,104555.0
445,paper_v2,value_3pp,2026-08-11T21:16:06+00:00,skipped_roster_uncertain,,,138146,,0.0,0.5179146226485177,,,,,2757,2026-08-11T21:16:01+00:00,cs2_team_v2,138146,0.48208537735148227,0.5179146226485177,win,2026-08-12T20:00:28+00:00,1620641,2026-08-12T18:30:00Z,2026-08-12T18:44:05Z,2026-08-12T19:19:17Z,finished,best_of,1,ESEA,Regular Season,138419,PURE,138146,Drama eSports,138146,,,,,,,,Drama eSports,Drama eSports,138146,Drama eSports,win,0,,
446,paper_v2,value_3pp,2026-08-11T21:16:06+00:00,skipped_low_odds,MelBet,2026-08-11T21:15:21+00:00,3240,1.184,0.0,0.6852215756710986,0.8014755197853789,-0.11625394411428025,,,2763,2026-08-11T21:16:01+00:00,cs2_team_v2,3240,0.3147784243289014,0.6852215756710986,win,2026-08-12T21:00:28+00:00,1624292,2026-08-12T19:30:00Z,2026-08-12T19:30:54Z,2026-08-12T20:14:59Z,finished,best_of,1,Esports World Cup,Group C,126439,Lynn Vision,3240,MOUZ,3240,,,,,,,,MOUZ,MOUZ,3240,MOUZ,win,0,,
447,paper_v2,value_3pp,2026-08-11T21:16:06+00:00,skipped_no_value,MelBet,2026-08-11T21:15:21+00:00,126709,1.5,0.0,0.6408186750763796,0.6327130264446621,0.008105648631717477,,,2769,2026-08-11T21:16:01+00:00,cs2_team_v2,126709,0.6408186750763796,0.3591813249236204,win,2026-08-12T21:20:10+00:00,1624321,2026-08-12T19:50:00Z,2026-08-12T19:49:51Z,2026-08-12T20:24:08Z,finished,best_of,1,Esports World Cup,Group D,126709,9z,125751,paiN,126709,,,,,,,,9z,9z,126709,9z,win,0,,
448,paper_v2,value_3pp,2026-08-12T21:15:55+00:00,skipped_roster_uncertain,,,132795,,0.0,0.5561736285791784,,,,,2785,2026-08-12T21:15:46+00:00,cs2_team_v2,132795,0.4438263714208216,0.5561736285791784,loss,2026-08-13T10:00:28+00:00,1629138,2026-08-13T08:10:00Z,2026-08-13T08:11:04Z,2026-08-13T09:52:10Z,finished,best_of,3,United21,Playoffs,137861,STATE,132795,INFURITY Gaming,137861,,,,,,,,INFURITY Gaming,INFURITY Gaming,137861,STATE,loss,0,,
449,paper_v2,value_3pp,2026-08-12T21:15:55+00:00,skipped_no_line,,,129405,,0.0,0.5943459378185938,,,,,2791,2026-08-12T21:15:47+00:00,cs2_team_v2,129405,0.40565406218140626,0.5943459378185938,loss,2026-08-13T11:10:10+00:00,1630369,2026-08-13T08:00:00Z,2026-08-13T08:09:53Z,2026-08-13T11:02:21Z,finished,best_of,3,CCT Europe,Group A,138777,ex-MANA eSports,129405,SAW Youngsters,138777,,,,,,,,SAW Youngsters,SAW Youngsters,138777,ex-MANA eSports,loss,0,,
450,paper_v2,value_3pp,2026-08-12T21:15:55+00:00,skipped_low_odds,MelBet,2026-08-12T21:15:18+00:00,138406,1.38,0.0,0.7308102417338759,0.6742209631728046,0.05658927856107132,,,2797,2026-08-12T21:15:47+00:00,cs2_team_v2,138406,0.7308102417338759,0.2691897582661241,loss,2026-08-13T10:20:47+00:00,1630756,2026-08-13T08:10:00Z,2026-08-13T08:12:15Z,2026-08-13T10:13:52Z,finished,best_of,3,NODWIN Clutch Series,Play-In Group A,138406,Just Players,129160,MOUZ NXT,129160,,,,,,,,Just Players,Just Players,129160,MOUZ NXT,loss,0,,
451,paper_v2,value_3pp,2026-08-12T21:15:55+00:00,skipped_low_odds,MelBet,2026-08-12T21:15:18+00:00,125873,1.33,0.0,0.5209122830990265,0.6990950226244345,-0.17818273952540797,,,2808,2026-08-12T21:15:47+00:00,cs2_team_v2,125873,0.47908771690097346,0.5209122830990265,win,2026-08-13T11:40:28+00:00,1615363,2026-08-13T10:10:00Z,2026-08-13T10:08:27Z,2026-08-13T11:38:56Z,finished,best_of,3,Dfrag,Playoffs,138092,Abyssal,125873,Ground Zero,125873,,,,,,,,Ground Zero,Ground Zero,125873,Ground Zero,win,0,,
452,paper_v2,value_3pp,2026-08-12T21:15:55+00:00,skipped_high_odds,MelBet,2026-08-12T21:15:18+00:00,126994,2.76,0.0,0.5747360118604059,0.3444180522565321,0.2303179596038738,,,2819,2026-08-12T21:15:48+00:00,cs2_team_v2,126994,0.4252639881395941,0.5747360118604059,loss,2026-08-13T12:40:18+00:00,1624081,2026-08-13T11:00:00Z,2026-08-13T11:01:38Z,2026-08-13T12:31:16Z,finished,best_of,3,Esports World Cup,Group A,125847,GamerLegion,126994,JiJieHao,125847,,,,,,,,JiJieHao,JiJieHao,125847,GamerLegion,loss,0,,
453,paper_v2,value_3pp,2026-08-12T21:15:55+00:00,skipped_no_value,MelBet,2026-08-12T21:15:18+00:00,3210,1.48,0.0,0.6437618885469489,0.6416464891041161,0.0021153994428327882,,,2825,2026-08-12T21:15:48+00:00,cs2_team_v2,3210,0.356238111453051,0.6437618885469489,win,2026-08-13T16:10:09+00:00,1624082,2026-08-13T13:20:00Z,2026-08-13T13:16:49Z,2026-08-13T16:04:44Z,finished,best_of,3,Esports World Cup,Group A,3249,BIG,3210,G2,3210,,,,,,,,G2,G2,3210,G2,win,0,,
454,paper_v2,value_3pp,2026-08-12T21:15:55+00:00,skipped_roster_uncertain,,,137028,,0.0,0.6344577872106216,,,,,2831,2026-08-12T21:15:49+00:00,cs2_team_v2,137028,0.3655422127893784,0.6344577872106216,loss,2026-08-13T12:50:16+00:00,1630642,2026-08-13T11:15:00Z,,,canceled,best_of,3,CCT Europe,Group B,138181,Esport BERG,137028,Endless Journey,138181,,,,,,,,Endless Journey,Endless Journey,138181,Esport BERG,loss,0,,
455,paper_v2,value_3pp,2026-08-12T21:15:55+00:00,skipped_roster_uncertain,,,130590,,0.0,0.6908035775297016,,,,,2837,2026-08-12T21:15:49+00:00,cs2_team_v2,130590,0.6908035775297016,0.30919642247029844,loss,2026-08-13T13:00:11+00:00,1631014,2026-08-13T11:00:00Z,2026-08-13T11:06:48Z,2026-08-13T12:56:08Z,finished,best_of,3,NODWIN Clutch Series,Play-In Group B,130590,The Last Resort,133988,HyperSpirit,133988,,,,,,,,The Last Resort,The Last Resort,133988,HyperSpirit,loss,0,,
456,paper_v2,value_3pp,2026-08-12T21:15:55+00:00,skipped_low_odds,MelBet,2026-08-12T21:15:18+00:00,131505,1.315,0.0,0.6761578365306085,0.721102863202545,-0.04494502667193656,,,2853,2026-08-12T21:15:50+00:00,cs2_team_v2,131505,0.6761578365306085,0.32384216346939154,win,2026-08-13T16:00:29+00:00,1624084,2026-08-13T14:00:00Z,2026-08-13T13:58:27Z,2026-08-13T15:57:28Z,finished,best_of,3,Esports World Cup,Group A,131505,Aurora Gaming,133435,M80,131505,,,,,,,,Aurora Gaming,Aurora Gaming,131505,Aurora Gaming,win,0,,
457,paper_v2,value_3pp,2026-08-12T21:15:55+00:00,skipped_roster_uncertain,,,138974,,0.0,0.6569583059354707,,,,,2859,2026-08-12T21:15:50+00:00,cs2_team_v2,138974,0.34304169406452933,0.6569583059354707,loss,2026-08-13T16:40:29+00:00,1630368,2026-08-13T14:00:00Z,2026-08-13T14:09:54Z,2026-08-13T16:38:42Z,finished,best_of,3,CCT Europe,Group A,136934,Bushido Wildcats,138974,ex-RUSTEC,136934,,,,,,,,ex-RUSTEC,ex-RUSTEC,136934,Bushido Wildcats,loss,0,,
458,paper_v2,value_3pp,2026-08-12T21:15:55+00:00,skipped_roster_uncertain,,,137701,,0.0,0.5882788605255691,,,,,2865,2026-08-12T21:15:50+00:00,cs2_team_v2,137701,0.4117211394744309,0.5882788605255691,win,2026-08-13T17:10:28+00:00,1631015,2026-08-13T14:00:00Z,2026-08-13T14:08:11Z,2026-08-13T17:00:36Z,finished,best_of,3,NODWIN Clutch Series,Play-In Group B,128887,Honvéd,137701,Bebop,137701,,,,,,,,Bebop,Bebop,137701,Bebop,win,0,,
459,paper_v2,value_3pp,2026-08-12T21:15:55+00:00,skipped_low_odds,MelBet,2026-08-12T21:15:18+00:00,130564,1.175,0.0,0.6887178947923707,0.8065843621399178,-0.11786646734754713,,,2876,2026-08-12T21:15:51+00:00,cs2_team_v2,130564,0.6887178947923707,0.31128210520762933,win,2026-08-13T18:40:29+00:00,1624091,2026-08-13T17:00:00Z,2026-08-13T16:44:27Z,2026-08-13T18:35:58Z,finished,best_of,3,Esports World Cup,Group B,130564,Team Falcons,3209,Astralis,130564,,,,,,,,Team Falcons,Team Falcons,130564,Team Falcons,win,0,,
460,paper_v2,value_3pp,2026-08-12T21:15:55+00:00,loss,MelBet,2026-08-12T21:15:18+00:00,133708,2.01,1000.0,0.5486553915940162,0.47244094488188976,0.07621444671212646,-1000.0,2026-08-13T18:40:30+00:00,2882,2026-08-12T21:15:52+00:00,cs2_team_v2,133708,0.5486553915940162,0.4513446084059838,loss,2026-08-13T18:40:29+00:00,1624092,2026-08-13T16:50:00Z,2026-08-13T16:54:35Z,2026-08-13T18:34:20Z,finished,best_of,3,Esports World Cup,Group B,133708,Legacy,3212,FaZe,3212,32,15,@metascope_ai,111,2026-08-12T21:16:15+00:00,113,2026-08-13T18:40:33+00:00,Legacy,Legacy,3212,FaZe,loss,1,104555.0,103555.0
461,paper_v2,value_3pp,2026-08-12T21:15:55+00:00,skipped_no_line,,,127837,,0.0,0.6403309490774953,,,,,2888,2026-08-12T21:15:52+00:00,cs2_team_v2,127837,0.6403309490774953,0.3596690509225047,loss,2026-08-13T20:40:28+00:00,1630621,2026-08-13T17:00:00Z,2026-08-13T17:07:08Z,2026-08-13T20:35:06Z,finished,best_of,3,CCT Europe,Group B,132060,Permitta Esports,125774,HAVU,132060,,,,,,,,,,132060,Permitta Esports,loss,0,,
462,paper_v2,value_3pp,2026-08-12T21:15:55+00:00,win,MelBet,2026-08-12T21:15:18+00:00,135227,2.142,1000.0,0.7476011163868472,0.435126582278481,0.31247453410836623,1142.0,2026-08-13T20:10:28+00:00,2894,2026-08-12T21:15:52+00:00,cs2_team_v2,135227,0.2523988836131527,0.7476011163868472,win,2026-08-13T20:10:28+00:00,1630757,2026-08-13T17:20:00Z,2026-08-13T17:25:41Z,2026-08-13T20:00:59Z,finished,best_of,3,NODWIN Clutch Series,Play-In Group A,3251,ENCE,135227,ENJOY,135227,31,14,@metascope_ai,110,2026-08-12T21:16:15+00:00,114,2026-08-13T20:10:32+00:00,ENJOY,ENJOY,135227,ENJOY,win,1,103555.0,104697.0
463,paper_v2,value_3pp,2026-08-12T21:15:55+00:00,skipped_no_line,,,134405,,0.0,0.8085900362203207,,,,,2900,2026-08-12T21:15:52+00:00,cs2_team_v2,134405,0.19140996377967934,0.8085900362203207,win,2026-08-13T19:20:10+00:00,1632592,2026-08-13T17:15:00Z,2026-08-13T17:18:05Z,2026-08-13T19:10:34Z,finished,best_of,3,Exort Fiesta,Group A,138710,Subtop De France,134405,Vexar,134405,,,,,,,,Vexar,Vexar,134405,Vexar,win,0,,
464,paper_v2,value_3pp,2026-08-12T21:15:55+00:00,skipped_roster_uncertain,,,3225,,0.0,0.7922079451136236,,,,,2906,2026-08-12T21:15:53+00:00,cs2_team_v2,3225,0.20779205488637642,0.7922079451136236,win,2026-08-13T22:40:08+00:00,1611483,2026-08-13T20:00:00Z,2026-08-13T20:01:15Z,2026-08-13T22:38:05Z,finished,best_of,3,BetBoom Storm,Playoffs,131538,Yawara Esports,3225,Keyd,3225,,,,,,,,Keyd,Keyd,3225,Keyd,win,0,,
465,paper_v2,value_3pp,2026-08-13T21:15:51+00:00,skipped_low_odds,MelBet,2026-08-13T21:15:15+00:00,126377,1.19,0.0,0.6952267527902922,0.773117254528122,-0.07789050173782974,,,2912,2026-08-13T21:15:41+00:00,cs2_team_v2,126377,0.6952267527902922,0.3047732472097078,win,2026-08-14T00:40:10+00:00,1611485,2026-08-13T23:15:00Z,2026-08-13T23:16:04Z,2026-08-14T00:32:10Z,finished,best_of,3,BetBoom Storm,Playoffs,126377,Imperial,125863,Isurus,126377,,,,,,,,Imperial,Imperial,126377,Imperial,win,0,,
466,paper_v2,value_3pp,2026-08-13T21:15:51+00:00,skipped_roster_uncertain,,,131849,,0.0,0.5505104398825664,,,,,2923,2026-08-13T21:15:41+00:00,cs2_team_v2,131849,0.4494895601174335,0.5505104398825664,win,2026-08-14T02:20:10+00:00,1631686,2026-08-14T00:35:00Z,2026-08-14T00:40:35Z,2026-08-14T02:18:56Z,finished,best_of,3,CCT South America,Playoffs,138086,METANOIA WOLVES,131849,paiN Academy,131849,,,,,,,,paiN Academy,paiN Academy,131849,paiN Academy,win,0,,
467,paper_v2,value_3pp,2026-08-13T21:15:51+00:00,win,MelBet,2026-08-13T21:15:15+00:00,135227,1.46,1000.0,0.7770667557573478,0.6367255536203036,0.14034120213704426,459.99999999999994,2026-08-14T10:10:34+00:00,2934,2026-08-13T21:15:42+00:00,cs2_team_v2,135227,0.7770667557573478,0.22293324424265215,win,2026-08-14T10:10:33+00:00,1630664,2026-08-14T08:15:00Z,2026-08-14T08:16:00Z,2026-08-14T10:09:43Z,finished,best_of,3,CCT Europe,Group C,135227,ENJOY,137075,Misa Esports,135227,34,17,@metascope_ai,117,2026-08-13T21:16:24+00:00,118,2026-08-14T10:10:37+00:00,ENJOY,ENJOY,135227,ENJOY,win,1,104697.0,105157.0
468,paper_v2,value_3pp,2026-08-13T21:15:51+00:00,skipped_roster_uncertain,,,138617,,0.0,0.6898682483477667,,,,,2945,2026-08-13T21:15:42+00:00,cs2_team_v2,138617,0.6898682483477667,0.3101317516522333,win,2026-08-14T10:10:33+00:00,1633214,2026-08-14T08:15:00Z,2026-08-14T08:16:05Z,2026-08-14T10:07:40Z,finished,best_of,3,European Pro League,Playoffs,138617,INOX Division,127899,VP.Prodigy,138617,,,,,,,,INOX Division,INOX Division,138617,INOX Division,win,0,,
469,paper_v2,value_3pp,2026-08-13T21:15:51+00:00,skipped_roster_uncertain,,,138894,,0.0,0.6522532205971452,,,,,2951,2026-08-13T21:15:43+00:00,cs2_team_v2,138894,0.6522532205971452,0.3477467794028548,loss,2026-08-14T13:20:10+00:00,1633215,2026-08-14T10:40:00Z,2026-08-14T10:39:11Z,2026-08-14T13:15:48Z,finished,best_of,3,European Pro League,Playoffs,138894,FaZe Up Next,138618,Vitality Academy,138618,,,,,,,,FaZe Up Next,FaZe Up Next,138618,Vitality Academy,loss,0,,
470,paper_v2,value_3pp,2026-08-13T21:15:51+00:00,skipped_no_value,MelBet,2026-08-13T21:15:15+00:00,133458,1.416,0.0,0.6039566427401585,0.6711565257779842,-0.06719988303782576,,,2957,2026-08-13T21:15:43+00:00,cs2_team_v2,133458,0.3960433572598415,0.6039566427401585,loss,2026-08-14T12:50:58+00:00,1624126,2026-08-14T11:00:00Z,2026-08-14T11:00:35Z,2026-08-14T12:42:16Z,finished,best_of,3,Esports World Cup,Group B,3218,NIP,133458,BetBoom Team,3218,,,,,,,,BetBoom Team,BetBoom Team,3218,NIP,loss,0,,
471,paper_v2,value_3pp,2026-08-13T21:15:51+00:00,skipped_no_value,MelBet,2026-08-13T21:15:15+00:00,3248,1.584,0.0,0.5359676021751633,0.5993930197268589,-0.06342541755169562,,,2963,2026-08-13T21:15:43+00:00,cs2_team_v2,3248,0.5359676021751633,0.46403239782483674,loss,2026-08-14T12:50:58+00:00,1624316,2026-08-14T11:00:00Z,2026-08-14T11:01:55Z,2026-08-14T12:45:12Z,finished,best_of,3,Esports World Cup,Group C,3248,TYLOO,126439,Lynn Vision,126439,,,,,,,,TYLOO,TYLOO,126439,Lynn Vision,loss,0,,
472,paper_v2,value_3pp,2026-08-13T21:15:51+00:00,skipped_no_line,,,128887,,0.0,0.6389356056646318,,,,,2969,2026-08-13T21:15:44+00:00,cs2_team_v2,128887,0.6389356056646318,0.3610643943353682,loss,2026-08-14T13:20:10+00:00,1630670,2026-08-14T11:40:00Z,2026-08-14T11:38:14Z,2026-08-14T13:16:09Z,finished,best_of,3,CCT Europe,Group D,128887,Honvéd,138812,Noir Verse,138812,,,,,,,,Honvéd,Honvéd,138812,Noir Verse,loss,0,,
473,paper_v2,value_3pp,2026-08-13T21:15:51+00:00,skipped_low_odds,MelBet,2026-08-13T21:15:15+00:00,138650,1.39,0.0,0.5493722333342299,0.6654632972322504,-0.11609106389802049,,,2975,2026-08-13T21:15:44+00:00,cs2_team_v2,138650,0.5493722333342299,0.4506277666657701,win,2026-08-14T13:10:28+00:00,1632605,2026-08-14T11:20:00Z,2026-08-14T11:19:18Z,2026-08-14T13:01:49Z,finished,best_of,3,Exort Fiesta,Group D,138650,NEW VISION,138465,Arch,138650,,,,,,,,NEW VISION,NEW VISION,138650,NEW VISION,win,0,,
474,paper_v2,value_3pp,2026-08-13T21:15:51+00:00,skipped_no_line,,,138617,,0.0,0.7506391213978276,,,,,2981,2026-08-13T21:15:44+00:00,cs2_team_v2,138617,0.7506391213978276,0.24936087860217238,win,2026-08-14T14:40:29+00:00,1633185,2026-08-14T13:15:00Z,2026-08-14T13:18:05Z,2026-08-14T14:39:06Z,finished,best_of,3,ESL Challenger League,Group A,138617,INOX Division,138777,ex-MANA eSports,138617,,,,,,,,INOX Division,INOX Division,138617,INOX Division,win,0,,
475,paper_v2,value_3pp,2026-08-13T21:15:51+00:00,skipped_roster_uncertain,,,132426,,0.0,0.6597072688781864,,,,,2987,2026-08-13T21:15:44+00:00,cs2_team_v2,132426,0.6597072688781864,0.3402927311218136,loss,2026-08-14T15:30:20+00:00,1633186,2026-08-14T13:30:00Z,2026-08-14T13:34:17Z,2026-08-14T15:21:15Z,finished,best_of,3,ESL Challenger League,Group A,132426,Lazer Cats,129160,MOUZ NXT,129160,,,,,,,,Lazer Cats,Lazer Cats,129160,MOUZ NXT,loss,0,,
476,paper_v2,value_3pp,2026-08-13T21:15:51+00:00,win,MelBet,2026-08-13T21:15:15+00:00,136516,1.58,1000.0,0.6465429885271209,0.5929933024214322,0.053549686105688665,580.0000000000001,2026-08-14T16:30:11+00:00,2993,2026-08-13T21:15:44+00:00,cs2_team_v2,136516,0.6465429885271209,0.3534570114728791,win,2026-08-14T16:30:10+00:00,1633190,2026-08-14T13:20:00Z,2026-08-14T13:32:03Z,2026-08-14T16:25:10Z,finished,best_of,3,ESL Challenger League,Group B,136516,BASEMENT BOYS,137580, Phantom Academy,136516,,,,,,,,BASEMENT BOYS,BASEMENT BOYS,136516,BASEMENT BOYS,win,0,105157.0,105737.0
477,paper_v2,value_3pp,2026-08-13T21:15:51+00:00,skipped_roster_uncertain,,,138370,,0.0,0.8762129365224999,,,,,2999,2026-08-13T21:15:45+00:00,cs2_team_v2,138370,0.8762129365224999,0.12378706347750013,win,2026-08-14T15:10:11+00:00,1633191,2026-08-14T13:00:00Z,2026-08-14T13:02:44Z,2026-08-14T15:06:12Z,finished,best_of,3,ESL Challenger League,Group B,138370,Lavked,137707,SINQU,138370,,,,,,,,Lavked,Lavked,138370,Lavked,win,0,,
478,paper_v2,value_3pp,2026-08-13T21:15:51+00:00,skipped_roster_uncertain,,,138685,,0.0,0.5192748790220929,,,,,3005,2026-08-13T21:15:45+00:00,cs2_team_v2,138685,0.5192748790220929,0.4807251209779071,win,2026-08-14T15:50:29+00:00,1633195,2026-08-14T13:25:00Z,2026-08-14T13:49:31Z,2026-08-14T15:43:45Z,finished,best_of,3,ESL Challenger League,Group C,138685,Esport Academy Copenhagen,138027,Benched gods,138685,,,,,,,,Esport Academy Copenhagen,Esport Academy Copenhagen,138685,Esport Academy Copenhagen,win,0,,
479,paper_v2,value_3pp,2026-08-13T21:15:51+00:00,skipped_roster_uncertain,,,133269,,0.0,0.6785678271571465,,,,,3011,2026-08-13T21:15:45+00:00,cs2_team_v2,133269,0.6785678271571465,0.3214321728428535,loss,2026-08-14T16:10:29+00:00,1633196,2026-08-14T13:00:00Z,2026-08-14T13:05:41Z,2026-08-14T16:01:42Z,finished,best_of,3,ESL Challenger League,Group C,133269,Leo Team,137075,Misa Esports,137075,,,,,,,,Leo Team,Leo Team,137075,Misa Esports,loss,0,,
480,paper_v2,value_3pp,2026-08-13T21:15:51+00:00,skipped_roster_uncertain,,,135474,,0.0,0.6137101902028221,,,,,3022,2026-08-13T21:15:46+00:00,cs2_team_v2,135474,0.3862898097971779,0.6137101902028221,loss,2026-08-14T16:00:30+00:00,1633201,2026-08-14T13:20:00Z,2026-08-14T13:19:57Z,2026-08-14T15:59:32Z,finished,best_of,3,ESL Challenger League,Group D,130794,BakS eSports,135474,Fire Flux Esports,130794,,,,,,,,Fire Flux Esports,Fire Flux Esports,130794,BakS eSports,loss,0,,
481,paper_v2,value_3pp,2026-08-13T21:15:51+00:00,skipped_low_odds,MelBet,2026-08-13T21:15:15+00:00,3455,1.095,0.0,0.6299760327613348,0.8679927667269439,-0.23801673396560907,,,3028,2026-08-13T21:15:46+00:00,cs2_team_v2,3455,0.3700239672386652,0.6299760327613348,loss,2026-08-14T16:40:14+00:00,1624293,2026-08-14T13:30:00Z,2026-08-14T13:27:34Z,2026-08-14T16:32:12Z,finished,best_of,3,Esports World Cup,Group C,129381,B8,3455,Vitality,129381,,,,,,,,Vitality,Vitality,129381,B8,loss,0,,
482,paper_v2,value_3pp,2026-08-13T21:15:51+00:00,skipped_no_value,MelBet,2026-08-13T21:15:15+00:00,3240,1.425,0.0,0.5454644392639436,0.6658851113716295,-0.12042067210768592,,,3034,2026-08-13T21:15:46+00:00,cs2_team_v2,3240,0.4545355607360564,0.5454644392639436,loss,2026-08-14T16:30:10+00:00,1624294,2026-08-14T13:30:00Z,2026-08-14T13:30:31Z,2026-08-14T16:30:03Z,finished,best_of,3,Esports World Cup,Group C,136955,FUT Esports,3240,MOUZ,136955,,,,,,,,MOUZ,MOUZ,136955,FUT Esports,loss,0,,
483,paper_v2,value_3pp,2026-08-13T21:15:51+00:00,skipped_no_value,MelBet,2026-08-13T21:15:15+00:00,3250,1.705,0.0,0.5544103655862311,0.5565669700910273,-0.0021566045047961557,,,3050,2026-08-13T21:15:47+00:00,cs2_team_v2,3250,0.44558963441376886,0.5544103655862311,win,2026-08-14T19:00:28+00:00,1624109,2026-08-14T17:10:00Z,2026-08-14T17:16:12Z,2026-08-14T18:52:04Z,finished,best_of,3,Esports World Cup,Group B,135298,K27,3250,MIBR,3250,,,,,,,,MIBR,MIBR,3250,MIBR,win,0,,
484,paper_v2,value_3pp,2026-08-13T21:15:51+00:00,loss,MelBet,2026-08-13T21:15:15+00:00,126452,2.125,1000.0,0.6744129357650271,0.4466145833333334,0.22779835243169372,-1000.0,2026-08-14T19:00:29+00:00,3056,2026-08-13T21:15:47+00:00,cs2_team_v2,126452,0.32558706423497286,0.6744129357650271,loss,2026-08-14T19:00:28+00:00,1624295,2026-08-14T17:10:00Z,2026-08-14T17:18:29Z,2026-08-14T18:56:53Z,finished,best_of,3,Esports World Cup,Group C,133719,PARIVISION,126452,100 Thieves,133719,33,16,@metascope_ai,116,2026-08-13T21:16:24+00:00,120,2026-08-14T19:00:33+00:00,100 Thieves,100 Thieves,133719,PARIVISION,loss,1,105737.0,104737.0
485,paper_v2,value_3pp,2026-08-13T21:15:51+00:00,skipped_no_line,,,138841,,0.0,0.5004770640762497,,,,,3062,2026-08-13T21:15:48+00:00,cs2_team_v2,138841,0.49952293592375024,0.5004770640762497,win,2026-08-14T18:30:19+00:00,1630188,2026-08-14T17:00:00Z,,,canceled,best_of,1,ESEA,Regular Season,138465,Arch,138841,WBT,138841,,,,,,,,WBT,WBT,138841,WBT,win,0,,
486,paper_v2,value_3pp,2026-08-13T21:15:51+00:00,skipped_no_line,,,133063,,0.0,0.6552311318816979,,,,,3068,2026-08-13T21:15:48+00:00,cs2_team_v2,133063,0.34476886811830204,0.6552311318816979,win,2026-08-14T19:50:25+00:00,1630665,2026-08-14T17:30:00Z,2026-08-14T17:34:05Z,2026-08-14T19:49:48Z,finished,best_of,3,CCT Europe,Group C,138848,Mai Tai,133063,UNiTY esports,133063,,,,,,,,UNiTY esports,UNiTY esports,133063,UNiTY esports,win,0,,
487,paper_v2,value_3pp,2026-08-13T21:15:51+00:00,skipped_roster_uncertain,,,134355,,0.0,0.7179884810189389,,,,,3084,2026-08-13T21:15:49+00:00,cs2_team_v2,134355,0.7179884810189389,0.28201151898106114,win,2026-08-14T21:31:09+00:00,1611484,2026-08-14T20:00:00Z,2026-08-14T20:06:28Z,2026-08-14T21:26:42Z,finished,best_of,3,BetBoom Storm,Playoffs,134355,Galorys,138886,BORRACHEIROS,134355,,,,,,,,Galorys,Galorys,134355,Galorys,win,0,,
488,paper_v2,value_3pp,2026-08-14T21:15:49+00:00,skipped_low_odds,MelBet,2026-08-14T21:15:18+00:00,132800,1.19,0.0,0.7291120349125242,0.7752596789423986,-0.04614764402987437,,,3090,2026-08-14T21:15:38+00:00,cs2_team_v2,132800,0.7291120349125242,0.2708879650874758,win,2026-08-15T02:20:09+00:00,1611482,2026-08-14T23:00:00Z,2026-08-14T23:03:24Z,2026-08-15T02:15:49Z,finished,best_of,3,BetBoom Storm,Playoffs,132800,BESTIA,138276,ALKA GAMING,132800,,,,,,,,BESTIA,BESTIA,132800,BESTIA,win,0,,
489,paper_v2,value_3pp,2026-08-14T21:15:49+00:00,skipped_no_line,,,138848,,0.0,0.5788036031033337,,,,,3106,2026-08-14T21:15:39+00:00,cs2_team_v2,138848,0.4211963968966664,0.5788036031033337,loss,2026-08-15T10:50:29+00:00,1630667,2026-08-15T08:00:00Z,2026-08-15T08:10:49Z,2026-08-15T10:46:02Z,finished,best_of,3,CCT Europe,Group C,137075,Misa Esports,138848,Mai Tai,137075,,,,,,,,Mai Tai,Mai Tai,137075,Misa Esports,loss,0,,
490,paper_v2,value_3pp,2026-08-14T21:15:49+00:00,skipped_no_line,,,135474,,0.0,0.5527212002601156,,,,,3112,2026-08-14T21:15:40+00:00,cs2_team_v2,135474,0.5527212002601156,0.4472787997398844,loss,2026-08-15T11:10:10+00:00,1632606,2026-08-15T08:30:00Z,2026-08-15T08:23:10Z,2026-08-15T11:05:37Z,finished,best_of,3,Exort Fiesta,Group D,135474,Fire Flux Esports,138650,NEW VISION,138650,,,,,,,,Fire Flux Esports,Fire Flux Esports,138650,NEW VISION,loss,0,,
491,paper_v2,value_3pp,2026-08-14T21:15:49+00:00,win,MelBet,2026-08-14T21:15:18+00:00,137580,2.095,1000.0,0.5172816538740002,0.4435590969455511,0.07372255692844903,1095.0000000000002,2026-08-15T10:50:29+00:00,3118,2026-08-14T21:15:40+00:00,cs2_team_v2,137580,0.4827183461259999,0.5172816538740002,win,2026-08-15T10:50:29+00:00,1633564,2026-08-15T08:45:00Z,,,canceled,best_of,3,European Pro League,Playoffs,136934,Bushido Wildcats,137580, Phantom Academy,137580,36,19,@metascope_ai,123,2026-08-14T21:16:57+00:00,126,2026-08-15T10:50:33+00:00, Phantom Academy, Phantom Academy,137580, Phantom Academy,win,1,104737.0,105832.0
492,paper_v2,value_3pp,2026-08-14T21:15:49+00:00,skipped_roster_uncertain,,,127899,,0.0,0.5648279929506245,,,,,3124,2026-08-14T21:15:40+00:00,cs2_team_v2,127899,0.5648279929506245,0.43517200704937553,win,2026-08-15T13:30:29+00:00,1633565,2026-08-15T12:05:00Z,2026-08-15T12:00:11Z,2026-08-15T13:22:04Z,finished,best_of,3,European Pro League,Playoffs,127899,VP.Prodigy,138894,FaZe Up Next,127899,,,,,,,,VP.Prodigy,VP.Prodigy,127899,VP.Prodigy,win,0,,
493,paper_v2,value_3pp,2026-08-14T21:15:49+00:00,skipped_low_odds,MelBet,2026-08-14T21:15:18+00:00,3216,1.304,0.0,0.5801571841606383,0.7274247491638797,-0.14726756500324134,,,3130,2026-08-14T21:15:41+00:00,cs2_team_v2,3216,0.41984281583936167,0.5801571841606383,win,2026-08-15T13:50:30+00:00,1624323,2026-08-15T11:00:00Z,2026-08-15T11:04:32Z,2026-08-15T13:41:45Z,finished,best_of,3,Esports World Cup,Group D,3272,TheMongolz,3216,Natus Vincere,3216,,,,,,,,Natus Vincere,Natus Vincere,3216,Natus Vincere,win,0,,
494,paper_v2,value_3pp,2026-08-14T21:15:49+00:00,loss,MelBet,2026-08-14T21:15:18+00:00,135273,2.37,1000.0,0.578684684316562,0.4006069802731411,0.17807770404342083,-1000.0,2026-08-15T13:50:30+00:00,3136,2026-08-14T21:15:41+00:00,cs2_team_v2,135273,0.578684684316562,0.42131531568343805,loss,2026-08-15T13:50:30+00:00,1624326,2026-08-15T11:00:00Z,2026-08-15T11:01:09Z,2026-08-15T13:44:07Z,finished,best_of,3,Esports World Cup,Group D,135273,Wildcard,125751,paiN,125751,35,18,@metascope_ai,122,2026-08-14T21:16:57+00:00,127,2026-08-15T13:50:34+00:00,Wildcard,Wildcard,125751,paiN,loss,1,105832.0,104832.0
495,paper_v2,value_3pp,2026-08-14T21:15:49+00:00,skipped_no_line,,,128887,,0.0,0.5502736954388999,,,,,3142,2026-08-14T21:15:41+00:00,cs2_team_v2,128887,0.5502736954388999,0.4497263045611001,loss,2026-08-15T12:40:29+00:00,1630672,2026-08-15T11:00:00Z,2026-08-15T11:07:17Z,2026-08-15T12:38:06Z,finished,best_of,3,CCT Europe,Group D,128887,Honvéd,138101,Inner Circle Academy,138101,,,,,,,,Honvéd,Honvéd,138101,Inner Circle Academy,loss,0,,
496,paper_v2,value_3pp,2026-08-14T21:15:49+00:00,skipped_roster_uncertain,,,138026,,0.0,0.7036940182596323,,,,,3153,2026-08-14T21:15:42+00:00,cs2_team_v2,138026,0.7036940182596323,0.2963059817403677,loss,2026-08-15T13:40:42+00:00,1634722,2026-08-15T11:10:00Z,2026-08-15T11:12:24Z,2026-08-15T13:33:46Z,finished,best_of,3,CCT Europe,Playoffs,138026,Atreides,136786,LPH Gaming,136786,,,,,,,,Atreides,Atreides,136786,LPH Gaming,loss,0,,
497,paper_v2,value_3pp,2026-08-14T21:15:49+00:00,skipped_no_line,,,128258,,0.0,0.6266592670254474,,,,,3159,2026-08-14T21:15:42+00:00,cs2_team_v2,128258,0.37334073297455267,0.6266592670254474,loss,2026-08-15T12:30:30+00:00,1634727,2026-08-15T11:00:00Z,,,canceled,best_of,3,CCT Europe,Playoffs,138812,Noir Verse,128258,Entropy,138812,,,,,,,,Entropy,Entropy,138812,Noir Verse,loss,0,,
498,paper_v2,value_3pp,2026-08-14T21:15:49+00:00,skipped_no_line,,,138777,,0.0,0.5987088815201875,,,,,3165,2026-08-14T21:15:43+00:00,cs2_team_v2,138777,0.4012911184798124,0.5987088815201875,win,2026-08-15T16:50:10+00:00,1633189,2026-08-15T13:45:00Z,2026-08-15T13:50:50Z,2026-08-15T16:41:12Z,finished,best_of,3,ESL Challenger League,Group A,129160,MOUZ NXT,138777,ex-MANA eSports,138777,,,,,,,,ex-MANA eSports,ex-MANA eSports,138777,ex-MANA eSports,win,0,,
499,paper_v2,value_3pp,2026-08-14T21:15:49+00:00,skipped_roster_uncertain,,,136516,,0.0,0.8344716970421172,,,,,3171,2026-08-14T21:15:43+00:00,cs2_team_v2,136516,0.16552830295788276,0.8344716970421172,win,2026-08-15T14:30:11+00:00,1633194,2026-08-15T13:00:00Z,2026-08-15T13:06:38Z,2026-08-15T14:13:27Z,finished,best_of,3,ESL Challenger League,Group B,137707,SINQU,136516,BASEMENT BOYS,136516,,,,,,,,BASEMENT BOYS,BASEMENT BOYS,136516,BASEMENT BOYS,win,0,,
500,paper_v2,value_3pp,2026-08-14T21:15:49+00:00,skipped_roster_uncertain,,,133269,,0.0,0.542496265028503,,,,,3177,2026-08-14T21:15:43+00:00,cs2_team_v2,133269,0.542496265028503,0.457503734971497,loss,2026-08-15T16:40:29+00:00,1633199,2026-08-15T13:00:00Z,2026-08-15T13:29:09Z,2026-08-15T16:38:33Z,finished,best_of,3,ESL Challenger League,Group C,133269,Leo Team,137075,Misa Esports,137075,,,,,,,,Leo Team,Leo Team,137075,Misa Esports,loss,0,,
501,paper_v2,value_3pp,2026-08-14T21:15:49+00:00,skipped_no_line,,,135474,,0.0,0.5050417959390386,,,,,3183,2026-08-14T21:15:43+00:00,cs2_team_v2,135474,0.5050417959390386,0.49495820406096136,loss,2026-08-15T16:10:33+00:00,1633204,2026-08-15T13:00:00Z,2026-08-15T13:07:21Z,2026-08-15T16:02:12Z,finished,best_of,3,ESL Challenger League,Group D,135474,Fire Flux Esports,126584,OG,126584,,,,,,,,Fire Flux Esports,Fire Flux Esports,126584,OG,loss,0,,
502,paper_v2,value_3pp,2026-08-14T21:15:49+00:00,skipped_no_line,,,138777,,0.0,0.5220898121860729,,,,,3194,2026-08-14T21:15:44+00:00,cs2_team_v2,138777,0.5220898121860729,0.47791018781392713,loss,2026-08-15T12:50:11+00:00,1634729,2026-08-15T11:00:00Z,2026-08-15T11:07:52Z,2026-08-15T12:43:00Z,finished,best_of,3,CCT Europe,Playoffs,138777,ex-MANA eSports,137075,Misa Esports,137075,,,,,,,,ex-MANA eSports,ex-MANA eSports,137075,Misa Esports,loss,0,,
503,paper_v2,value_3pp,2026-08-14T21:15:49+00:00,skipped_no_value,MelBet,2026-08-14T21:15:18+00:00,124530,1.504,0.0,0.5375945486818436,0.6308296514482081,-0.09323510276636449,,,3200,2026-08-14T21:15:44+00:00,cs2_team_v2,124530,0.5375945486818436,0.46240545131815636,win,2026-08-15T17:30:10+00:00,1624324,2026-08-15T14:20:00Z,2026-08-15T14:27:42Z,2026-08-15T17:26:34Z,finished,best_of,3,Esports World Cup,Group D,124530,FURIA,126709,9z,124530,,,,,,,,FURIA,FURIA,124530,FURIA,win,0,,
504,paper_v2,value_3pp,2026-08-14T21:15:49+00:00,loss,MelBet,2026-08-14T21:15:18+00:00,3318,2.05,1000.0,0.5180785031416827,0.46335078534031415,0.054727717801368536,-1000.0,2026-08-15T16:10:34+00:00,3206,2026-08-14T21:15:45+00:00,cs2_team_v2,3318,0.4819214968583173,0.5180785031416827,loss,2026-08-15T16:10:33+00:00,1624325,2026-08-15T14:20:00Z,2026-08-15T14:29:46Z,2026-08-15T16:03:48Z,finished,best_of,3,Esports World Cup,Group D,137739,magic,3318,3DMAX,137739,,,,,,,,3DMAX,3DMAX,137739,magic,loss,0,104832.0,103832.0
505,paper_v2,value_3pp,2026-08-14T21:15:49+00:00,skipped_no_line,,,135227,,0.0,0.6658995535237577,,,,,3212,2026-08-14T21:15:45+00:00,cs2_team_v2,135227,0.6658995535237577,0.33410044647624226,win,2026-08-15T16:50:10+00:00,1630666,2026-08-15T14:10:00Z,2026-08-15T14:08:34Z,2026-08-15T16:46:46Z,finished,best_of,3,CCT Europe,Group C,135227,ENJOY,133063,UNiTY esports,135227,,,,,,,,ENJOY,ENJOY,135227,ENJOY,win,0,,
506,paper_v2,value_3pp,2026-08-14T21:15:49+00:00,skipped_no_line,,,124523,,0.0,0.6353320832428109,,,,,3223,2026-08-14T21:15:45+00:00,cs2_team_v2,124523,0.36466791675718907,0.6353320832428109,win,2026-08-15T21:10:08+00:00,1624085,2026-08-15T18:00:00Z,2026-08-15T18:11:38Z,2026-08-15T21:09:51Z,finished,best_of,3,Esports World Cup,Group A,3249,BIG,124523,Spirit,124523,,,,,,,,Spirit,Spirit,124523,Spirit,win,0,,
507,paper_v2,value_3pp,2026-08-14T21:15:49+00:00,skipped_no_line,,,131505,,0.0,0.6545122662879868,,,,,3229,2026-08-14T21:15:46+00:00,cs2_team_v2,131505,0.3454877337120133,0.6545122662879868,win,2026-08-15T18:40:17+00:00,1624086,2026-08-15T16:50:00Z,2026-08-15T16:50:02Z,2026-08-15T18:33:02Z,finished,best_of,3,Esports World Cup,Group A,126994,JiJieHao,131505,Aurora Gaming,131505,,,,,,,,Aurora Gaming,Aurora Gaming,131505,Aurora Gaming,win,0,,
508,paper_v2,value_3pp,2026-08-14T21:15:49+00:00,skipped_no_line,,,137580,,0.0,0.5948566867950111,,,,,3240,2026-08-14T21:15:46+00:00,cs2_team_v2,137580,0.4051433132049888,0.5948566867950111,win,2026-08-15T15:30:28+00:00,1632602,2026-08-15T14:00:00Z,2026-08-15T14:07:33Z,2026-08-15T15:17:41Z,finished,best_of,3,Exort Fiesta,Group C,138631,Privateer Gaming,137580, Phantom Academy,137580,,,,,,,, Phantom Academy, Phantom Academy,137580, Phantom Academy,win,0,,
509,paper_v2,value_3pp,2026-08-14T21:15:49+00:00,skipped_roster_uncertain,,,138276,,0.0,0.6937033262562942,,,,,3246,2026-08-14T21:15:47+00:00,cs2_team_v2,138276,0.3062966737437059,0.6937033262562942,win,2026-08-15T22:50:44+00:00,1632582,2026-08-15T21:00:00Z,2026-08-15T21:06:03Z,2026-08-15T22:43:55Z,finished,best_of,3,CCT South America,Playoffs,131849,paiN Academy,138276,ALKA GAMING,138276,,,,,,,,ALKA GAMING,ALKA GAMING,138276,ALKA GAMING,win,0,,
510,paper_v2,value_3pp,2026-08-15T21:15:56+00:00,skipped_roster_uncertain,,,138524,,0.0,0.5156727500546547,,,,,3252,2026-08-15T21:15:43+00:00,cs2_team_v2,138524,0.5156727500546547,0.48432724994534526,win,2026-08-16T01:30:08+00:00,1632586,2026-08-15T23:45:00Z,2026-08-15T23:48:10Z,2026-08-16T01:26:07Z,finished,best_of,3,CCT South America,Playoffs,138524,QUINTESSÊNCIA,138086,METANOIA WOLVES,138524,,,,,,,,QUINTESSÊNCIA,QUINTESSÊNCIA,138524,QUINTESSÊNCIA,win,0,,
511,paper_v2,value_3pp,2026-08-15T21:15:56+00:00,skipped_roster_uncertain,,,138974,,0.0,0.6720719612416364,,,,,3258,2026-08-15T21:15:43+00:00,cs2_team_v2,138974,0.3279280387583637,0.6720719612416364,win,2026-08-16T11:00:28+00:00,1630370,2026-08-16T08:00:00Z,2026-08-16T08:05:44Z,2026-08-16T10:57:50Z,finished,best_of,3,CCT Europe,Group A,138777,ex-MANA eSports,138974,ex-RUSTEC,138974,,,,,,,,ex-RUSTEC,ex-RUSTEC,138974,ex-RUSTEC,win,0,,
512,paper_v2,value_3pp,2026-08-15T21:15:56+00:00,skipped_no_value,MelBet,2026-08-15T21:15:19+00:00,126699,1.75,0.0,0.5316950653817274,0.5333333333333333,-0.0016382679516059317,,,3264,2026-08-15T21:15:44+00:00,cs2_team_v2,126699,0.5316950653817274,0.4683049346182726,loss,2026-08-16T09:50:29+00:00,1630930,2026-08-16T08:10:00Z,2026-08-16T08:08:40Z,2026-08-16T09:41:28Z,finished,best_of,3,NODWIN Clutch Series,Play-In Group C,126699,Nexus,136934,Bushido Wildcats,136934,,,,,,,,Nexus,Nexus,136934,Bushido Wildcats,loss,0,,
513,paper_v2,value_3pp,2026-08-15T21:15:56+00:00,skipped_no_line,,,134405,,0.0,0.7574802764277486,,,,,3270,2026-08-15T21:15:44+00:00,cs2_team_v2,134405,0.24251972357225138,0.7574802764277486,win,2026-08-16T10:10:15+00:00,1632593,2026-08-16T08:00:00Z,2026-08-16T08:06:38Z,2026-08-16T10:09:40Z,finished,best_of,3,Exort Fiesta,Group A,132459,ROUNDS,134405,Vexar,134405,,,,,,,,Vexar,Vexar,134405,Vexar,win,0,,
514,paper_v2,value_3pp,2026-08-15T21:15:56+00:00,skipped_roster_uncertain,,,137861,,0.0,0.7580170403854692,,,,,3276,2026-08-15T21:15:44+00:00,cs2_team_v2,137861,0.7580170403854692,0.24198295961453076,loss,2026-08-16T10:30:29+00:00,1633563,2026-08-16T08:15:00Z,2026-08-16T08:13:27Z,2026-08-16T10:27:54Z,finished,best_of,3,European Pro League,Playoffs,137861,STATE,138602,Inner Circle Prospect,138602,,,,,,,,STATE,STATE,138602,Inner Circle Prospect,loss,0,,
515,paper_v2,value_3pp,2026-08-15T21:15:56+00:00,skipped_roster_uncertain,,,138617,,0.0,0.7392405639302871,,,,,3282,2026-08-15T21:15:45+00:00,cs2_team_v2,138617,0.7392405639302871,0.26075943606971286,win,2026-08-16T12:20:10+00:00,1633566,2026-08-16T10:50:00Z,2026-08-16T10:47:47Z,2026-08-16T11:54:39Z,finished,best_of,3,European Pro League,Playoffs,138617,INOX Division,138618,Vitality Academy,138617,,,,,,,,INOX Division,INOX Division,138617,INOX Division,win,0,,
516,paper_v2,value_3pp,2026-08-15T21:15:56+00:00,skipped_low_odds,MelBet,2026-08-15T21:15:19+00:00,3455,1.056,0.0,0.6750827194568336,0.8999621068586586,-0.224879387401825,,,3288,2026-08-15T21:15:45+00:00,cs2_team_v2,3455,0.6750827194568336,0.3249172805431664,win,2026-08-16T12:40:30+00:00,1624318,2026-08-16T11:00:00Z,2026-08-16T11:06:48Z,2026-08-16T12:30:31Z,finished,best_of,3,Esports World Cup,Group C,3455,Vitality,126439,Lynn Vision,3455,,,,,,,,Vitality,Vitality,3455,Vitality,win,0,,
517,paper_v2,value_3pp,2026-08-15T21:15:56+00:00,skipped_no_value,MelBet,2026-08-15T21:15:19+00:00,3272,1.56,0.0,0.6252262054585012,0.6090225563909775,0.016203649067523695,,,3294,2026-08-15T21:15:45+00:00,cs2_team_v2,3272,0.6252262054585012,0.37477379454149884,win,2026-08-16T12:50:19+00:00,1624328,2026-08-16T11:00:00Z,2026-08-16T11:01:38Z,2026-08-16T12:42:54Z,finished,best_of,3,Esports World Cup,Group D,3272,TheMongolz,125751,paiN,3272,,,,,,,,TheMongolz,TheMongolz,3272,TheMongolz,win,0,,
518,paper_v2,value_3pp,2026-08-15T21:15:56+00:00,skipped_roster_uncertain,,,138181,,0.0,0.7132914295293746,,,,,3300,2026-08-15T21:15:46+00:00,cs2_team_v2,138181,0.7132914295293746,0.28670857047062537,loss,2026-08-16T12:50:19+00:00,1630643,2026-08-16T11:10:00Z,2026-08-16T11:13:26Z,2026-08-16T12:44:34Z,finished,best_of,3,CCT Europe,Group B,138181,Esport BERG,125774,HAVU,125774,,,,,,,,Esport BERG,Esport BERG,125774,HAVU,loss,0,,
519,paper_v2,value_3pp,2026-08-15T21:15:56+00:00,skipped_roster_uncertain,,,138974,,0.0,0.6525454176968978,,,,,3306,2026-08-15T21:15:46+00:00,cs2_team_v2,138974,0.6525454176968978,0.3474545823031022,loss,2026-08-16T12:40:30+00:00,1630932,2026-08-16T11:10:00Z,2026-08-16T11:12:52Z,2026-08-16T12:36:49Z,finished,best_of,3,NODWIN Clutch Series,Play-In Group D,138974,ex-RUSTEC,138101,Inner Circle Academy,138101,,,,,,,,ex-RUSTEC,ex-RUSTEC,138101,Inner Circle Academy,loss,0,,
520,paper_v2,value_3pp,2026-08-15T21:15:56+00:00,skipped_no_line,,,138841,,0.0,0.5787346987583377,,,,,3317,2026-08-15T21:15:47+00:00,cs2_team_v2,138841,0.4212653012416623,0.5787346987583377,win,2026-08-16T13:00:29+00:00,1634724,2026-08-16T11:10:00Z,2026-08-16T11:19:04Z,2026-08-16T12:56:27Z,finished,best_of,3,CCT Europe,Playoffs,3251,ENCE,138841,WBT,138841,,,,,,,,WBT,WBT,138841,WBT,win,0,,
521,paper_v2,value_3pp,2026-08-15T21:15:56+00:00,skipped_low_odds,MelBet,2026-08-15T21:15:19+00:00,136934,1.11,0.0,0.5273604052619296,0.8209677419354838,-0.2936073366735542,,,3323,2026-08-15T21:15:47+00:00,cs2_team_v2,136934,0.5273604052619296,0.4726395947380704,win,2026-08-16T12:40:30+00:00,1634728,2026-08-16T11:10:00Z,2026-08-16T11:09:01Z,2026-08-16T12:36:05Z,finished,best_of,3,CCT Europe,Playoffs,136934,Bushido Wildcats,137953,Fortress,136934,,,,,,,,Bushido Wildcats,Bushido Wildcats,136934,Bushido Wildcats,win,0,,
522,paper_v2,value_3pp,2026-08-15T21:15:56+00:00,skipped_no_line,,,138617,,0.0,0.5979946509089389,,,,,3329,2026-08-15T21:15:47+00:00,cs2_team_v2,138617,0.4020053490910611,0.5979946509089389,loss,2026-08-16T17:40:20+00:00,1633209,2026-08-16T13:50:00Z,2026-08-16T13:46:50Z,2026-08-16T17:35:37Z,finished,best_of,3,ESL Challenger League,Playoffs,136516,BASEMENT BOYS,138617,INOX Division,136516,,,,,,,,INOX Division,INOX Division,136516,BASEMENT BOYS,loss,0,,
523,paper_v2,value_3pp,2026-08-15T21:15:56+00:00,skipped_roster_uncertain,,,138370,,0.0,0.6232090727037033,,,,,3335,2026-08-15T21:15:48+00:00,cs2_team_v2,138370,0.6232090727037033,0.3767909272962967,loss,2026-08-16T14:50:28+00:00,1633210,2026-08-16T13:15:00Z,2026-08-16T13:17:37Z,2026-08-16T14:46:22Z,finished,best_of,3,ESL Challenger League,Playoffs,138370,Lavked,138685,Esport Academy Copenhagen,138685,,,,,,,,Lavked,Lavked,138685,Esport Academy Copenhagen,loss,0,,
524,paper_v2,value_3pp,2026-08-15T21:15:56+00:00,skipped_roster_uncertain,,,138181,,0.0,0.5968193991128805,,,,,3341,2026-08-15T21:15:48+00:00,cs2_team_v2,138181,0.40318060088711954,0.5968193991128805,loss,2026-08-16T15:20:29+00:00,1634725,2026-08-16T13:45:00Z,2026-08-16T13:50:11Z,2026-08-16T14:58:23Z,finished,best_of,3,CCT Europe,Playoffs,138848,Mai Tai,138181,Esport BERG,138848,,,,,,,,Esport BERG,Esport BERG,138848,Mai Tai,loss,0,,
525,paper_v2,value_3pp,2026-08-15T21:15:56+00:00,skipped_roster_uncertain,,,128887,,0.0,0.6147471042629625,,,,,3347,2026-08-15T21:15:48+00:00,cs2_team_v2,128887,0.6147471042629625,0.38525289573703747,loss,2026-08-16T16:00:29+00:00,1634726,2026-08-16T13:45:00Z,2026-08-16T13:52:12Z,2026-08-16T15:52:30Z,finished,best_of,3,CCT Europe,Playoffs,128887,Honvéd,138400,mellren,138400,,,,,,,,Honvéd,Honvéd,138400,mellren,loss,0,,
526,paper_v2,value_3pp,2026-08-15T21:15:56+00:00,skipped_no_value,MelBet,2026-08-15T21:15:19+00:00,3240,1.44,0.0,0.5857513412041034,0.6599763872491146,-0.07422504604501112,,,3353,2026-08-15T21:15:48+00:00,cs2_team_v2,3240,0.5857513412041034,0.41424865879589656,win,2026-08-16T15:30:29+00:00,1624317,2026-08-16T13:20:00Z,2026-08-16T13:16:49Z,2026-08-16T15:15:00Z,finished,best_of,3,Esports World Cup,Group C,3240,MOUZ,133719,PARIVISION,3240,,,,,,,,MOUZ,MOUZ,3240,MOUZ,win,0,,
527,paper_v2,value_3pp,2026-08-15T21:15:56+00:00,skipped_no_value,MelBet,2026-08-15T21:15:19+00:00,126709,1.4,0.0,0.5832492560322915,0.6783088235294117,-0.09505956749712019,,,3359,2026-08-15T21:15:49+00:00,cs2_team_v2,126709,0.5832492560322915,0.4167507439677085,loss,2026-08-16T17:10:11+00:00,1624327,2026-08-16T13:30:00Z,2026-08-16T13:28:36Z,2026-08-16T17:05:30Z,finished,best_of,3,Esports World Cup,Group D,126709,9z,137739,magic,137739,,,,,,,,9z,9z,137739,magic,loss,0,,
528,paper_v2,value_3pp,2026-08-15T21:15:56+00:00,skipped_no_value,MelBet,2026-08-15T21:15:19+00:00,133063,1.65,0.0,0.5935629713087607,0.564873417721519,0.02868955358724168,,,3365,2026-08-15T21:15:49+00:00,cs2_team_v2,133063,0.4064370286912393,0.5935629713087607,win,2026-08-16T15:40:29+00:00,1630668,2026-08-16T14:00:00Z,2026-08-16T14:08:19Z,2026-08-16T15:38:16Z,finished,best_of,3,CCT Europe,Group C,137075,Misa Esports,133063,UNiTY esports,133063,,,,,,,,UNiTY esports,UNiTY esports,133063,UNiTY esports,win,0,,
529,paper_v2,value_3pp,2026-08-15T21:15:56+00:00,skipped_roster_uncertain,,,137580,,0.0,0.5991475411507665,,,,,3376,2026-08-15T21:15:50+00:00,cs2_team_v2,137580,0.5991475411507665,0.4008524588492335,win,2026-08-16T19:00:28+00:00,1632603,2026-08-16T17:10:00Z,2026-08-16T17:18:52Z,2026-08-16T18:51:31Z,finished,best_of,3,Exort Fiesta,Group C,137580, Phantom Academy,135978,eternal premium,137580,,,,,,,, Phantom Academy, Phantom Academy,137580, Phantom Academy,win,0,,
530,paper_v2,value_3pp,2026-08-15T21:15:56+00:00,skipped_no_value,MelBet,2026-08-15T21:15:19+00:00,133708,1.605,0.0,0.5395027711536173,0.5916030534351145,-0.05210028228149721,,,3392,2026-08-15T21:15:51+00:00,cs2_team_v2,133708,0.5395027711536173,0.46049722884638267,win,2026-08-16T19:50:10+00:00,1624147,2026-08-16T17:50:00Z,2026-08-16T17:51:48Z,2026-08-16T19:43:00Z,finished,best_of,3,Esports World Cup,Group B,133708,Legacy,3250,MIBR,133708,,,,,,,,Legacy,Legacy,133708,Legacy,win,0,,
531,paper_v2,value_3pp,2026-08-15T21:15:56+00:00,skipped_no_value,MelBet,2026-08-15T21:15:19+00:00,3209,1.85,0.0,0.5304827411998368,0.513157894736842,0.017324846462994814,,,3398,2026-08-15T21:15:51+00:00,cs2_team_v2,3209,0.5304827411998368,0.46951725880016315,win,2026-08-16T18:50:28+00:00,1624163,2026-08-16T16:00:00Z,2026-08-16T16:00:42Z,2026-08-16T18:45:57Z,finished,best_of,3,Esports World Cup,Group B,3209,Astralis,3218,NIP,3209,,,,,,,,Astralis,Astralis,3209,Astralis,win,0,,
532,paper_v2,value_3pp,2026-08-15T21:15:56+00:00,skipped_roster_uncertain,,,127497,,0.0,0.5457167267499621,,,,,3419,2026-08-15T21:15:52+00:00,cs2_team_v2,127497,0.454283273250038,0.5457167267499621,win,2026-08-19T18:30:30+00:00,1613776,2026-08-19T17:15:00Z,2026-08-19T17:15:10Z,2026-08-19T18:13:41Z,finished,best_of,1,ESEA,Regular Season,138694,Dark Moon,127497,eSuba,127497,,,,,,,,eSuba,eSuba,127497,eSuba,win,0,,
533,paper_v2,value_3pp,2026-08-16T21:15:53+00:00,skipped_no_line,,,137580,,0.0,0.5452726845562668,,,,,3445,2026-08-16T21:15:44+00:00,cs2_team_v2,137580,0.45472731544373324,0.5452726845562668,loss,2026-08-17T11:20:28+00:00,1632609,2026-08-17T08:45:00Z,2026-08-17T08:44:10Z,2026-08-17T11:13:15Z,finished,best_of,3,Exort Fiesta,Play-In,138027,Benched gods,137580, Phantom Academy,138027,,,,,,,, Phantom Academy, Phantom Academy,138027,Benched gods,loss,0,,
534,paper_v2,value_3pp,2026-08-16T21:15:53+00:00,skipped_roster_uncertain,,,137580,,0.0,0.6199111138838711,,,,,3451,2026-08-16T21:15:44+00:00,cs2_team_v2,137580,0.38008888611612884,0.6199111138838711,loss,2026-08-17T09:30:29+00:00,1633567,2026-08-17T08:00:00Z,,,canceled,best_of,3,European Pro League,Playoffs,138618,Vitality Academy,137580, Phantom Academy,138618,,,,,,,, Phantom Academy, Phantom Academy,138618,Vitality Academy,loss,0,,
535,paper_v2,value_3pp,2026-08-16T21:15:53+00:00,skipped_roster_uncertain,,,137861,,0.0,0.6682376959994577,,,,,3457,2026-08-16T21:15:44+00:00,cs2_team_v2,137861,0.6682376959994577,0.3317623040005423,win,2026-08-17T12:10:29+00:00,1633568,2026-08-17T10:30:00Z,2026-08-17T10:42:36Z,2026-08-17T12:05:46Z,finished,best_of,3,European Pro League,Playoffs,137861,STATE,127899,VP.Prodigy,137861,,,,,,,,STATE,STATE,137861,STATE,win,0,,
536,paper_v2,value_3pp,2026-08-16T21:15:53+00:00,skipped_roster_uncertain,,,138974,,0.0,0.7417319260948702,,,,,3463,2026-08-16T21:15:45+00:00,cs2_team_v2,138974,0.25826807390512985,0.7417319260948702,win,2026-08-17T15:11:10+00:00,1630675,2026-08-17T12:30:00Z,2026-08-17T12:25:40Z,2026-08-17T15:05:39Z,finished,best_of,3,CCT Europe,Play-In,138812,Noir Verse,138974,ex-RUSTEC,138974,,,,,,,,ex-RUSTEC,ex-RUSTEC,138974,ex-RUSTEC,win,0,,
537,paper_v2,value_3pp,2026-08-16T21:15:53+00:00,skipped_no_line,,,134405,,0.0,0.5663826330385533,,,,,3469,2026-08-16T21:15:45+00:00,cs2_team_v2,134405,0.43361736696144665,0.5663826330385533,win,2026-08-17T13:20:28+00:00,1632610,2026-08-17T12:00:00Z,2026-08-17T11:51:52Z,2026-08-17T13:19:44Z,finished,best_of,3,Exort Fiesta,Play-In,138650,NEW VISION,134405,Vexar,134405,,,,,,,,Vexar,Vexar,134405,Vexar,win,0,,
538,paper_v2,value_3pp,2026-08-16T21:15:53+00:00,skipped_roster_uncertain,,,138181,,0.0,0.5522532638046205,,,,,3480,2026-08-16T21:15:45+00:00,cs2_team_v2,138181,0.4477467361953796,0.5522532638046205,loss,2026-08-17T12:50:10+00:00,1634739,2026-08-17T11:00:00Z,2026-08-17T11:07:25Z,2026-08-17T12:45:51Z,finished,best_of,3,CCT Europe,Playoffs,3251,ENCE,138181,Esport BERG,3251,,,,,,,,Esport BERG,Esport BERG,3251,ENCE,loss,0,,
539,paper_v2,value_3pp,2026-08-16T21:15:53+00:00,skipped_no_line,,,137703,,0.0,0.5197850200327093,,,,,3486,2026-08-16T21:15:46+00:00,cs2_team_v2,137703,0.4802149799672907,0.5197850200327093,loss,2026-08-17T12:50:10+00:00,1638605,2026-08-17T11:00:00Z,2026-08-17T11:07:27Z,2026-08-17T12:47:20Z,finished,best_of,3,NODWIN Clutch Series,Play-In Group D,138101,Inner Circle Academy,137703,ex-Zero Tenacity,138101,,,,,,,,ex-Zero Tenacity,ex-Zero Tenacity,138101,Inner Circle Academy,loss,0,,
540,paper_v2,value_3pp,2026-08-16T21:15:53+00:00,skipped_roster_uncertain,,,129405,,0.0,0.6547198031330379,,,,,3492,2026-08-16T21:15:46+00:00,cs2_team_v2,129405,0.34528019686696215,0.6547198031330379,loss,2026-08-17T15:30:09+00:00,1634730,2026-08-17T13:45:00Z,2026-08-17T13:51:41Z,2026-08-17T15:24:28Z,finished,best_of,3,CCT Europe,Playoffs,136786,LPH Gaming,129405,SAW Youngsters,136786,,,,,,,,SAW Youngsters,SAW Youngsters,136786,LPH Gaming,loss,0,,
541,paper_v2,value_3pp,2026-08-16T21:15:53+00:00,skipped_roster_uncertain,,,138400,,0.0,0.5239762561578206,,,,,3498,2026-08-16T21:15:46+00:00,cs2_team_v2,138400,0.4760237438421794,0.5239762561578206,win,2026-08-17T17:20:28+00:00,1634732,2026-08-17T15:30:00Z,2026-08-17T15:31:09Z,2026-08-17T17:00:01Z,finished,best_of,3,CCT Europe,Playoffs,138812,Noir Verse,138400,mellren,138400,,,,,,,,mellren,mellren,138400,mellren,win,0,,
542,paper_v2,value_3pp,2026-08-16T21:15:53+00:00,skipped_no_value,MelBet,2026-08-16T21:15:20+00:00,136934,1.62,0.0,0.5563354200748712,0.5777951524628616,-0.02145973238799037,,,3504,2026-08-16T21:15:47+00:00,cs2_team_v2,136934,0.5563354200748712,0.44366457992512875,win,2026-08-17T17:40:10+00:00,1630676,2026-08-17T15:20:00Z,2026-08-17T15:21:37Z,2026-08-17T17:38:29Z,finished,best_of,3,CCT Europe,Play-In,136934,Bushido Wildcats,138101,Inner Circle Academy,136934,,,,,,,,Bushido Wildcats,Bushido Wildcats,136934,Bushido Wildcats,win,0,,
543,paper_v2,value_3pp,2026-08-16T21:15:53+00:00,skipped_no_line,,,135321,,0.0,0.5481279190832185,,,,,3515,2026-08-16T21:15:47+00:00,cs2_team_v2,135321,0.4518720809167815,0.5481279190832185,win,2026-08-17T16:30:28+00:00,1638606,2026-08-17T14:10:00Z,2026-08-17T14:11:31Z,2026-08-17T16:27:42Z,finished,best_of,3,NODWIN Clutch Series,Play-In Group C,126699,Nexus,135321,G2 Ares,135321,,,,,,,,G2 Ares,G2 Ares,135321,G2 Ares,win,0,,
544,paper_v2,value_3pp,2026-08-16T21:15:53+00:00,loss,MelBet,2026-08-16T21:15:20+00:00,135227,1.65,1000.0,0.7686703372606014,0.5678365636458879,0.20083377361471355,-1000.0,2026-08-17T20:50:38+00:00,3521,2026-08-16T21:15:48+00:00,cs2_team_v2,135227,0.7686703372606014,0.2313296627393986,loss,2026-08-17T20:50:38+00:00,1630677,2026-08-17T17:55:00Z,2026-08-17T17:56:23Z,2026-08-17T20:42:40Z,finished,best_of,3,CCT Europe,Play-In,135227,ENJOY,125774,HAVU,125774,37,20,@metascope_ai,130,2026-08-16T21:16:14+00:00,133,2026-08-17T20:50:41+00:00,ENJOY,ENJOY,125774,HAVU,loss,1,103832.0,102832.0
545,paper_v2,value_3pp,2026-08-16T21:15:53+00:00,skipped_no_line,,,133571,,0.0,0.5392996946838353,,,,,3537,2026-08-16T21:15:49+00:00,cs2_team_v2,133571,0.5392996946838353,0.4607003053161647,win,2026-08-17T20:00:28+00:00,1611841,2026-08-17T18:30:00Z,2026-08-17T18:38:03Z,2026-08-17T19:14:12Z,finished,best_of,1,ESEA,Regular Season,133571,Wave Esports,138027,Benched gods,133571,,,,,,,,Wave Esports,Wave Esports,133571,Wave Esports,win,0,,
546,paper_v2,value_3pp,2026-08-16T21:15:53+00:00,skipped_roster_uncertain,,,135505,,0.0,0.7251646399430091,,,,,3543,2026-08-16T21:15:49+00:00,cs2_team_v2,135505,0.7251646399430091,0.27483536005699094,win,2026-08-17T20:30:10+00:00,1636200,2026-08-17T19:25:00Z,2026-08-17T19:24:13Z,2026-08-17T20:03:19Z,finished,best_of,1,Gamers Club Liga Série A,Group D,135505,RED Canids Academy,131849,paiN Academy,135505,,,,,,,,RED Canids Academy,RED Canids Academy,135505,RED Canids Academy,win,0,,
547,paper_v2,value_3pp,2026-08-16T21:15:53+00:00,skipped_no_line,,,135743,,0.0,0.6457352851210278,,,,,3564,2026-08-16T21:15:50+00:00,cs2_team_v2,135743,0.6457352851210278,0.35426471487897215,win,2026-08-17T22:30:28+00:00,1637092,2026-08-17T21:15:00Z,2026-08-17T21:14:48Z,2026-08-17T21:46:16Z,finished,best_of,1,Gamers Club Liga Série A,Group A,135743,BESTIA Academy,127214,Red Feet,135743,,,,,,,,BESTIA Academy,BESTIA Academy,135743,BESTIA Academy,win,0,,
548,paper_v2,value_3pp,2026-08-17T21:15:39+00:00,skipped_roster_uncertain,,,137861,,0.0,0.702796410414515,,,,,3570,2026-08-17T21:15:30+00:00,cs2_team_v2,137861,0.297203589585485,0.702796410414515,loss,2026-08-18T10:50:10+00:00,1633570,2026-08-18T08:00:00Z,2026-08-18T08:09:18Z,2026-08-18T10:49:59Z,finished,best_of,3,European Pro League,Playoffs,138618,Vitality Academy,137861,STATE,138618,,,,,,,,STATE,STATE,138618,Vitality Academy,loss,0,,
549,paper_v2,value_3pp,2026-08-17T21:15:39+00:00,skipped_roster_uncertain,,,132795,,0.0,0.5703886039471499,,,,,3576,2026-08-17T21:15:31+00:00,cs2_team_v2,132795,0.42961139605285015,0.5703886039471499,win,2026-08-20T16:40:38+00:00,1640076,2026-08-20T14:10:00Z,2026-08-20T14:13:00Z,2026-08-20T16:38:42Z,finished,best_of,3,United21,Group B,138602,Inner Circle Prospect,132795,INFURITY Gaming,132795,,,,,,,,INFURITY Gaming,INFURITY Gaming,132795,INFURITY Gaming,win,0,,
550,paper_v2,value_3pp,2026-08-17T21:15:39+00:00,skipped_roster_uncertain,,,138617,,0.0,0.5923146580379253,,,,,3587,2026-08-17T21:15:31+00:00,cs2_team_v2,138617,0.4076853419620747,0.5923146580379253,win,2026-08-18T13:10:28+00:00,1633569,2026-08-18T11:00:00Z,2026-08-18T11:11:25Z,2026-08-18T13:06:01Z,finished,best_of,3,European Pro League,Playoffs,138602,Inner Circle Prospect,138617,INOX Division,138617,,,,,,,,INOX Division,INOX Division,138617,INOX Division,win,0,,
551,paper_v2,value_3pp,2026-08-17T21:15:39+00:00,skipped_roster_uncertain,,,138894,,0.0,0.5126209961105933,,,,,3593,2026-08-17T21:15:31+00:00,cs2_team_v2,138894,0.5126209961105933,0.4873790038894067,loss,2026-08-18T12:20:44+00:00,1640077,2026-08-18T10:40:00Z,2026-08-18T10:41:57Z,2026-08-18T12:19:32Z,finished,best_of,3,United21,Group B,138894,FaZe Up Next,137967,ReThink,137967,,,,,,,,FaZe Up Next,FaZe Up Next,137967,ReThink,loss,0,,
552,paper_v2,value_3pp,2026-08-17T21:15:39+00:00,skipped_no_line,,,128258,,0.0,0.7089320898500601,,,,,3599,2026-08-17T21:15:32+00:00,cs2_team_v2,128258,0.7089320898500601,0.29106791014993993,loss,2026-08-18T13:20:38+00:00,1634740,2026-08-18T11:00:00Z,2026-08-18T11:07:35Z,2026-08-18T13:13:28Z,finished,best_of,3,CCT Europe,Playoffs,128258,Entropy,128887,Honvéd,128887,,,,,,,,Entropy,Entropy,128887,Honvéd,loss,0,,
553,paper_v2,value_3pp,2026-08-17T21:15:39+00:00,skipped_no_line,,,138777,,0.0,0.5463942169061621,,,,,3605,2026-08-17T21:15:32+00:00,cs2_team_v2,138777,0.5463942169061621,0.4536057830938379,win,2026-08-18T12:30:57+00:00,1634741,2026-08-18T11:00:00Z,2026-08-18T11:08:32Z,2026-08-18T12:09:07Z,finished,best_of,3,CCT Europe,Playoffs,138777,ex-MANA eSports,137953,Fortress,138777,,,,,,,,ex-MANA eSports,ex-MANA eSports,138777,ex-MANA eSports,win,0,,
554,paper_v2,value_3pp,2026-08-17T21:15:39+00:00,skipped_roster_uncertain,,,138974,,0.0,0.6051130454355304,,,,,3611,2026-08-17T21:15:32+00:00,cs2_team_v2,138974,0.39488695456446965,0.6051130454355304,loss,2026-08-18T12:50:28+00:00,1640217,2026-08-18T11:00:00Z,2026-08-18T11:08:04Z,2026-08-18T12:44:12Z,finished,best_of,3,NODWIN Clutch Series,Play-In Group D,137703,ex-Zero Tenacity,138974,ex-RUSTEC,137703,,,,,,,,ex-RUSTEC,ex-RUSTEC,137703,ex-Zero Tenacity,loss,0,,
555,paper_v2,value_3pp,2026-08-17T21:15:39+00:00,skipped_high_odds,MelBet,2026-08-17T21:15:13+00:00,135474,2.501,0.0,0.5678581930909663,0.37490627343164207,0.19295191965932423,,,3617,2026-08-17T21:15:32+00:00,cs2_team_v2,135474,0.43214180690903375,0.5678581930909663,win,2026-08-18T15:40:11+00:00,1639285,2026-08-18T13:00:00Z,2026-08-18T13:05:29Z,2026-08-18T15:33:15Z,finished,best_of,3,ESL Challenger League,Group A,137584,Omega,135474,Fire Flux Esports,135474,,,,,,,,Fire Flux Esports,Fire Flux Esports,135474,Fire Flux Esports,win,0,,
556,paper_v2,value_3pp,2026-08-17T21:15:39+00:00,skipped_roster_uncertain,,,138660,,0.0,0.5645824439215402,,,,,3623,2026-08-17T21:15:33+00:00,cs2_team_v2,138660,0.5645824439215402,0.4354175560784598,win,2026-08-18T16:00:29+00:00,1639286,2026-08-18T13:50:00Z,2026-08-18T13:47:06Z,2026-08-18T15:51:57Z,finished,best_of,3,ESL Challenger League,Group A,138660,WRAITH PCIFIC,128258,Entropy,138660,,,,,,,,WRAITH PCIFIC,WRAITH PCIFIC,138660,WRAITH PCIFIC,win,0,,
557,paper_v2,value_3pp,2026-08-17T21:15:39+00:00,skipped_roster_uncertain,,,130590,,0.0,0.730071886427,,,,,3634,2026-08-17T21:15:33+00:00,cs2_team_v2,130590,0.730071886427,0.26992811357299995,win,2026-08-18T15:50:29+00:00,1639291,2026-08-18T13:00:00Z,2026-08-18T13:03:43Z,2026-08-18T15:40:51Z,finished,best_of,3,ESL Challenger League,Group B,130590,The Last Resort,137589,Strael-Bora,130590,,,,,,,,The Last Resort,The Last Resort,130590,The Last Resort,win,0,,
558,paper_v2,value_3pp,2026-08-17T21:15:39+00:00,skipped_low_odds,MelBet,2026-08-17T21:15:13+00:00,129440,1.18,0.0,0.6066632203111577,0.7970765262252795,-0.19041330591412176,,,3640,2026-08-17T21:15:33+00:00,cs2_team_v2,129440,0.6066632203111577,0.3933367796888423,win,2026-08-18T15:10:29+00:00,1639319,2026-08-18T13:00:00Z,2026-08-18T13:03:45Z,2026-08-18T15:04:32Z,finished,best_of,3,ESL Challenger League,Group C,129440,Metizport,135981,Donstu Esports,129440,,,,,,,,Metizport,Metizport,129440,Metizport,win,0,,
559,paper_v2,value_3pp,2026-08-17T21:15:39+00:00,void_roster_change,MelBet,2026-08-17T21:15:13+00:00,136659,1.47,1000.0,0.7214777081826007,0.6379310344827586,0.08354667369984214,0.0,2026-08-18T09:30:22+00:00,3646,2026-08-17T21:15:34+00:00,cs2_team_v2,136659,0.7214777081826007,0.2785222918173993,win,2026-08-18T16:00:29+00:00,1639320,2026-08-18T13:00:00Z,2026-08-18T13:09:55Z,2026-08-18T15:50:27Z,finished,best_of,3,ESL Challenger League,Group C,136659,SPARTA,129160,MOUZ NXT,136659,38,21,@metascope_ai,135,2026-08-17T21:15:42+00:00,,,SPARTA,SPARTA,136659,SPARTA,win,1,,
560,paper_v2,value_3pp,2026-08-17T21:15:39+00:00,skipped_low_odds,MelBet,2026-08-17T21:15:13+00:00,138685,1.1,0.0,0.5430253290302973,0.8517520215633423,-0.30872669253304497,,,3652,2026-08-17T21:15:34+00:00,cs2_team_v2,138685,0.5430253290302973,0.4569746709697027,win,2026-08-18T14:30:17+00:00,1639372,2026-08-18T13:00:00Z,2026-08-18T13:05:47Z,2026-08-18T14:23:28Z,finished,best_of,3,ESL Challenger League,Group D,138685,Esport Academy Copenhagen,137953,Fortress,138685,,,,,,,,Esport Academy Copenhagen,Esport Academy Copenhagen,138685,Esport Academy Copenhagen,win,0,,
561,paper_v2,value_3pp,2026-08-17T21:15:39+00:00,skipped_no_line,,,138841,,0.0,0.5244993087125833,,,,,3663,2026-08-17T21:15:34+00:00,cs2_team_v2,138841,0.5244993087125833,0.4755006912874167,win,2026-08-18T16:20:28+00:00,1634731,2026-08-18T13:45:00Z,2026-08-18T13:50:43Z,2026-08-18T16:16:29Z,finished,best_of,3,CCT Europe,Playoffs,138841,WBT,138848,Mai Tai,138841,,,,,,,,WBT,WBT,138841,WBT,win,0,,
562,paper_v2,value_3pp,2026-08-17T21:15:39+00:00,skipped_low_odds,MelBet,2026-08-17T21:15:13+00:00,136934,1.38,0.0,0.5460767799725958,0.6742209631728046,-0.1281441832002087,,,3669,2026-08-17T21:15:35+00:00,cs2_team_v2,136934,0.4539232200274042,0.5460767799725958,win,2026-08-18T17:20:28+00:00,1634733,2026-08-18T13:45:00Z,2026-08-18T13:54:20Z,2026-08-18T17:17:14Z,finished,best_of,3,CCT Europe,Playoffs,137075,Misa Esports,136934,Bushido Wildcats,136934,,,,,,,,Bushido Wildcats,Bushido Wildcats,136934,Bushido Wildcats,win,0,,
563,paper_v2,value_3pp,2026-08-17T21:15:39+00:00,skipped_roster_uncertain,,,137474,,0.0,0.6256881853556119,,,,,3680,2026-08-17T21:15:35+00:00,cs2_team_v2,137474,0.6256881853556119,0.3743118146443881,loss,2026-08-27T19:00:28+00:00,1630195,2026-08-27T17:25:00Z,2026-08-27T17:33:28Z,2026-08-27T17:50:29Z,finished,best_of,1,ESEA,Regular Season,137474,OLDBOYS PL,126491,NAVI Junior,126491,,,,,,,,OLDBOYS PL,OLDBOYS PL,126491,NAVI Junior,loss,0,,
564,paper_v2,value_3pp,2026-08-18T21:15:50+00:00,skipped_low_odds,MelBet,2026-08-18T21:15:18+00:00,128519,1.35,0.0,0.7458445190122702,0.677650429799427,0.0681940892128432,,,3701,2026-08-18T21:15:39+00:00,cs2_team_v2,128519,0.7458445190122702,0.2541554809877298,win,2026-08-19T10:20:29+00:00,1630682,2026-08-19T08:00:00Z,2026-08-19T08:05:01Z,2026-08-19T10:10:46Z,finished,best_of,3,CCT Europe,Group Stage,128519,GenOne,133063,UNiTY esports,128519,,,,,,,,GenOne,GenOne,128519,GenOne,win,0,,
565,paper_v2,value_3pp,2026-08-18T21:15:50+00:00,skipped_roster_uncertain,,,137028,,0.0,0.6953261000128592,,,,,3707,2026-08-18T21:15:39+00:00,cs2_team_v2,137028,0.3046738999871408,0.6953261000128592,loss,2026-08-19T11:00:29+00:00,1632617,2026-08-19T08:20:00Z,2026-08-19T08:17:33Z,2026-08-19T10:59:20Z,finished,best_of,3,Exort Fiesta,Group Stage,136934,Bushido Wildcats,137028,Endless Journey,136934,,,,,,,,Endless Journey,Endless Journey,136934,Bushido Wildcats,loss,0,,
566,paper_v2,value_3pp,2026-08-18T21:15:50+00:00,skipped_roster_uncertain,,,138602,,0.0,0.6007279696313456,,,,,3713,2026-08-18T21:15:40+00:00,cs2_team_v2,138602,0.6007279696313456,0.39927203036865444,loss,2026-08-19T09:40:29+00:00,1633571,2026-08-19T08:00:00Z,2026-08-19T08:08:36Z,2026-08-19T09:39:26Z,finished,best_of,3,European Pro League,Playoffs,138602,Inner Circle Prospect,138618,Vitality Academy,138618,,,,,,,,Inner Circle Prospect,Inner Circle Prospect,138618,Vitality Academy,loss,0,,
567,paper_v2,value_3pp,2026-08-18T21:15:50+00:00,skipped_roster_uncertain,,,138618,,0.0,0.7430936603890819,,,,,3719,2026-08-18T21:15:40+00:00,cs2_team_v2,138618,0.7430936603890819,0.25690633961091813,loss,2026-08-19T12:01:09+00:00,1640081,2026-08-19T08:00:00Z,,,canceled,best_of,3,United21,Group C,138618,Vitality Academy,136593,Sangal ALTERS,136593,,,,,,,,Vitality Academy,Vitality Academy,136593,Sangal ALTERS,loss,0,,
568,paper_v2,value_3pp,2026-08-18T21:15:50+00:00,skipped_no_line,,,138101,,0.0,0.5665977727951794,,,,,3725,2026-08-18T21:15:40+00:00,cs2_team_v2,138101,0.5665977727951794,0.4334022272048206,win,2026-08-19T10:20:29+00:00,1640218,2026-08-19T08:00:00Z,2026-08-19T08:12:23Z,2026-08-19T10:15:18Z,finished,best_of,3,NODWIN Clutch Series,Play-In,138101,Inner Circle Academy,129160,MOUZ NXT,138101,,,,,,,,Inner Circle Academy,Inner Circle Academy,138101,Inner Circle Academy,win,0,,
569,paper_v2,value_3pp,2026-08-18T21:15:50+00:00,skipped_no_line,,,135321,,0.0,0.5343582991753228,,,,,3736,2026-08-18T21:15:41+00:00,cs2_team_v2,135321,0.5343582991753228,0.46564170082467715,loss,2026-08-19T13:00:29+00:00,1630683,2026-08-19T11:10:00Z,2026-08-19T11:14:16Z,2026-08-19T12:51:52Z,finished,best_of,3,CCT Europe,Group Stage,135321,G2 Ares,137703,ex-Zero Tenacity,137703,,,,,,,,G2 Ares,G2 Ares,137703,ex-Zero Tenacity,loss,0,,
570,paper_v2,value_3pp,2026-08-18T21:15:50+00:00,skipped_no_line,,,3251,,0.0,0.5610357019355723,,,,,3752,2026-08-18T21:15:41+00:00,cs2_team_v2,3251,0.4389642980644277,0.5610357019355723,loss,2026-08-19T16:40:10+00:00,1634743,2026-08-19T13:55:00Z,2026-08-19T14:00:04Z,2026-08-19T16:31:05Z,finished,best_of,3,CCT Europe,Playoffs,138812,Noir Verse,3251,ENCE,138812,,,,,,,,ENCE,ENCE,138812,Noir Verse,loss,0,,
571,paper_v2,value_3pp,2026-08-18T21:15:50+00:00,skipped_no_line,,,128258,,0.0,0.5155576972062241,,,,,3763,2026-08-18T21:15:42+00:00,cs2_team_v2,128258,0.4844423027937758,0.5155576972062241,loss,2026-08-19T16:20:29+00:00,1639289,2026-08-19T13:00:00Z,2026-08-19T13:18:04Z,2026-08-19T16:17:41Z,finished,best_of,3,ESL Challenger League,Group A,135474,Fire Flux Esports,128258,Entropy,135474,,,,,,,,Entropy,Entropy,135474,Fire Flux Esports,loss,0,,
572,paper_v2,value_3pp,2026-08-18T21:15:50+00:00,skipped_no_line,,,130590,,0.0,0.5837666629440617,,,,,3769,2026-08-18T21:15:42+00:00,cs2_team_v2,130590,0.5837666629440617,0.41623333705593835,win,2026-08-19T15:30:30+00:00,1639318,2026-08-19T14:00:00Z,,,canceled,best_of,3,ESL Challenger League,Group B,130590,The Last Resort,137075,Misa Esports,130590,,,,,,,,The Last Resort,The Last Resort,130590,The Last Resort,win,0,,
573,paper_v2,value_3pp,2026-08-18T21:15:50+00:00,skipped_roster_uncertain,,,136659,,0.0,0.7537296712502665,,,,,3775,2026-08-18T21:15:43+00:00,cs2_team_v2,136659,0.7537296712502665,0.24627032874973354,win,2026-08-19T15:10:18+00:00,1639323,2026-08-19T13:00:00Z,2026-08-19T13:04:12Z,2026-08-19T15:04:59Z,finished,best_of,3,ESL Challenger League,Group C,136659,SPARTA,129160,MOUZ NXT,136659,,,,,,,,SPARTA,SPARTA,136659,SPARTA,win,0,,
574,paper_v2,value_3pp,2026-08-18T21:15:50+00:00,skipped_no_line,,,128887,,0.0,0.5338101999298788,,,,,3786,2026-08-18T21:15:43+00:00,cs2_team_v2,128887,0.4661898000701213,0.5338101999298788,win,2026-08-19T15:20:10+00:00,1634744,2026-08-19T13:45:00Z,,,canceled,best_of,3,CCT Europe,Playoffs,138848,Mai Tai,128887,Honvéd,128887,,,,,,,,Honvéd,Honvéd,128887,Honvéd,win,0,,
575,paper_v2,value_3pp,2026-08-18T21:15:50+00:00,skipped_no_line,,,138777,,0.0,0.5485124648654978,,,,,3792,2026-08-18T21:15:43+00:00,cs2_team_v2,138777,0.4514875351345022,0.5485124648654978,loss,2026-08-19T13:40:29+00:00,1634745,2026-08-19T11:00:00Z,2026-08-19T11:05:05Z,2026-08-19T13:39:36Z,finished,best_of,3,CCT Europe,Playoffs,129405,SAW Youngsters,138777,ex-MANA eSports,129405,,,,,,,,ex-MANA eSports,ex-MANA eSports,129405,SAW Youngsters,loss,0,,
576,paper_v2,value_3pp,2026-08-18T21:15:50+00:00,skipped_no_value,MelBet,2026-08-18T21:15:18+00:00,3210,1.48,0.0,0.5529087263118379,0.6412121212121211,-0.08830339490028327,,,3798,2026-08-18T21:15:44+00:00,cs2_team_v2,3210,0.5529087263118379,0.44709127368816215,win,2026-08-19T17:00:29+00:00,1624397,2026-08-19T14:10:00Z,2026-08-19T14:15:44Z,2026-08-19T16:58:31Z,finished,best_of,3,Esports World Cup,Playoffs,3210,G2,3209,Astralis,3210,,,,,,,,G2,G2,3210,G2,win,0,,
577,paper_v2,value_3pp,2026-08-18T21:15:50+00:00,skipped_no_value,MelBet,2026-08-18T21:15:18+00:00,136955,1.445,0.0,0.5619984085579215,0.6579881656804734,-0.09598975712255187,,,3804,2026-08-18T21:15:44+00:00,cs2_team_v2,136955,0.5619984085579215,0.4380015914420785,win,2026-08-19T17:20:28+00:00,1624399,2026-08-19T14:20:00Z,2026-08-19T14:23:42Z,2026-08-19T17:10:37Z,finished,best_of,3,Esports World Cup,Playoffs,136955,FUT Esports,137739,magic,136955,,,,,,,,FUT Esports,FUT Esports,136955,FUT Esports,win,0,,
578,paper_v2,value_3pp,2026-08-18T21:15:50+00:00,win,MelBet,2026-08-18T21:15:18+00:00,138963,1.684,1000.0,0.6464248138624424,0.5432601030648223,0.10316471079762013,683.9999999999999,2026-08-19T16:40:11+00:00,3810,2026-08-18T21:15:44+00:00,cs2_team_v2,138963,0.6464248138624424,0.35357518613755756,win,2026-08-19T16:40:10+00:00,1630684,2026-08-19T14:00:00Z,2026-08-19T14:05:16Z,2026-08-19T16:35:47Z,finished,best_of,3,CCT Europe,Group Stage,138963,Black Phoenix,136934,Bushido Wildcats,138963,39,22,@metascope_ai,138,2026-08-18T21:16:14+00:00,139,2026-08-19T16:40:14+00:00,Black Phoenix,Black Phoenix,138963,Black Phoenix,win,1,102832.0,103516.0
579,paper_v2,value_3pp,2026-08-18T21:15:50+00:00,skipped_no_line,,,135227,,0.0,0.5759777937058486,,,,,3821,2026-08-18T21:15:45+00:00,cs2_team_v2,135227,0.5759777937058486,0.42402220629415144,loss,2026-08-19T16:00:42+00:00,1640220,2026-08-19T14:00:00Z,2026-08-19T14:06:38Z,2026-08-19T15:52:42Z,finished,best_of,3,NODWIN Clutch Series,Play-In,135227,ENJOY,137703,ex-Zero Tenacity,137703,,,,,,,,ENJOY,ENJOY,137703,ex-Zero Tenacity,loss,0,,
580,paper_v2,value_3pp,2026-08-18T21:15:50+00:00,skipped_no_value,MelBet,2026-08-18T21:15:18+00:00,124530,1.55,0.0,0.5547573249781125,0.6123061530765382,-0.057548828098425764,,,3832,2026-08-18T21:15:45+00:00,cs2_team_v2,124530,0.5547573249781125,0.4452426750218875,win,2026-08-19T21:20:59+00:00,1624398,2026-08-19T17:55:00Z,2026-08-19T17:49:53Z,2026-08-19T21:19:16Z,finished,best_of,3,Esports World Cup,Playoffs,124530,FURIA,131505,Aurora Gaming,124530,,,,,,,,FURIA,FURIA,124530,FURIA,win,0,,
581,paper_v2,value_3pp,2026-08-18T21:15:50+00:00,skipped_low_odds,MelBet,2026-08-18T21:15:18+00:00,3240,1.25,0.0,0.6682206436677645,0.7591522157996148,-0.09093157213185032,,,3838,2026-08-18T21:15:46+00:00,cs2_team_v2,3240,0.3317793563322355,0.6682206436677645,win,2026-08-19T21:30:24+00:00,1624400,2026-08-19T17:55:00Z,2026-08-19T17:55:57Z,2026-08-19T21:29:29Z,finished,best_of,3,Esports World Cup,Playoffs,125847,GamerLegion,3240,MOUZ,3240,,,,,,,,MOUZ,MOUZ,3240,MOUZ,win,0,,
582,paper_v2,value_3pp,2026-08-18T21:15:50+00:00,skipped_no_line,,,136934,,0.0,0.5519101000692916,,,,,3854,2026-08-18T21:15:46+00:00,cs2_team_v2,136934,0.44808989993070836,0.5519101000692916,loss,2026-08-19T19:30:31+00:00,1640221,2026-08-19T17:00:00Z,2026-08-19T17:05:58Z,2026-08-19T19:26:39Z,finished,best_of,3,NODWIN Clutch Series,Play-In,128887,Honvéd,136934,Bushido Wildcats,128887,,,,,,,,Bushido Wildcats,Bushido Wildcats,128887,Honvéd,loss,0,,
583,paper_v2,value_3pp,2026-08-20T21:15:44+00:00,skipped_roster_uncertain,,,138963,,0.0,0.6181654456304784,,,,,3885,2026-08-20T21:15:37+00:00,cs2_team_v2,138963,0.6181654456304784,0.38183455436952163,loss,2026-08-21T10:30:18+00:00,1630690,2026-08-21T08:00:00Z,2026-08-21T08:18:16Z,2026-08-21T10:20:54Z,finished,best_of,3,CCT Europe,Group Stage,138963,Black Phoenix,138974,ex-RUSTEC,138974,,,,,,,,Black Phoenix,Black Phoenix,138974,ex-RUSTEC,loss,0,,
584,paper_v2,value_3pp,2026-08-20T21:15:44+00:00,skipped_roster_uncertain,,,137028,,0.0,0.7612550692549509,,,,,3891,2026-08-20T21:15:37+00:00,cs2_team_v2,137028,0.23874493074504916,0.7612550692549509,win,2026-08-21T10:40:28+00:00,1632625,2026-08-21T08:10:00Z,2026-08-21T08:17:44Z,2026-08-21T10:34:50Z,finished,best_of,3,Exort Fiesta,Group Stage,138848,Mai Tai,137028,Endless Journey,137028,,,,,,,,Endless Journey,Endless Journey,137028,Endless Journey,win,0,,
585,paper_v2,value_3pp,2026-08-20T21:15:44+00:00,skipped_roster_uncertain,,,137538,,0.0,0.6192484031285244,,,,,3902,2026-08-20T21:15:37+00:00,cs2_team_v2,137538,0.3807515968714757,0.6192484031285244,win,2026-08-21T11:10:14+00:00,1640073,2026-08-21T08:00:00Z,2026-08-21T08:08:32Z,2026-08-21T11:04:15Z,finished,best_of,3,United21,Group A,136786,LPH Gaming,137538,B8 Academy,137538,,,,,,,,B8 Academy,B8 Academy,137538,B8 Academy,win,0,,
586,paper_v2,value_3pp,2026-08-20T21:15:44+00:00,win,MelBet,2026-08-20T21:15:18+00:00,136955,2.405,1000.0,0.5297183349038793,0.3949685534591196,0.13474978144475974,1404.9999999999998,2026-08-21T13:01:03+00:00,3913,2026-08-20T21:15:38+00:00,cs2_team_v2,136955,0.5297183349038793,0.4702816650961207,win,2026-08-21T13:01:03+00:00,1624406,2026-08-21T11:00:00Z,2026-08-21T11:07:58Z,2026-08-21T13:00:23Z,finished,best_of,3,Esports World Cup,Playoffs,136955,FUT Esports,3240,MOUZ,136955,40,23,@metascope_ai,142,2026-08-20T21:16:22+00:00,143,2026-08-21T13:01:13+00:00,FUT Esports,FUT Esports,136955,FUT Esports,win,1,103516.0,104921.0
587,paper_v2,value_3pp,2026-08-20T21:15:44+00:00,skipped_low_odds,MelBet,2026-08-20T21:15:18+00:00,128519,1.21,0.0,0.8000415242373686,0.7673076923076922,0.03273383192967638,,,3919,2026-08-20T21:15:38+00:00,cs2_team_v2,128519,0.8000415242373686,0.19995847576263137,win,2026-08-21T14:00:28+00:00,1630691,2026-08-21T11:00:00Z,2026-08-21T11:08:24Z,2026-08-21T13:59:10Z,finished,best_of,3,CCT Europe,Group Stage,128519,GenOne,125774,HAVU,128519,,,,,,,,GenOne,GenOne,128519,GenOne,win,0,,
588,paper_v2,value_3pp,2026-08-20T21:15:44+00:00,skipped_roster_uncertain,,,138812,,0.0,0.5481341340029027,,,,,3935,2026-08-20T21:15:39+00:00,cs2_team_v2,138812,0.45186586599709727,0.5481341340029027,win,2026-08-21T12:40:12+00:00,1634748,2026-08-21T11:10:00Z,2026-08-21T11:09:39Z,2026-08-21T12:34:40Z,finished,best_of,3,CCT Europe,Playoffs,136786,LPH Gaming,138812,Noir Verse,138812,,,,,,,,Noir Verse,Noir Verse,138812,Noir Verse,win,0,,
589,paper_v2,value_3pp,2026-08-20T21:15:44+00:00,skipped_no_line,,,136934,,0.0,0.562168204878385,,,,,3941,2026-08-20T21:15:39+00:00,cs2_team_v2,136934,0.43783179512161496,0.562168204878385,win,2026-08-21T15:30:31+00:00,1634749,2026-08-21T13:55:00Z,2026-08-21T13:57:23Z,2026-08-21T15:13:52Z,finished,best_of,3,CCT Europe,Playoffs,128887,Honvéd,136934,Bushido Wildcats,136934,,,,,,,,Bushido Wildcats,Bushido Wildcats,136934,Bushido Wildcats,win,0,,
590,paper_v2,value_3pp,2026-08-20T21:15:44+00:00,skipped_low_odds,MelBet,2026-08-20T21:15:18+00:00,130564,1.27,0.0,0.6943632276124962,0.7465069860279441,-0.05214375841544783,,,3947,2026-08-20T21:15:40+00:00,cs2_team_v2,130564,0.3056367723875038,0.6943632276124962,loss,2026-08-21T15:50:28+00:00,1624407,2026-08-21T13:55:00Z,2026-08-21T13:53:23Z,2026-08-21T15:42:49Z,finished,best_of,3,Esports World Cup,Playoffs,133708,Legacy,130564,Team Falcons,133708,,,,,,,,Team Falcons,Team Falcons,133708,Legacy,loss,0,,
591,paper_v2,value_3pp,2026-08-20T21:15:44+00:00,skipped_roster_uncertain,,,137703,,0.0,0.5452250941723653,,,,,3953,2026-08-20T21:15:40+00:00,cs2_team_v2,137703,0.4547749058276347,0.5452250941723653,win,2026-08-21T16:10:18+00:00,1630692,2026-08-21T14:25:00Z,2026-08-21T14:20:47Z,2026-08-21T16:02:21Z,finished,best_of,3,CCT Europe,Group Stage,127911,MASONIC,137703,ex-Zero Tenacity,137703,,,,,,,,ex-Zero Tenacity,ex-Zero Tenacity,137703,ex-Zero Tenacity,win,0,,
592,paper_v2,value_3pp,2026-08-20T21:15:44+00:00,skipped_roster_uncertain,,,138963,,0.0,0.5842452237271045,,,,,3959,2026-08-20T21:15:40+00:00,cs2_team_v2,138963,0.5842452237271045,0.4157547762728955,win,2026-08-21T15:50:28+00:00,1632627,2026-08-21T14:10:00Z,2026-08-21T14:10:29Z,2026-08-21T15:49:51Z,finished,best_of,3,Exort Fiesta,Group Stage,138963,Black Phoenix,137701,Bebop,138963,,,,,,,,Black Phoenix,Black Phoenix,138963,Black Phoenix,win,0,,
593,paper_v2,value_3pp,2026-08-20T21:15:44+00:00,skipped_roster_uncertain,,,137932,,0.0,0.7813582394899914,,,,,3965,2026-08-20T21:15:40+00:00,cs2_team_v2,137932,0.7813582394899914,0.2186417605100086,loss,2026-08-21T15:30:31+00:00,1633221,2026-08-21T14:00:00Z,,,canceled,best_of,3,NODWIN Clutch Series,Group Stage,137932,ex-RUBY,133988,HyperSpirit,133988,,,,,,,,ex-RUBY,ex-RUBY,133988,HyperSpirit,loss,0,,
594,paper_v2,value_3pp,2026-08-20T21:15:44+00:00,skipped_no_value,MelBet,2026-08-20T21:15:18+00:00,3455,1.72,0.0,0.5060918717354944,0.5520833333333334,-0.045991461597838956,,,3976,2026-08-20T21:15:41+00:00,cs2_team_v2,3455,0.5060918717354944,0.4939081282645056,loss,2026-08-21T20:00:38+00:00,1624408,2026-08-21T16:30:00Z,2026-08-21T16:37:08Z,2026-08-21T19:54:55Z,finished,best_of,3,Esports World Cup,Playoffs,3455,Vitality,124523,Spirit,124523,,,,,,,,Vitality,Vitality,124523,Spirit,loss,0,,
595,paper_v2,value_3pp,2026-08-20T21:15:44+00:00,skipped_roster_uncertain,,,138406,,0.0,0.682636483605197,,,,,3982,2026-08-20T21:15:41+00:00,cs2_team_v2,138406,0.3173635163948029,0.682636483605197,win,2026-08-21T19:41:09+00:00,1630693,2026-08-21T17:10:00Z,2026-08-21T17:08:46Z,2026-08-21T19:35:52Z,finished,best_of,3,CCT Europe,Group Stage,133988,HyperSpirit,138406,Just Players,138406,,,,,,,,Just Players,Just Players,138406,Just Players,win,0,,
596,paper_v2,value_3pp,2026-08-20T21:15:44+00:00,skipped_roster_uncertain,,,136659,,0.0,0.5359148482526461,,,,,3993,2026-08-20T21:15:42+00:00,cs2_team_v2,136659,0.5359148482526461,0.4640851517473539,win,2026-08-21T19:01:10+00:00,1633222,2026-08-21T17:00:00Z,2026-08-21T17:03:40Z,2026-08-21T18:53:35Z,finished,best_of,3,NODWIN Clutch Series,Group Stage,136659,SPARTA,133269,Leo Team,136659,,,,,,,,SPARTA,SPARTA,136659,SPARTA,win,0,,
597,paper_v2,value_3pp,2026-08-21T21:15:47+00:00,skipped_no_line,,,133900,,0.0,0.580060032411054,,,,,4009,2026-08-21T21:15:38+00:00,cs2_team_v2,133900,0.580060032411054,0.41993996758894603,loss,2026-08-22T05:00:56+00:00,1645129,2026-08-22T03:35:00Z,2026-08-22T03:39:20Z,2026-08-22T05:00:26Z,finished,best_of,3,Moscow Cyber Games,Group A,133900,The Huns Esports,130329,Rare Atom,130329,,,,,,,,The Huns Esports,The Huns Esports,130329,Rare Atom,loss,0,,
598,paper_v2,value_3pp,2026-08-21T21:15:47+00:00,skipped_roster_uncertain,,,138660,,0.0,0.5680625302397008,,,,,4020,2026-08-21T21:15:38+00:00,cs2_team_v2,138660,0.5680625302397008,0.43193746976029923,win,2026-08-22T09:50:06+00:00,1630694,2026-08-22T08:00:00Z,2026-08-22T08:07:12Z,2026-08-22T09:45:31Z,finished,best_of,3,CCT Europe,Group Stage,138660,WRAITH PCIFIC,137701,Bebop,138660,,,,,,,,WRAITH PCIFIC,WRAITH PCIFIC,138660,WRAITH PCIFIC,win,0,,
599,paper_v2,value_3pp,2026-08-21T21:15:47+00:00,skipped_roster_uncertain,,,137701,,0.0,0.5865048647136332,,,,,4026,2026-08-21T21:15:39+00:00,cs2_team_v2,137701,0.5865048647136332,0.41349513528636683,win,2026-08-22T09:30:28+00:00,1632629,2026-08-22T08:00:00Z,,,canceled,best_of,3,Exort Fiesta,Group Stage,137701,Bebop,138812,Noir Verse,137701,,,,,,,,Bebop,Bebop,137701,Bebop,win,0,,
600,paper_v2,value_3pp,2026-08-21T21:15:47+00:00,loss,MelBet,2026-08-21T21:15:19+00:00,128519,1.45,1000.0,0.6848128949182147,0.654268001907487,0.030544893010727714,-1000.0,2026-08-22T09:50:06+00:00,4032,2026-08-21T21:15:39+00:00,cs2_team_v2,128519,0.6848128949182147,0.31518710508178527,loss,2026-08-22T09:50:06+00:00,1633223,2026-08-22T08:00:00Z,2026-08-22T08:05:21Z,2026-08-22T09:45:16Z,finished,best_of,3,NODWIN Clutch Series,Group Stage,128519,GenOne,137703,ex-Zero Tenacity,137703,41,24,@metascope_ai,145,2026-08-21T21:15:57+00:00,146,2026-08-22T09:50:09+00:00,GenOne,GenOne,137703,ex-Zero Tenacity,loss,1,104921.0,103921.0
601,paper_v2,value_3pp,2026-08-21T21:15:47+00:00,skipped_roster_uncertain,,,132795,,0.0,0.6491013200195208,,,,,4038,2026-08-21T21:15:39+00:00,cs2_team_v2,132795,0.3508986799804792,0.6491013200195208,win,2026-08-22T10:50:10+00:00,1640078,2026-08-22T09:20:00Z,2026-08-22T09:21:40Z,2026-08-22T10:45:09Z,finished,best_of,3,United21,Group B,137967,ReThink,132795,INFURITY Gaming,132795,,,,,,,,INFURITY Gaming,INFURITY Gaming,132795,INFURITY Gaming,win,0,,
602,paper_v2,value_3pp,2026-08-21T21:15:47+00:00,skipped_roster_uncertain,,,138602,,0.0,0.5621746763731854,,,,,4054,2026-08-21T21:15:40+00:00,cs2_team_v2,138602,0.43782532362681464,0.5621746763731854,loss,2026-08-22T14:20:18+00:00,1640079,2026-08-22T11:00:00Z,2026-08-22T11:02:03Z,2026-08-22T14:16:46Z,finished,best_of,3,United21,Group B,138894,FaZe Up Next,138602,Inner Circle Prospect,138894,,,,,,,,Inner Circle Prospect,Inner Circle Prospect,138894,FaZe Up Next,loss,0,,
603,paper_v2,value_3pp,2026-08-21T21:15:47+00:00,skipped_roster_uncertain,,,138370,,0.0,0.5231173576397511,,,,,4060,2026-08-21T21:15:40+00:00,cs2_team_v2,138370,0.5231173576397511,0.4768826423602489,loss,2026-08-22T13:30:28+00:00,1630695,2026-08-22T11:00:00Z,2026-08-22T11:06:10Z,2026-08-22T13:29:13Z,finished,best_of,3,CCT Europe,Group Stage,138370,Lavked,136934,Bushido Wildcats,136934,,,,,,,,Lavked,Lavked,136934,Bushido Wildcats,loss,0,,
604,paper_v2,value_3pp,2026-08-21T21:15:47+00:00,skipped_no_line,,,137508,,0.0,0.5532919053241396,,,,,4066,2026-08-21T21:15:41+00:00,cs2_team_v2,137508,0.5532919053241396,0.44670809467586037,loss,2026-08-22T13:00:31+00:00,1632630,2026-08-22T11:10:00Z,2026-08-22T11:09:01Z,2026-08-22T13:00:15Z,finished,best_of,3,Exort Fiesta,Group Stage,137508,Falcons Force,3251,ENCE,3251,,,,,,,,Falcons Force,Falcons Force,3251,ENCE,loss,0,,
605,paper_v2,value_3pp,2026-08-21T21:15:47+00:00,skipped_high_odds,MelBet,2026-08-21T21:15:19+00:00,138963,2.689,0.0,0.5804883208685092,0.34875272463066115,0.23173559623784806,,,4072,2026-08-21T21:15:41+00:00,cs2_team_v2,138963,0.4195116791314908,0.5804883208685092,loss,2026-08-22T13:50:29+00:00,1633224,2026-08-22T11:00:00Z,2026-08-22T11:12:10Z,2026-08-22T13:48:48Z,finished,best_of,3,NODWIN Clutch Series,Group Stage,138975,Butterfly,138963,Black Phoenix,138975,,,,,,,,Black Phoenix,Black Phoenix,138975,Butterfly,loss,0,,
606,paper_v2,value_3pp,2026-08-21T21:15:47+00:00,skipped_roster_uncertain,,,138841,,0.0,0.5918981452681065,,,,,4078,2026-08-21T21:15:41+00:00,cs2_team_v2,138841,0.5918981452681065,0.40810185473189353,loss,2026-08-22T13:00:31+00:00,1634736,2026-08-22T11:00:00Z,2026-08-22T11:06:19Z,2026-08-22T12:52:34Z,finished,best_of,3,CCT Europe,Playoffs,138841,WBT,138400,mellren,138400,,,,,,,,WBT,WBT,138400,mellren,loss,0,,
607,paper_v2,value_3pp,2026-08-21T21:15:47+00:00,skipped_roster_uncertain,,,126944,,0.0,0.655361709062559,,,,,4084,2026-08-21T21:15:42+00:00,cs2_team_v2,126944,0.655361709062559,0.344638290937441,win,2026-08-22T15:20:28+00:00,1643101,2026-08-22T12:00:00Z,2026-08-22T12:02:56Z,2026-08-22T15:16:43Z,finished,best_of,3,Moscow Cyber Games,Group Stage,126944,1WIN,137708,BET-M 33,126944,,,,,,,,1WIN,1WIN,126944,1WIN,win,0,,
608,paper_v2,value_3pp,2026-08-21T21:15:47+00:00,skipped_roster_uncertain,,,138151,,0.0,0.5028017150576832,,,,,4090,2026-08-21T21:15:42+00:00,cs2_team_v2,138151,0.5028017150576832,0.49719828494231677,loss,2026-08-22T14:40:10+00:00,1645135,2026-08-22T12:15:00Z,2026-08-22T12:11:07Z,2026-08-22T14:34:18Z,finished,best_of,3,Moscow Cyber Games,Group B,138151,NEXVOID,135214,Alter Ego,135214,,,,,,,,NEXVOID,NEXVOID,135214,Alter Ego,loss,0,,
609,paper_v2,value_3pp,2026-08-21T21:15:47+00:00,skipped_no_value,MelBet,2026-08-21T21:15:19+00:00,136934,1.41,0.0,0.6034868167049852,0.6607314725697786,-0.05724465586479344,,,4096,2026-08-21T21:15:42+00:00,cs2_team_v2,136934,0.3965131832950149,0.6034868167049852,loss,2026-08-22T16:10:08+00:00,1634750,2026-08-22T13:45:00Z,2026-08-22T13:50:51Z,2026-08-22T16:07:12Z,finished,best_of,3,CCT Europe,Playoffs,138812,Noir Verse,136934,Bushido Wildcats,138812,,,,,,,,Bushido Wildcats,Bushido Wildcats,138812,Noir Verse,loss,0,,
610,paper_v2,value_3pp,2026-08-21T21:15:47+00:00,skipped_no_value,MelBet,2026-08-21T21:15:19+00:00,124530,1.46,0.0,0.5805936946353982,0.6507177033492824,-0.07012400871388413,,,4102,2026-08-21T21:15:42+00:00,cs2_team_v2,124530,0.5805936946353982,0.4194063053646018,loss,2026-08-22T17:10:29+00:00,1624409,2026-08-22T14:10:00Z,2026-08-22T14:09:31Z,2026-08-22T17:10:19Z,finished,best_of,3,Esports World Cup,Playoffs,124530,FURIA,136955,FUT Esports,136955,,,,,,,,FURIA,FURIA,136955,FUT Esports,loss,0,,
611,paper_v2,value_3pp,2026-08-21T21:15:47+00:00,skipped_roster_uncertain,,,133269,,0.0,0.5657962498589003,,,,,4108,2026-08-21T21:15:43+00:00,cs2_team_v2,133269,0.5657962498589003,0.4342037501410997,win,2026-08-22T17:20:29+00:00,1630696,2026-08-22T14:00:00Z,2026-08-22T14:05:43Z,2026-08-22T17:12:30Z,finished,best_of,3,CCT Europe,Group Stage,133269,Leo Team,125774,HAVU,133269,,,,,,,,Leo Team,Leo Team,133269,Leo Team,win,0,,
612,paper_v2,value_3pp,2026-08-21T21:15:47+00:00,skipped_no_line,,,132060,,0.0,0.5124639897564705,,,,,4114,2026-08-21T21:15:43+00:00,cs2_team_v2,132060,0.48753601024352955,0.5124639897564705,loss,2026-08-22T15:30:58+00:00,1632631,2026-08-22T14:00:00Z,,,canceled,best_of,3,Exort Fiesta,Group Stage,138848,Mai Tai,132060,Permitta Esports,138848,,,,,,,,Permitta Esports,Permitta Esports,138848,Mai Tai,loss,0,,
613,paper_v2,value_3pp,2026-08-21T21:15:47+00:00,skipped_low_odds,MelBet,2026-08-21T21:15:19+00:00,138617,1.19,0.0,0.6989095511263043,0.7873100983020554,-0.08840054717575119,,,4120,2026-08-21T21:15:43+00:00,cs2_team_v2,138617,0.6989095511263043,0.30109044887369574,win,2026-08-22T16:00:28+00:00,1633225,2026-08-22T14:15:00Z,2026-08-22T14:17:59Z,2026-08-22T15:59:03Z,finished,best_of,3,NODWIN Clutch Series,Group Stage,138617,INOX Division,128887,Honvéd,138617,,,,,,,,INOX Division,INOX Division,138617,INOX Division,win,0,,
614,paper_v2,value_3pp,2026-08-21T21:15:47+00:00,skipped_roster_uncertain,,,124522,,0.0,0.7653011924512845,,,,,4126,2026-08-21T21:15:43+00:00,cs2_team_v2,124522,0.7653011924512845,0.23469880754871553,win,2026-08-22T17:50:29+00:00,1643102,2026-08-22T15:30:00Z,2026-08-22T15:34:10Z,2026-08-22T17:49:11Z,finished,best_of,3,Moscow Cyber Games,Group Stage,124522,Nemiga,135126,FORZE Reload,124522,,,,,,,,Nemiga,Nemiga,124522,Nemiga,win,0,,
615,paper_v2,value_3pp,2026-08-21T21:15:47+00:00,skipped_low_odds,MelBet,2026-08-21T21:15:19+00:00,124523,1.296,0.0,0.5728010252578748,0.7320099255583127,-0.15920890030043788,,,4137,2026-08-21T21:15:44+00:00,cs2_team_v2,124523,0.4271989747421252,0.5728010252578748,win,2026-08-22T20:00:29+00:00,1624410,2026-08-22T18:00:00Z,2026-08-22T18:03:21Z,2026-08-22T19:55:40Z,finished,best_of,3,Esports World Cup,Playoffs,133708,Legacy,124523,Spirit,124523,,,,,,,,Spirit,Spirit,124523,Spirit,win,0,,
616,paper_v2,value_3pp,2026-08-21T21:15:47+00:00,skipped_no_line,,,138963,,0.0,0.5977630470154642,,,,,4143,2026-08-21T21:15:44+00:00,cs2_team_v2,138963,0.5977630470154642,0.40223695298453577,loss,2026-08-22T20:11:10+00:00,1630697,2026-08-22T17:30:00Z,2026-08-22T17:36:24Z,2026-08-22T20:08:55Z,finished,best_of,3,CCT Europe,Group Stage,138963,Black Phoenix,133063,UNiTY esports,133063,,,,,,,,Black Phoenix,Black Phoenix,133063,UNiTY esports,loss,0,,
617,paper_v2,value_3pp,2026-08-21T21:15:47+00:00,skipped_no_line,,,136934,,0.0,0.6018062244632799,,,,,4149,2026-08-21T21:15:45+00:00,cs2_team_v2,136934,0.3981937755367201,0.6018062244632799,loss,2026-08-22T20:11:10+00:00,1632632,2026-08-22T17:00:00Z,2026-08-22T17:08:50Z,2026-08-22T20:03:12Z,finished,best_of,3,Exort Fiesta,Group Stage,138027,Benched gods,136934,Bushido Wildcats,138027,,,,,,,,Bushido Wildcats,Bushido Wildcats,138027,Benched gods,loss,0,,
618,paper_v2,value_3pp,2026-08-21T21:15:47+00:00,skipped_roster_uncertain,,,135673,,0.0,0.7883631929407404,,,,,4155,2026-08-21T21:15:45+00:00,cs2_team_v2,135673,0.7883631929407404,0.21163680705925958,loss,2026-08-22T21:30:59+00:00,1643103,2026-08-22T18:00:00Z,2026-08-22T18:02:46Z,2026-08-22T21:21:13Z,finished,best_of,3,Moscow Cyber Games,Group Stage,135673,Nuclear TigeRES,136659,SPARTA,136659,,,,,,,,Nuclear TigeRES,Nuclear TigeRES,136659,SPARTA,loss,0,,
619,paper_v2,value_3pp,2026-08-22T21:15:45+00:00,skipped_roster_uncertain,,,134264,,0.0,0.5231388729844604,,,,,4166,2026-08-22T21:15:36+00:00,cs2_team_v2,134264,0.47686112701553957,0.5231388729844604,loss,2026-08-23T06:10:25+00:00,1645131,2026-08-23T03:10:00Z,2026-08-23T03:13:13Z,2026-08-23T06:07:21Z,finished,best_of,3,Moscow Cyber Games,Group A,133900,The Huns Esports,134264,Chinggis Warriors,133900,,,,,,,,Chinggis Warriors,Chinggis Warriors,133900,The Huns Esports,loss,0,,
620,paper_v2,value_3pp,2026-08-22T21:15:45+00:00,skipped_no_value,MelBet,2026-08-22T21:15:18+00:00,124530,1.62,0.0,0.518305454854857,0.5856777493606138,-0.06737229450575677,,,4177,2026-08-22T21:15:37+00:00,cs2_team_v2,124530,0.518305454854857,0.481694545145143,loss,2026-08-23T11:10:19+00:00,1624411,2026-08-23T08:00:00Z,2026-08-23T08:08:01Z,2026-08-23T11:08:01Z,finished,best_of,3,Esports World Cup,Playoffs,124530,FURIA,133708,Legacy,133708,,,,,,,,FURIA,FURIA,133708,Legacy,loss,0,,
621,paper_v2,value_3pp,2026-08-22T21:15:45+00:00,skipped_roster_uncertain,,,135321,,0.0,0.5463821573187991,,,,,4183,2026-08-22T21:15:37+00:00,cs2_team_v2,135321,0.5463821573187991,0.45361784268120087,win,2026-08-23T10:50:10+00:00,1630698,2026-08-23T08:00:00Z,2026-08-23T08:05:46Z,2026-08-23T10:40:36Z,finished,best_of,3,CCT Europe,Group Stage,135321,G2 Ares,133988,HyperSpirit,135321,,,,,,,,G2 Ares,G2 Ares,135321,G2 Ares,win,0,,
622,paper_v2,value_3pp,2026-08-22T21:15:45+00:00,skipped_roster_uncertain,,,138151,,0.0,0.523340377325321,,,,,4209,2026-08-22T21:15:39+00:00,cs2_team_v2,138151,0.476659622674679,0.523340377325321,loss,2026-08-23T10:50:10+00:00,1645136,2026-08-23T08:30:00Z,2026-08-23T08:50:27Z,2026-08-23T10:49:28Z,finished,best_of,3,Moscow Cyber Games,Group B,137155,Kaleido Gaming,138151,NEXVOID,137155,,,,,,,,NEXVOID,NEXVOID,137155,Kaleido Gaming,loss,0,,
623,paper_v2,value_3pp,2026-08-22T21:15:45+00:00,skipped_roster_uncertain,,,138618,,0.0,0.7060640854237257,,,,,4215,2026-08-22T21:15:39+00:00,cs2_team_v2,138618,0.7060640854237257,0.2939359145762743,loss,2026-08-23T14:30:28+00:00,1640084,2026-08-23T12:20:00Z,,,canceled,best_of,3,United21,Group C,138618,Vitality Academy,138281,Passion Academy,138281,,,,,,,,Vitality Academy,Vitality Academy,138281,Passion Academy,loss,0,,
624,paper_v2,value_3pp,2026-08-22T21:15:45+00:00,skipped_no_line,,,138812,,0.0,0.5408458819769368,,,,,4236,2026-08-22T21:15:40+00:00,cs2_team_v2,138812,0.45915411802306316,0.5408458819769368,loss,2026-08-23T13:50:10+00:00,1634751,2026-08-23T11:00:00Z,2026-08-23T11:04:06Z,2026-08-23T13:42:21Z,finished,best_of,3,CCT Europe,Playoffs,138841,WBT,138812,Noir Verse,138841,,,,,,,,Noir Verse,Noir Verse,138841,WBT,loss,0,,
625,paper_v2,value_3pp,2026-08-22T21:15:45+00:00,skipped_low_odds,MelBet,2026-08-22T21:15:18+00:00,124523,1.26,0.0,0.5993143640492637,0.7529411764705882,-0.15362681242132448,,,4242,2026-08-22T21:15:40+00:00,cs2_team_v2,124523,0.4006856359507363,0.5993143640492637,win,2026-08-23T17:00:30+00:00,1624412,2026-08-23T12:15:00Z,2026-08-23T12:16:57Z,2026-08-23T16:50:35Z,finished,best_of,5,Esports World Cup,Playoffs,136955,FUT Esports,124523,Spirit,124523,,,,,,,,Spirit,Spirit,124523,Spirit,win,0,,
626,paper_v2,value_3pp,2026-08-22T21:15:45+00:00,skipped_no_line,,,135298,,0.0,0.6723272417407568,,,,,4248,2026-08-22T21:15:40+00:00,cs2_team_v2,135298,0.6723272417407568,0.32767275825924325,win,2026-08-23T14:01:10+00:00,1643105,2026-08-23T12:20:00Z,2026-08-23T12:18:59Z,2026-08-23T13:59:41Z,finished,best_of,3,Moscow Cyber Games,Group Stage,135298,K27,132927,Rune Eaters,135298,,,,,,,,K27,K27,135298,K27,win,0,,
627,paper_v2,value_3pp,2026-08-22T21:15:45+00:00,skipped_roster_uncertain,,,138284,,0.0,0.5201218453936804,,,,,4254,2026-08-22T21:15:41+00:00,cs2_team_v2,138284,0.5201218453936804,0.47987815460631955,loss,2026-08-23T17:00:30+00:00,1645137,2026-08-23T14:15:00Z,2026-08-23T14:19:37Z,2026-08-23T16:56:50Z,finished,best_of,3,Moscow Cyber Games,Group B,138284,5star,135214,Alter Ego,135214,,,,,,,,5star,5star,135214,Alter Ego,loss,0,,
628,paper_v2,value_3pp,2026-08-22T21:15:45+00:00,skipped_roster_uncertain,,,128519,,0.0,0.6550890587424103,,,,,4260,2026-08-22T21:15:41+00:00,cs2_team_v2,128519,0.6550890587424103,0.3449109412575897,win,2026-08-23T16:50:28+00:00,1630700,2026-08-23T14:15:00Z,2026-08-23T14:16:29Z,2026-08-23T16:49:13Z,finished,best_of,3,CCT Europe,Group Stage,128519,GenOne,138974,ex-RUSTEC,128519,,,,,,,,GenOne,GenOne,128519,GenOne,win,0,,
629,paper_v2,value_3pp,2026-08-22T21:15:45+00:00,skipped_roster_uncertain,,,138963,,0.0,0.6246130543545039,,,,,4266,2026-08-22T21:15:41+00:00,cs2_team_v2,138963,0.3753869456454962,0.6246130543545039,loss,2026-08-23T16:20:28+00:00,1632635,2026-08-23T14:10:00Z,2026-08-23T14:17:57Z,2026-08-23T16:16:04Z,finished,best_of,3,Exort Fiesta,Group Stage,138370,Lavked,138963,Black Phoenix,138370,,,,,,,,Black Phoenix,Black Phoenix,138370,Lavked,loss,0,,
630,paper_v2,value_3pp,2026-08-22T21:15:45+00:00,skipped_no_value,MelBet,2026-08-22T21:15:18+00:00,138101,1.6,0.0,0.5205036176069366,0.5859213250517599,-0.06541770744482323,,,4272,2026-08-22T21:15:41+00:00,cs2_team_v2,138101,0.4794963823930634,0.5205036176069366,win,2026-08-23T15:50:39+00:00,1633229,2026-08-23T14:15:00Z,2026-08-23T14:14:37Z,2026-08-23T15:46:59Z,finished,best_of,3,NODWIN Clutch Series,Group Stage,128887,Honvéd,138101,Inner Circle Academy,138101,,,,,,,,Inner Circle Academy,Inner Circle Academy,138101,Inner Circle Academy,win,0,,
631,paper_v2,value_3pp,2026-08-22T21:15:45+00:00,skipped_no_line,,,137500,,0.0,0.6086011599437691,,,,,4278,2026-08-22T21:15:42+00:00,cs2_team_v2,137500,0.39139884005623093,0.6086011599437691,loss,2026-08-23T18:10:28+00:00,1643106,2026-08-23T15:00:00Z,2026-08-23T14:59:16Z,2026-08-23T18:01:43Z,finished,best_of,3,Moscow Cyber Games,Group Stage,130569,HOTU,137500,CYBERSHOKE Prospects,130569,,,,,,,,CYBERSHOKE Prospects,CYBERSHOKE Prospects,130569,HOTU,loss,0,,
632,paper_v2,value_3pp,2026-08-22T21:15:45+00:00,skipped_roster_uncertain,,,135126,,0.0,0.6684324968488279,,,,,4284,2026-08-22T21:15:42+00:00,cs2_team_v2,135126,0.6684324968488279,0.3315675031511721,win,2026-08-23T17:40:14+00:00,1640177,2026-08-23T15:40:00Z,2026-08-23T15:41:57Z,2026-08-23T17:36:45Z,finished,best_of,3,CCT Europe,Playoffs,135126,FORZE Reload,138163,Younglings,135126,,,,,,,,FORZE Reload,FORZE Reload,135126,FORZE Reload,win,0,,
633,paper_v2,value_3pp,2026-08-22T21:15:45+00:00,loss,MelBet,2026-08-22T21:15:18+00:00,138406,1.88,1000.0,0.539937214412751,0.5026455026455027,0.037291711767248326,-1000.0,2026-08-23T20:00:08+00:00,4290,2026-08-22T21:15:42+00:00,cs2_team_v2,138406,0.539937214412751,0.460062785587249,loss,2026-08-23T20:00:08+00:00,1630701,2026-08-23T17:15:00Z,2026-08-23T17:19:08Z,2026-08-23T19:56:10Z,finished,best_of,3,CCT Europe,Group Stage,138406,Just Players,137703,ex-Zero Tenacity,137703,42,25,@metascope_ai,148,2026-08-22T21:16:03+00:00,150,2026-08-23T20:00:11+00:00,Just Players,Just Players,137703,ex-Zero Tenacity,loss,1,103921.0,102921.0
634,paper_v2,value_3pp,2026-08-22T21:15:45+00:00,skipped_roster_uncertain,,,137028,,0.0,0.6255901035849111,,,,,4296,2026-08-22T21:15:42+00:00,cs2_team_v2,137028,0.6255901035849111,0.3744098964150889,win,2026-08-23T18:30:28+00:00,1632636,2026-08-23T17:00:00Z,,,canceled,best_of,3,Exort Fiesta,Group Stage,137028,Endless Journey,137703,ex-Zero Tenacity,137028,,,,,,,,Endless Journey,Endless Journey,137028,Endless Journey,win,0,,
635,paper_v2,value_3pp,2026-08-22T21:15:45+00:00,skipped_roster_uncertain,,,137932,,0.0,0.6629541029322309,,,,,4302,2026-08-22T21:15:43+00:00,cs2_team_v2,137932,0.6629541029322309,0.3370458970677691,win,2026-08-23T18:30:28+00:00,1633230,2026-08-23T17:00:00Z,,,canceled,best_of,3,NODWIN Clutch Series,Group Stage,137932,ex-RUBY,137511,illwill,137932,,,,,,,,ex-RUBY,ex-RUBY,137932,ex-RUBY,win,0,,
636,paper_v2,value_3pp,2026-08-22T21:15:45+00:00,skipped_roster_uncertain,,,137932,,0.0,0.5562568474976549,,,,,4308,2026-08-22T21:15:43+00:00,cs2_team_v2,137932,0.5562568474976549,0.4437431525023451,loss,2026-08-23T22:30:28+00:00,1643107,2026-08-23T20:40:00Z,2026-08-23T20:33:01Z,2026-08-23T22:26:14Z,finished,best_of,3,Moscow Cyber Games,Group Stage,137932,ex-RUBY,138963,Black Phoenix,138963,,,,,,,,ex-RUBY,ex-RUBY,138963,Black Phoenix,loss,0,,
637,paper_v2,value_3pp,2026-08-23T21:15:51+00:00,skipped_roster_uncertain,,,137708,,0.0,0.603189343402548,,,,,4319,2026-08-23T21:15:40+00:00,cs2_team_v2,137708,0.603189343402548,0.39681065659745196,win,2026-08-24T09:50:11+00:00,1633231,2026-08-24T08:00:00Z,2026-08-24T08:03:17Z,2026-08-24T09:41:04Z,finished,best_of,3,NODWIN Clutch Series,Group Stage,137708,BET-M 33,133988,HyperSpirit,137708,,,,,,,,BET-M 33,BET-M 33,137708,BET-M 33,win,0,,
638,paper_v2,value_3pp,2026-08-23T21:15:51+00:00,skipped_low_odds,MelBet,2026-08-23T21:15:20+00:00,133725,1.071,0.0,0.7483364255066361,0.8673026886383348,-0.11896626313169867,,,4325,2026-08-23T21:15:40+00:00,cs2_team_v2,133725,0.7483364255066361,0.25166357449336385,loss,2026-08-24T16:30:10+00:00,1640088,2026-08-24T13:00:00Z,2026-08-24T13:06:15Z,2026-08-24T16:25:18Z,finished,best_of,3,United21,Group D,133725,Alliance,137580, Phantom Academy,137580,,,,,,,,Alliance,Alliance,137580, Phantom Academy,loss,0,,
639,paper_v2,value_3pp,2026-08-23T21:15:51+00:00,skipped_roster_uncertain,,,138284,,0.0,0.5995498752337818,,,,,4331,2026-08-23T21:15:41+00:00,cs2_team_v2,138284,0.4004501247662183,0.5995498752337818,win,2026-08-24T14:50:28+00:00,1645138,2026-08-24T12:40:00Z,2026-08-24T12:42:40Z,2026-08-24T14:41:41Z,finished,best_of,3,Moscow Cyber Games,Group B,137155,Kaleido Gaming,138284,5star,138284,,,,,,,,5star,5star,138284,5star,win,0,,
640,paper_v2,value_3pp,2026-08-23T21:15:51+00:00,skipped_roster_uncertain,,,134264,,0.0,0.5395251600038675,,,,,4342,2026-08-23T21:15:41+00:00,cs2_team_v2,134264,0.46047483999613253,0.5395251600038675,loss,2026-08-24T11:30:10+00:00,1649016,2026-08-24T10:10:00Z,2026-08-24T10:16:44Z,2026-08-24T11:25:52Z,finished,best_of,3,IEM,Playoffs,138151,NEXVOID,134264,Chinggis Warriors,138151,,,,,,,,Chinggis Warriors,Chinggis Warriors,138151,NEXVOID,loss,0,,
641,paper_v2,value_3pp,2026-08-23T21:15:51+00:00,skipped_roster_uncertain,,,138284,,0.0,0.5995245535599928,,,,,4348,2026-08-23T21:15:42+00:00,cs2_team_v2,138284,0.5995245535599928,0.4004754464400072,loss,2026-08-24T11:40:48+00:00,1649017,2026-08-24T10:10:00Z,2026-08-24T10:14:21Z,2026-08-24T11:30:51Z,finished,best_of,3,IEM,Playoffs,138284,5star,137155,Kaleido Gaming,137155,,,,,,,,5star,5star,137155,Kaleido Gaming,loss,0,,
642,paper_v2,value_3pp,2026-08-23T21:15:51+00:00,skipped_roster_uncertain,,,133988,,0.0,0.5046352496393032,,,,,4364,2026-08-23T21:15:43+00:00,cs2_team_v2,133988,0.49536475036069677,0.5046352496393032,win,2026-08-24T12:50:09+00:00,1630702,2026-08-24T11:00:00Z,2026-08-24T11:03:58Z,2026-08-24T12:42:53Z,finished,best_of,3,CCT Europe,Group Stage,127911,MASONIC,133988,HyperSpirit,133988,,,,,,,,HyperSpirit,HyperSpirit,133988,HyperSpirit,win,0,,
643,paper_v2,value_3pp,2026-08-23T21:15:51+00:00,skipped_roster_uncertain,,,138370,,0.0,0.6343285786657449,,,,,4370,2026-08-23T21:15:43+00:00,cs2_team_v2,138370,0.6343285786657449,0.3656714213342551,win,2026-08-24T13:50:09+00:00,1632637,2026-08-24T11:15:00Z,2026-08-24T11:16:53Z,2026-08-24T13:43:32Z,finished,best_of,3,Exort Fiesta,Group Stage,138370,Lavked,134405,Vexar,138370,,,,,,,,Lavked,Lavked,138370,Lavked,win,0,,
644,paper_v2,value_3pp,2026-08-23T21:15:51+00:00,skipped_no_value,MelBet,2026-08-23T21:15:20+00:00,138617,1.7,0.0,0.5218868679816627,0.5525138194261647,-0.030626951444502004,,,4376,2026-08-23T21:15:43+00:00,cs2_team_v2,138617,0.5218868679816627,0.4781131320183373,win,2026-08-24T13:00:28+00:00,1633232,2026-08-24T11:00:00Z,2026-08-24T11:07:42Z,2026-08-24T12:58:13Z,finished,best_of,3,NODWIN Clutch Series,Group Stage,138617,INOX Division,138975,Butterfly,138617,,,,,,,,INOX Division,INOX Division,138617,INOX Division,win,0,,
645,paper_v2,value_3pp,2026-08-23T21:15:51+00:00,skipped_no_line,,,138660,,0.0,0.5225518378998439,,,,,4382,2026-08-23T21:15:43+00:00,cs2_team_v2,138660,0.5225518378998439,0.47744816210015606,loss,2026-08-24T16:30:10+00:00,1630703,2026-08-24T14:00:00Z,2026-08-24T14:02:09Z,2026-08-24T16:23:13Z,finished,best_of,3,CCT Europe,Group Stage,138660,WRAITH PCIFIC,136934,Bushido Wildcats,136934,,,,,,,,WRAITH PCIFIC,WRAITH PCIFIC,136934,Bushido Wildcats,loss,0,,
646,paper_v2,value_3pp,2026-08-23T21:15:51+00:00,skipped_roster_uncertain,,,137028,,0.0,0.6710630835769952,,,,,4388,2026-08-23T21:15:44+00:00,cs2_team_v2,137028,0.3289369164230048,0.6710630835769952,win,2026-08-24T15:50:10+00:00,1632638,2026-08-24T14:10:00Z,2026-08-24T14:14:14Z,2026-08-24T15:47:09Z,finished,best_of,3,Exort Fiesta,Group Stage,137508,Falcons Force,137028,Endless Journey,137028,,,,,,,,Endless Journey,Endless Journey,137028,Endless Journey,win,0,,
647,paper_v2,value_3pp,2026-08-23T21:15:51+00:00,skipped_roster_uncertain,,,128519,,0.0,0.6987223167971961,,,,,4394,2026-08-23T21:15:44+00:00,cs2_team_v2,128519,0.6987223167971961,0.3012776832028039,loss,2026-08-24T16:50:28+00:00,1633233,2026-08-24T14:00:00Z,2026-08-24T14:11:16Z,2026-08-24T16:42:23Z,finished,best_of,3,NODWIN Clutch Series,Group Stage,128519,GenOne,133269,Leo Team,133269,,,,,,,,GenOne,GenOne,133269,Leo Team,loss,0,,
648,paper_v2,value_3pp,2026-08-23T21:15:51+00:00,skipped_no_line,,,126452,,0.0,0.6565571758863706,,,,,4400,2026-08-23T21:15:44+00:00,cs2_team_v2,126452,0.6565571758863706,0.34344282411362936,win,2026-08-24T17:50:25+00:00,1649019,2026-08-24T16:15:00Z,2026-08-24T16:17:12Z,2026-08-24T16:49:26Z,finished,best_of,1,IEM,Playoffs,126452,100 Thieves,138617,INOX Division,126452,,,,,,,,100 Thieves,100 Thieves,126452,100 Thieves,win,0,,
649,paper_v2,value_3pp,2026-08-23T21:15:51+00:00,skipped_roster_uncertain,,,137932,,0.0,0.5734880873205755,,,,,4406,2026-08-23T21:15:45+00:00,cs2_team_v2,137932,0.42651191267942445,0.5734880873205755,loss,2026-08-24T17:30:19+00:00,1649020,2026-08-24T16:20:00Z,2026-08-24T16:18:30Z,2026-08-24T17:09:10Z,finished,best_of,1,IEM,Playoffs,129413,Eternal Fire,137932,ex-RUBY,129413,,,,,,,,ex-RUBY,ex-RUBY,129413,Eternal Fire,loss,0,,
650,paper_v2,value_3pp,2026-08-23T21:15:51+00:00,skipped_no_line,,,124522,,0.0,0.5411271295832645,,,,,4412,2026-08-23T21:15:45+00:00,cs2_team_v2,124522,0.45887287041673547,0.5411271295832645,win,2026-08-24T17:50:25+00:00,1649022,2026-08-24T16:15:00Z,2026-08-24T16:17:32Z,2026-08-24T17:08:34Z,finished,best_of,1,IEM,Playoffs,130570,QUAZAR,124522,Nemiga,124522,,,,,,,,Nemiga,Nemiga,124522,Nemiga,win,0,,
651,paper_v2,value_3pp,2026-08-23T21:15:51+00:00,skipped_no_line,,,138830,,0.0,0.5373102615027863,,,,,4418,2026-08-23T21:15:45+00:00,cs2_team_v2,138830,0.5373102615027863,0.46268973849721373,loss,2026-08-24T17:30:19+00:00,1649023,2026-08-24T16:25:00Z,2026-08-24T16:28:10Z,2026-08-24T17:09:31Z,finished,best_of,1,IEM,Playoffs,138830,ECHO,133542,CYBERSHOKE Esports,133542,,,,,,,,ECHO,ECHO,133542,CYBERSHOKE Esports,loss,0,,
652,paper_v2,value_3pp,2026-08-23T21:15:51+00:00,skipped_no_line,,,135673,,0.0,0.7983426882134231,,,,,4424,2026-08-23T21:15:46+00:00,cs2_team_v2,135673,0.7983426882134231,0.20165731178657686,win,2026-08-24T17:30:19+00:00,1649024,2026-08-24T16:15:00Z,2026-08-24T16:16:31Z,2026-08-24T17:05:25Z,finished,best_of,1,IEM,Playoffs,135673,Nuclear TigeRES,128766,Spirit Academy,135673,,,,,,,,Nuclear TigeRES,Nuclear TigeRES,135673,Nuclear TigeRES,win,0,,
653,paper_v2,value_3pp,2026-08-23T21:15:51+00:00,skipped_no_line,,,138963,,0.0,0.6484498497218594,,,,,4440,2026-08-23T21:15:47+00:00,cs2_team_v2,138963,0.6484498497218594,0.3515501502781406,win,2026-08-24T19:10:16+00:00,1630704,2026-08-24T17:00:00Z,2026-08-24T17:08:02Z,2026-08-24T19:05:53Z,finished,best_of,3,CCT Europe,Group Stage,138963,Black Phoenix,125774,HAVU,138963,,,,,,,,Black Phoenix,Black Phoenix,138963,Black Phoenix,win,0,,
654,paper_v2,value_3pp,2026-08-23T21:15:51+00:00,skipped_no_line,,,136934,,0.0,0.5782577657942993,,,,,4446,2026-08-23T21:15:47+00:00,cs2_team_v2,136934,0.5782577657942993,0.4217422342057007,win,2026-08-24T18:50:28+00:00,1632639,2026-08-24T17:15:00Z,2026-08-24T17:16:45Z,2026-08-24T18:47:25Z,finished,best_of,3,Exort Fiesta,Group Stage,136934,Bushido Wildcats,128887,Honvéd,136934,,,,,,,,Bushido Wildcats,Bushido Wildcats,136934,Bushido Wildcats,win,0,,
655,paper_v2,value_3pp,2026-08-23T21:15:51+00:00,win,MelBet,2026-08-23T21:15:20+00:00,137500,1.75,1000.0,0.7103772278421098,0.527027027027027,0.1833502008150828,750.0,2026-08-24T20:00:29+00:00,4452,2026-08-23T21:15:47+00:00,cs2_team_v2,137500,0.7103772278421098,0.28962277215789023,win,2026-08-24T20:00:28+00:00,1633234,2026-08-24T17:00:00Z,2026-08-24T17:10:46Z,2026-08-24T19:59:48Z,finished,best_of,3,NODWIN Clutch Series,Group Stage,137500,CYBERSHOKE Prospects,137703,ex-Zero Tenacity,137500,43,26,@metascope_ai,152,2026-08-23T21:16:07+00:00,153,2026-08-24T20:01:13+00:00,CYBERSHOKE Prospects,CYBERSHOKE Prospects,137500,CYBERSHOKE Prospects,win,1,102921.0,103671.0
656,paper_v2,value_3pp,2026-08-23T21:15:51+00:00,skipped_roster_uncertain,,,137473,,0.0,0.6076281563089558,,,,,4458,2026-08-23T21:15:48+00:00,cs2_team_v2,137473,0.6076281563089558,0.39237184369104416,win,2026-08-24T19:00:13+00:00,1640744,2026-08-24T17:55:00Z,2026-08-24T17:56:18Z,2026-08-24T18:31:58Z,finished,best_of,1,ESEA,Regular Season,137473,OldBoys,138163,Younglings,137473,,,,,,,,OldBoys,OldBoys,137473,OldBoys,win,0,,
657,paper_v2,value_3pp,2026-08-23T21:15:51+00:00,skipped_roster_uncertain,,,135505,,0.0,0.768042034134054,,,,,4474,2026-08-23T21:15:49+00:00,cs2_team_v2,135505,0.768042034134054,0.23195796586594597,win,2026-08-24T22:00:10+00:00,1645139,2026-08-24T19:20:00Z,2026-08-24T19:23:11Z,2026-08-24T21:57:03Z,finished,best_of,3,Gamers Club Liga Série A,Group D,135505,RED Canids Academy,131849,paiN Academy,135505,,,,,,,,RED Canids Academy,RED Canids Academy,135505,RED Canids Academy,win,0,,
658,paper_v2,value_3pp,2026-08-24T21:15:59+00:00,skipped_roster_uncertain,,,137932,,0.0,0.5424749476607038,,,,,4490,2026-08-24T21:15:48+00:00,cs2_team_v2,137932,0.5424749476607038,0.4575250523392962,loss,2026-08-25T11:30:09+00:00,1633244,2026-08-25T08:00:00Z,2026-08-25T08:08:38Z,2026-08-25T11:22:34Z,finished,best_of,3,NODWIN Clutch Series,Group Stage,137932,ex-RUBY,138963,Black Phoenix,138963,,,,,,,,ex-RUBY,ex-RUBY,138963,Black Phoenix,loss,0,,
659,paper_v2,value_3pp,2026-08-24T21:15:59+00:00,skipped_no_line,,,138284,,0.0,0.5830309588605114,,,,,4506,2026-08-24T21:15:49+00:00,cs2_team_v2,138284,0.41696904113948857,0.5830309588605114,win,2026-08-25T12:30:09+00:00,1648104,2026-08-25T09:10:00Z,2026-08-25T09:19:04Z,2026-08-25T12:22:03Z,finished,best_of,3,Moscow Cyber Games,Playoffs,130329,Rare Atom,138284,5star,138284,,,,,,,,5star,5star,138284,5star,win,0,,
660,paper_v2,value_3pp,2026-08-24T21:15:59+00:00,skipped_roster_uncertain,,,138894,,0.0,0.5185767075183629,,,,,4512,2026-08-24T21:15:49+00:00,cs2_team_v2,138894,0.4814232924816371,0.5185767075183629,win,2026-08-25T12:20:28+00:00,1640080,2026-08-25T10:45:00Z,2026-08-25T10:53:20Z,2026-08-25T12:07:57Z,finished,best_of,3,United21,Group B,137967,ReThink,138894,FaZe Up Next,138894,,,,,,,,FaZe Up Next,FaZe Up Next,138894,FaZe Up Next,win,0,,
661,paper_v2,value_3pp,2026-08-24T21:15:59+00:00,skipped_roster_uncertain,,,133063,,0.0,0.519338067482048,,,,,4518,2026-08-24T21:15:49+00:00,cs2_team_v2,133063,0.4806619325179519,0.519338067482048,loss,2026-08-25T13:10:27+00:00,1630705,2026-08-25T11:00:00Z,2026-08-25T11:00:22Z,2026-08-25T13:07:27Z,finished,best_of,3,CCT Europe,Group Stage,133269,Leo Team,133063,UNiTY esports,133269,,,,,,,,UNiTY esports,UNiTY esports,133269,Leo Team,loss,0,,
662,paper_v2,value_3pp,2026-08-24T21:15:59+00:00,skipped_no_value,MelBet,2026-08-24T21:15:24+00:00,137703,1.58,0.0,0.5038951579224601,0.5929933024214322,-0.08909814449897213,,,4524,2026-08-24T21:15:50+00:00,cs2_team_v2,137703,0.4961048420775399,0.5038951579224601,win,2026-08-25T13:30:09+00:00,1632641,2026-08-25T11:30:00Z,2026-08-25T11:37:30Z,2026-08-25T13:23:25Z,finished,best_of,3,Exort Fiesta,Group Stage,138963,Black Phoenix,137703,ex-Zero Tenacity,137703,,,,,,,,ex-Zero Tenacity,ex-Zero Tenacity,137703,ex-Zero Tenacity,win,0,,
663,paper_v2,value_3pp,2026-08-24T21:15:59+00:00,skipped_roster_uncertain,,,133269,,0.0,0.652180459097832,,,,,4530,2026-08-24T21:15:50+00:00,cs2_team_v2,133269,0.652180459097832,0.34781954090216805,loss,2026-08-25T12:30:09+00:00,1633245,2026-08-25T11:00:00Z,,,canceled,best_of,3,NODWIN Clutch Series,Group Stage,133269,Leo Team,138101,Inner Circle Academy,138101,,,,,,,,Leo Team,Leo Team,138101,Inner Circle Academy,loss,0,,
664,paper_v2,value_3pp,2026-08-24T21:15:59+00:00,skipped_no_line,,,124522,,0.0,0.5276385272558283,,,,,4536,2026-08-24T21:15:50+00:00,cs2_team_v2,124522,0.47236147274417173,0.5276385272558283,loss,2026-08-25T14:50:29+00:00,1648077,2026-08-25T12:15:00Z,2026-08-25T12:17:49Z,2026-08-25T14:41:13Z,finished,best_of,3,Moscow Cyber Games,Group Stage,126944,1WIN,124522,Nemiga,126944,,,,,,,,Nemiga,Nemiga,126944,1WIN,loss,0,,
665,paper_v2,value_3pp,2026-08-24T21:15:59+00:00,skipped_roster_uncertain,,,137155,,0.0,0.6354234118865119,,,,,4557,2026-08-24T21:15:51+00:00,cs2_team_v2,137155,0.6354234118865119,0.36457658811348814,loss,2026-08-25T14:30:30+00:00,1650448,2026-08-25T13:00:00Z,2026-08-25T13:05:15Z,2026-08-25T14:15:45Z,finished,best_of,3,ESL Challenger League,Playoffs,137155,Kaleido Gaming,136330,Just Swing,136330,,,,,,,,Kaleido Gaming,Kaleido Gaming,136330,Just Swing,loss,0,,
666,paper_v2,value_3pp,2026-08-24T21:15:59+00:00,skipped_roster_uncertain,,,134264,,0.0,0.569379405395938,,,,,4578,2026-08-24T21:15:52+00:00,cs2_team_v2,134264,0.569379405395938,0.430620594604062,win,2026-08-25T15:30:29+00:00,1650452,2026-08-25T13:10:00Z,2026-08-25T13:15:45Z,2026-08-25T15:28:14Z,finished,best_of,3,ESL Challenger League,Playoffs,134264,Chinggis Warriors,138283,Haunted House,134264,,,,,,,,Chinggis Warriors,Chinggis Warriors,134264,Chinggis Warriors,win,0,,
667,paper_v2,value_3pp,2026-08-24T21:15:59+00:00,skipped_roster_uncertain,,,138974,,0.0,0.638892915724103,,,,,4589,2026-08-24T21:15:53+00:00,cs2_team_v2,138974,0.361107084275897,0.638892915724103,win,2026-08-25T15:50:28+00:00,1630706,2026-08-25T14:00:00Z,2026-08-25T14:00:13Z,2026-08-25T15:45:56Z,finished,best_of,3,CCT Europe,Group Stage,135321,G2 Ares,138974,ex-RUSTEC,138974,,,,,,,,ex-RUSTEC,ex-RUSTEC,138974,ex-RUSTEC,win,0,,
668,paper_v2,value_3pp,2026-08-24T21:15:59+00:00,skipped_roster_uncertain,,,137932,,0.0,0.617644166911934,,,,,4605,2026-08-24T21:15:53+00:00,cs2_team_v2,137932,0.617644166911934,0.382355833088066,win,2026-08-25T17:00:12+00:00,1648078,2026-08-25T15:10:00Z,2026-08-25T15:18:53Z,2026-08-25T16:56:50Z,finished,best_of,3,Moscow Cyber Games,Group Stage,137932,ex-RUBY,137708,BET-M 33,137932,,,,,,,,ex-RUBY,ex-RUBY,137932,ex-RUBY,win,0,,
669,paper_v2,value_3pp,2026-08-24T21:15:59+00:00,skipped_roster_uncertain,,,137511,,0.0,0.5976791529927589,,,,,4626,2026-08-24T21:15:54+00:00,cs2_team_v2,137511,0.5976791529927589,0.40232084700724113,loss,2026-08-25T18:30:10+00:00,1633247,2026-08-25T17:00:00Z,,,canceled,best_of,3,NODWIN Clutch Series,Group Stage,137511,illwill,128887,Honvéd,128887,,,,,,,,illwill,illwill,128887,Honvéd,loss,0,,
670,paper_v2,value_3pp,2026-08-24T21:15:59+00:00,skipped_roster_uncertain,,,135298,,0.0,0.6026400341857615,,,,,4637,2026-08-24T21:15:55+00:00,cs2_team_v2,135298,0.6026400341857615,0.3973599658142385,win,2026-08-25T21:30:13+00:00,1648079,2026-08-25T18:10:00Z,2026-08-25T18:19:20Z,2026-08-25T21:28:46Z,finished,best_of,3,Moscow Cyber Games,Group Stage,135298,K27,136659,SPARTA,135298,,,,,,,,K27,K27,135298,K27,win,0,,
671,paper_v2,value_3pp,2026-08-24T21:15:59+00:00,skipped_roster_uncertain,,,3225,,0.0,0.8162377831966192,,,,,4653,2026-08-24T21:15:56+00:00,cs2_team_v2,3225,0.18376221680338084,0.8162377831966192,win,2026-08-25T23:50:09+00:00,1650477,2026-08-25T21:00:00Z,2026-08-25T21:03:33Z,2026-08-25T23:45:57Z,finished,best_of,3,ESL Challenger League,Playoffs,131538,Yawara Esports,3225,Keyd,3225,,,,,,,,Keyd,Keyd,3225,Keyd,win,0,,
672,paper_v2,value_3pp,2026-08-24T21:15:59+00:00,skipped_roster_uncertain,,,134355,,0.0,0.7273121825077418,,,,,4664,2026-08-24T21:15:56+00:00,cs2_team_v2,134355,0.2726878174922582,0.7273121825077418,win,2026-08-26T00:20:27+00:00,1650479,2026-08-25T21:10:00Z,2026-08-25T21:24:02Z,2026-08-26T00:18:27Z,finished,best_of,3,ESL Challenger League,Playoffs,138886,BORRACHEIROS,134355,Galorys,134355,,,,,,,,Galorys,Galorys,134355,Galorys,win,0,,
673,paper_v2,value_3pp,2026-08-24T21:15:59+00:00,skipped_low_odds,MelBet,2026-08-24T21:15:24+00:00,135468,1.34,0.0,0.8048906575376888,0.7012263099219621,0.10366434761572674,,,4670,2026-08-24T21:15:57+00:00,cs2_team_v2,135468,0.8048906575376888,0.19510934246231115,win,2026-08-25T23:10:19+00:00,1650480,2026-08-25T21:00:00Z,2026-08-25T21:10:02Z,2026-08-25T23:03:16Z,finished,best_of,3,ESL Challenger League,Playoffs,135468,ShindeN,138276,ALKA GAMING,135468,,,,,,,,ShindeN,ShindeN,135468,ShindeN,win,0,,
674,paper_v2,value_3pp,2026-08-24T21:15:59+00:00,loss,MelBet,2026-08-24T21:15:24+00:00,125863,1.87,1000.0,0.5736813954170094,0.5,0.07368139541700935,-1000.0,2026-08-25T22:50:45+00:00,4681,2026-08-24T21:15:57+00:00,cs2_team_v2,125863,0.5736813954170094,0.42631860458299065,loss,2026-08-25T22:50:44+00:00,1650482,2026-08-25T21:00:00Z,2026-08-25T21:01:54Z,2026-08-25T22:44:27Z,finished,best_of,3,ESL Challenger League,Playoffs,125863,Isurus,131253,ODDIK,131253,44,27,@metascope_ai,155,2026-08-24T21:16:19+00:00,158,2026-08-25T22:50:48+00:00,Isurus,Isurus,131253,ODDIK,loss,1,103671.0,102671.0
675,paper_v2,value_3pp,2026-08-24T21:15:59+00:00,skipped_roster_uncertain,,,126377,,0.0,0.7955041022290348,,,,,4687,2026-08-24T21:15:57+00:00,cs2_team_v2,126377,0.20449589777096525,0.7955041022290348,win,2026-08-25T22:40:17+00:00,1650483,2026-08-25T21:00:00Z,2026-08-25T21:08:50Z,2026-08-25T22:36:47Z,finished,best_of,3,ESL Challenger League,Playoffs,131849,paiN Academy,126377,Imperial,126377,,,,,,,,Imperial,Imperial,126377,Imperial,win,0,,
676,paper_v2,value_3pp,2026-08-25T21:16:02+00:00,skipped_roster_uncertain,,,132891,,0.0,0.6437067517865142,,,,,4723,2026-08-25T21:15:50+00:00,cs2_team_v2,132891,0.6437067517865142,0.35629324821348585,loss,2026-08-26T03:50:09+00:00,1650512,2026-08-26T01:15:00Z,2026-08-26T01:12:01Z,2026-08-26T03:47:52Z,finished,best_of,3,ESL Challenger League,Playoffs,132891,Zomblers,138421,EMPIRE,138421,,,,,,,,Zomblers,Zomblers,138421,EMPIRE,loss,0,,
677,paper_v2,value_3pp,2026-08-25T21:16:02+00:00,skipped_roster_uncertain,,,138617,,0.0,0.6767332888419819,,,,,4734,2026-08-25T21:15:51+00:00,cs2_team_v2,138617,0.6767332888419819,0.3232667111580181,win,2026-08-26T11:20:10+00:00,1633252,2026-08-26T08:00:00Z,2026-08-26T08:07:12Z,2026-08-26T11:11:48Z,finished,best_of,3,NODWIN Clutch Series,Group Stage,138617,INOX Division,136659,SPARTA,138617,,,,,,,,INOX Division,INOX Division,138617,INOX Division,win,0,,
678,paper_v2,value_3pp,2026-08-25T21:16:02+00:00,skipped_no_value,MelBet,2026-08-25T21:15:21+00:00,131505,1.93,0.0,0.5201547085484902,0.4921052631578948,0.028049445390595396,,,4745,2026-08-25T21:15:51+00:00,cs2_team_v2,131505,0.5201547085484902,0.4798452914515098,loss,2026-08-26T11:20:10+00:00,1640187,2026-08-26T09:00:00Z,2026-08-26T09:03:50Z,2026-08-26T11:14:55Z,finished,best_of,3,BLAST Open,Group A,131505,Aurora Gaming,3210,G2,3210,,,,,,,,Aurora Gaming,Aurora Gaming,3210,G2,loss,0,,
679,paper_v2,value_3pp,2026-08-25T21:16:02+00:00,skipped_roster_uncertain,,,135214,,0.0,0.5634672514817485,,,,,4751,2026-08-25T21:15:51+00:00,cs2_team_v2,135214,0.43653274851825147,0.5634672514817485,win,2026-08-26T10:50:31+00:00,1648105,2026-08-26T09:10:00Z,2026-08-26T09:15:26Z,2026-08-26T10:41:50Z,finished,best_of,3,Moscow Cyber Games,Playoffs,133900,The Huns Esports,135214,Alter Ego,135214,,,,,,,,Alter Ego,Alter Ego,135214,Alter Ego,win,0,,
680,paper_v2,value_3pp,2026-08-25T21:16:02+00:00,win,MelBet,2026-08-25T21:15:21+00:00,131110,1.71,1000.0,0.6444856029895982,0.5415549597855228,0.10293064320407541,710.0,2026-08-26T12:00:11+00:00,4757,2026-08-25T21:15:52+00:00,cs2_team_v2,131110,0.35551439701040183,0.6444856029895982,win,2026-08-26T12:00:10+00:00,1650128,2026-08-26T09:20:00Z,2026-08-26T09:21:08Z,2026-08-26T11:58:48Z,finished,best_of,3,ESL Challenger League,Playoffs,133333,Arcade Esports,131110,Mindfreak,131110,45,28,@metascope_ai,157,2026-08-25T21:16:22+00:00,159,2026-08-26T12:00:14+00:00,Mindfreak,Mindfreak,131110,Mindfreak,win,1,102671.0,103381.0
681,paper_v2,value_3pp,2026-08-25T21:16:02+00:00,skipped_roster_uncertain,,,133725,,0.0,0.7030714866573045,,,,,4773,2026-08-25T21:15:52+00:00,cs2_team_v2,133725,0.7030714866573045,0.29692851334269554,loss,2026-08-26T12:10:27+00:00,1640090,2026-08-26T10:40:00Z,2026-08-26T10:37:45Z,2026-08-26T12:02:12Z,finished,best_of,3,United21,Group D,133725,Alliance,139013,Teletubisie,139013,,,,,,,,Alliance,Alliance,139013,Teletubisie,loss,0,,
682,paper_v2,value_3pp,2026-08-25T21:16:02+00:00,skipped_no_line,,,137508,,0.0,0.5232040228278423,,,,,4779,2026-08-25T21:15:53+00:00,cs2_team_v2,137508,0.5232040228278423,0.4767959771721577,loss,2026-08-26T14:50:29+00:00,1632643,2026-08-26T11:20:00Z,2026-08-26T11:23:21Z,2026-08-26T14:50:13Z,finished,best_of,3,Exort Fiesta,Group Stage,137508,Falcons Force,134405,Vexar,134405,,,,,,,,Falcons Force,Falcons Force,134405,Vexar,loss,0,,
683,paper_v2,value_3pp,2026-08-25T21:16:02+00:00,skipped_roster_uncertain,,,137703,,0.0,0.6744707228458047,,,,,4785,2026-08-25T21:15:53+00:00,cs2_team_v2,137703,0.6744707228458047,0.32552927715419533,loss,2026-08-26T14:30:30+00:00,1633258,2026-08-26T11:30:00Z,2026-08-26T11:37:35Z,2026-08-26T14:21:44Z,finished,best_of,3,NODWIN Clutch Series,Group Stage,137703,ex-Zero Tenacity,133988,HyperSpirit,133988,,,,,,,,ex-Zero Tenacity,ex-Zero Tenacity,133988,HyperSpirit,loss,0,,
684,paper_v2,value_3pp,2026-08-25T21:16:02+00:00,skipped_no_line,,,130329,,0.0,0.5783217152722955,,,,,4806,2026-08-25T21:15:54+00:00,cs2_team_v2,130329,0.42167828472770447,0.5783217152722955,win,2026-08-26T14:40:26+00:00,1650455,2026-08-26T13:00:00Z,2026-08-26T13:07:02Z,2026-08-26T14:33:34Z,finished,best_of,3,ESL Challenger League,Playoffs,136330,Just Swing,130329,Rare Atom,130329,,,,,,,,Rare Atom,Rare Atom,130329,Rare Atom,win,0,,
685,paper_v2,value_3pp,2026-08-25T21:16:02+00:00,skipped_roster_uncertain,,,135214,,0.0,0.5760674279380121,,,,,4812,2026-08-25T21:15:54+00:00,cs2_team_v2,135214,0.42393257206198787,0.5760674279380121,loss,2026-08-26T15:30:27+00:00,1650456,2026-08-26T13:00:00Z,2026-08-26T13:06:56Z,2026-08-26T15:26:35Z,finished,best_of,3,ESL Challenger League,Playoffs,138151,NEXVOID,135214,Alter Ego,138151,,,,,,,,Alter Ego,Alter Ego,138151,NEXVOID,loss,0,,
686,paper_v2,value_3pp,2026-08-25T21:16:02+00:00,skipped_roster_uncertain,,,138284,,0.0,0.5244521036982086,,,,,4838,2026-08-25T21:15:56+00:00,cs2_team_v2,138284,0.47554789630179134,0.5244521036982086,win,2026-08-26T14:50:29+00:00,1650465,2026-08-26T13:20:00Z,2026-08-26T13:23:11Z,2026-08-26T14:45:29Z,finished,best_of,3,ESL Challenger League,Playoffs,138283,Haunted House,138284,5star,138284,,,,,,,,5star,5star,138284,5star,win,0,,
687,paper_v2,value_3pp,2026-08-25T21:16:02+00:00,skipped_low_odds,MelBet,2026-08-25T21:15:21+00:00,3216,1.185,0.0,0.6567467848142146,0.7999999999999999,-0.14325321518578538,,,4854,2026-08-25T21:15:56+00:00,cs2_team_v2,3216,0.6567467848142146,0.34325321518578544,loss,2026-08-26T17:20:37+00:00,1640189,2026-08-26T14:25:00Z,2026-08-26T14:29:05Z,2026-08-26T17:13:45Z,finished,best_of,3,BLAST Open,Group A,3216,Natus Vincere,133435,M80,133435,,,,,,,,Natus Vincere,Natus Vincere,133435,M80,loss,0,,
688,paper_v2,value_3pp,2026-08-25T21:16:02+00:00,skipped_roster_uncertain,,,137075,,0.0,0.5448510268499647,,,,,4865,2026-08-25T21:15:57+00:00,cs2_team_v2,137075,0.5448510268499647,0.45514897315003533,win,2026-08-26T16:30:29+00:00,1646570,2026-08-26T15:00:00Z,2026-08-26T15:09:16Z,2026-08-26T16:22:54Z,finished,best_of,3,Monsters Reloaded,Playoffs,137075,Misa Esports,130059,Eternal Fire Academy,137075,,,,,,,,Misa Esports,Misa Esports,137075,Misa Esports,win,0,,
689,paper_v2,value_3pp,2026-08-25T21:16:02+00:00,skipped_roster_uncertain,,,136934,,0.0,0.6896166734134849,,,,,4881,2026-08-25T21:15:58+00:00,cs2_team_v2,136934,0.6896166734134849,0.31038332658651513,loss,2026-08-26T17:30:28+00:00,1630196,2026-08-26T16:00:00Z,,,canceled,best_of,1,ESEA,Regular Season,136934,Bushido Wildcats,137356,JUMBO TEAM,137356,,,,,,,,Bushido Wildcats,Bushido Wildcats,137356,JUMBO TEAM,loss,0,,
690,paper_v2,value_3pp,2026-08-25T21:16:02+00:00,skipped_roster_uncertain,,,126491,,0.0,0.52407966177551,,,,,4892,2026-08-25T21:15:58+00:00,cs2_team_v2,126491,0.52407966177551,0.47592033822449,win,2026-08-29T20:30:27+00:00,1634176,2026-08-29T19:15:00Z,2026-08-29T19:18:24Z,2026-08-29T20:02:36Z,finished,best_of,1,ESEA,Regular Season,126491,NAVI Junior,138694,Dark Moon,126491,,,,,,,,NAVI Junior,NAVI Junior,126491,NAVI Junior,win,0,,
691,paper_v2,value_3pp,2026-08-25T21:16:02+00:00,skipped_low_odds,MelBet,2026-08-25T21:15:21+00:00,124530,1.18,0.0,0.637435106984764,0.8039867109634551,-0.16655160397869107,,,4898,2026-08-25T21:15:58+00:00,cs2_team_v2,124530,0.637435106984764,0.362564893015236,win,2026-08-26T19:40:27+00:00,1640190,2026-08-26T17:55:00Z,2026-08-26T18:00:46Z,2026-08-26T19:34:35Z,finished,best_of,3,BLAST Open,Group A,124530,FURIA,125751,paiN,124530,,,,,,,,FURIA,FURIA,124530,FURIA,win,0,,
692,paper_v2,value_3pp,2026-08-25T21:16:02+00:00,skipped_roster_uncertain,,,137703,,0.0,0.6053673890708552,,,,,4904,2026-08-25T21:15:59+00:00,cs2_team_v2,137703,0.6053673890708552,0.3946326109291448,win,2026-08-26T19:30:28+00:00,1632645,2026-08-26T17:35:00Z,2026-08-26T17:35:59Z,2026-08-26T19:29:02Z,finished,best_of,3,Exort Fiesta,Group Stage,137703,ex-Zero Tenacity,128887,Honvéd,137703,,,,,,,,ex-Zero Tenacity,ex-Zero Tenacity,137703,ex-Zero Tenacity,win,0,,
693,paper_v2,value_3pp,2026-08-25T21:16:02+00:00,skipped_roster_uncertain,,,137500,,0.0,0.6993939361623221,,,,,4910,2026-08-25T21:15:59+00:00,cs2_team_v2,137500,0.6993939361623221,0.30060606383767785,loss,2026-08-26T20:30:28+00:00,1633260,2026-08-26T17:20:00Z,2026-08-26T17:24:07Z,2026-08-26T20:27:46Z,finished,best_of,3,NODWIN Clutch Series,Group Stage,139135,UPGRADE,137708,BET-M 33,137708,,,,,,,,,,137708,BET-M 33,loss,0,,
694,paper_v2,value_3pp,2026-08-25T21:16:02+00:00,skipped_roster_uncertain,,,137508,,0.0,0.7045209242954356,,,,,4916,2026-08-25T21:15:59+00:00,cs2_team_v2,137508,0.2954790757045645,0.7045209242954356,win,2026-08-26T20:00:09+00:00,1633159,2026-08-26T18:30:00Z,,,canceled,best_of,1,ESEA,Regular Season,138419,PURE,137508,Falcons Force,137508,,,,,,,,Falcons Force,Falcons Force,137508,Falcons Force,win,0,,
695,paper_v2,value_3pp,2026-08-25T21:16:02+00:00,skipped_roster_uncertain,,,138276,,0.0,0.6362369038178608,,,,,4922,2026-08-25T21:15:59+00:00,cs2_team_v2,138276,0.6362369038178608,0.3637630961821392,win,2026-08-26T20:50:09+00:00,1651144,2026-08-26T19:30:00Z,2026-08-26T19:24:57Z,2026-08-26T20:45:14Z,finished,best_of,3,Gamers Club Liga Série A,Playoffs,138276,ALKA GAMING,138686,Hunters Rising,138276,,,,,,,,ALKA GAMING,ALKA GAMING,138276,ALKA GAMING,win,0,,
696,paper_v2,value_3pp,2026-08-25T21:16:02+00:00,skipped_roster_uncertain,,,135505,,0.0,0.6865753258970073,,,,,4938,2026-08-25T21:16:00+00:00,cs2_team_v2,135505,0.31342467410299263,0.6865753258970073,win,2026-08-26T23:10:09+00:00,1651145,2026-08-26T21:40:00Z,2026-08-26T21:42:09Z,2026-08-26T23:07:40Z,finished,best_of,3,Gamers Club Liga Série A,Playoffs,138524,QUINTESSÊNCIA,135505,RED Canids Academy,135505,,,,,,,,RED Canids Academy,RED Canids Academy,135505,RED Canids Academy,win,0,,
697,paper_v2,value_3pp,2026-08-26T21:15:57+00:00,skipped_roster_uncertain,,,137510,,0.0,0.6576747379187097,,,,,4949,2026-08-26T21:15:46+00:00,cs2_team_v2,137510,0.6576747379187097,0.3423252620812903,win,2026-08-27T02:40:25+00:00,1650514,2026-08-27T01:00:00Z,2026-08-27T01:04:22Z,2026-08-27T02:37:08Z,finished,best_of,3,ESL Challenger League,Playoffs,137510,Voca,138044,FarmVille,137510,,,,,,,,Voca,Voca,137510,Voca,win,0,,
698,paper_v2,value_3pp,2026-08-26T21:15:57+00:00,skipped_low_odds,MelBet,2026-08-26T21:15:21+00:00,136318,1.061,0.0,0.6334404733413039,0.8624043574114901,-0.2289638840701862,,,4960,2026-08-26T21:15:46+00:00,cs2_team_v2,136318,0.6334404733413039,0.36655952665869607,win,2026-08-27T02:40:25+00:00,1650516,2026-08-27T01:10:00Z,2026-08-27T01:14:34Z,2026-08-27T02:34:42Z,finished,best_of,3,ESL Challenger League,Playoffs,136318,Marsborne,138716,Iowa Stormboar,136318,,,,,,,,Marsborne,Marsborne,136318,Marsborne,win,0,,
699,paper_v2,value_3pp,2026-08-26T21:15:57+00:00,skipped_roster_uncertain,,,136064,,0.0,0.6509768082948306,,,,,4966,2026-08-26T21:15:47+00:00,cs2_team_v2,136064,0.3490231917051693,0.6509768082948306,win,2026-08-27T02:30:43+00:00,1650517,2026-08-27T01:00:00Z,2026-08-27T01:04:26Z,2026-08-27T02:29:57Z,finished,best_of,3,ESL Challenger League,Playoffs,138421,EMPIRE,136064,Chicken Coop Esports,136064,,,,,,,,Chicken Coop Esports,Chicken Coop Esports,136064,Chicken Coop Esports,win,0,,
700,paper_v2,value_3pp,2026-08-26T21:15:57+00:00,skipped_no_line,,,137861,,0.0,0.5112241930416556,,,,,4992,2026-08-26T21:15:48+00:00,cs2_team_v2,137861,0.5112241930416556,0.48877580695834444,loss,2026-08-27T10:50:28+00:00,1630711,2026-08-27T08:00:00Z,2026-08-27T08:15:24Z,2026-08-27T10:41:34Z,finished,best_of,3,CCT Europe,Playoffs,137861,STATE,128519,GenOne,128519,,,,,,,,STATE,STATE,128519,GenOne,loss,0,,
701,paper_v2,value_3pp,2026-08-26T21:15:57+00:00,skipped_roster_uncertain,,,137703,,0.0,0.6708416012192226,,,,,4998,2026-08-26T21:15:48+00:00,cs2_team_v2,137703,0.6708416012192226,0.32915839878077735,win,2026-08-27T10:20:11+00:00,1651274,2026-08-27T08:20:00Z,2026-08-27T08:21:06Z,2026-08-27T10:12:01Z,finished,best_of,3,CCT Europe,Group A,137703,ex-Zero Tenacity,138841,WBT,137703,,,,,,,,ex-Zero Tenacity,ex-Zero Tenacity,137703,ex-Zero Tenacity,win,0,,
702,paper_v2,value_3pp,2026-08-26T21:15:57+00:00,skipped_low_odds,MelBet,2026-08-26T21:15:21+00:00,3455,1.1,0.0,0.669133192949479,0.8641975308641975,-0.19506433791471844,,,5004,2026-08-26T21:15:48+00:00,cs2_team_v2,3455,0.669133192949479,0.33086680705052096,loss,2026-08-27T11:10:41+00:00,1640199,2026-08-27T09:00:00Z,2026-08-27T09:02:47Z,2026-08-27T11:08:24Z,finished,best_of,3,BLAST Open,Group B,3455,Vitality,136497,Inner Circle Esports,136497,,,,,,,,Vitality,Vitality,136497,Inner Circle Esports,loss,0,,
703,paper_v2,value_3pp,2026-08-26T21:15:57+00:00,skipped_roster_uncertain,,,124522,,0.0,0.6167314224102091,,,,,5010,2026-08-26T21:15:49+00:00,cs2_team_v2,124522,0.6167314224102091,0.38326857758979094,loss,2026-08-27T21:00:19+00:00,1648087,2026-08-27T18:30:00Z,2026-08-27T18:29:06Z,2026-08-27T20:53:33Z,finished,best_of,3,Moscow Cyber Games,Group Stage,124522,Nemiga,137932,ex-RUBY,137932,,,,,,,,Nemiga,Nemiga,137932,ex-RUBY,loss,0,,
704,paper_v2,value_3pp,2026-08-26T21:15:57+00:00,skipped_no_line,,,124522,,0.0,0.6561627018261204,,,,,5016,2026-08-26T21:15:49+00:00,cs2_team_v2,124522,0.6561627018261204,0.34383729817387965,win,2026-08-27T12:40:10+00:00,1630712,2026-08-27T11:00:00Z,2026-08-27T11:14:31Z,2026-08-27T12:39:44Z,finished,best_of,3,CCT Europe,Playoffs,124522,Nemiga,138963,Black Phoenix,124522,,,,,,,,Nemiga,Nemiga,124522,Nemiga,win,0,,
705,paper_v2,value_3pp,2026-08-26T21:15:57+00:00,skipped_roster_uncertain,,,138370,,0.0,0.5387102696694783,,,,,5022,2026-08-26T21:15:49+00:00,cs2_team_v2,138370,0.46128973033052173,0.5387102696694783,loss,2026-08-27T13:50:48+00:00,1648234,2026-08-27T11:10:00Z,2026-08-27T11:16:26Z,2026-08-27T13:46:21Z,finished,best_of,3,Logitech G Play Connect,Group A,136516,BASEMENT BOYS,138370,Lavked,136516,,,,,,,,Lavked,Lavked,136516,BASEMENT BOYS,loss,0,,
706,paper_v2,value_3pp,2026-08-26T21:15:57+00:00,skipped_roster_uncertain,,,137028,,0.0,0.5751126733137496,,,,,5028,2026-08-26T21:15:49+00:00,cs2_team_v2,137028,0.5751126733137496,0.4248873266862504,loss,2026-08-27T13:20:28+00:00,1651275,2026-08-27T11:10:00Z,2026-08-27T11:13:52Z,2026-08-27T13:11:57Z,finished,best_of,3,CCT Europe,Group A,137028,Endless Journey,125774,HAVU,125774,,,,,,,,Endless Journey,Endless Journey,125774,HAVU,loss,0,,
707,paper_v2,value_3pp,2026-08-26T21:15:57+00:00,skipped_no_value,MelBet,2026-08-26T21:15:21+00:00,3240,1.44,0.0,0.5208201249282487,0.6595744680851063,-0.13875434315685764,,,5034,2026-08-26T21:15:50+00:00,cs2_team_v2,3240,0.5208201249282487,0.4791798750717513,win,2026-08-27T14:00:29+00:00,1640200,2026-08-27T12:00:00Z,2026-08-27T12:03:45Z,2026-08-27T13:53:33Z,finished,best_of,3,BLAST Open,Group B,3240,MOUZ,126709,9z,3240,,,,,,,,MOUZ,MOUZ,3240,MOUZ,win,0,,
708,paper_v2,value_3pp,2026-08-26T21:15:57+00:00,skipped_roster_uncertain,,,136659,,0.0,0.5826902565813649,,,,,5040,2026-08-26T21:15:50+00:00,cs2_team_v2,136659,0.41730974341863514,0.5826902565813649,win,2026-08-27T15:40:24+00:00,1648085,2026-08-27T12:10:00Z,2026-08-27T12:18:39Z,2026-08-27T15:32:45Z,finished,best_of,3,Moscow Cyber Games,Group Stage,132927,Rune Eaters,136659,SPARTA,136659,,,,,,,,SPARTA,SPARTA,136659,SPARTA,win,0,,
709,paper_v2,value_3pp,2026-08-26T21:15:57+00:00,skipped_roster_uncertain,,,135214,,0.0,0.5723254064418,,,,,5051,2026-08-26T21:15:50+00:00,cs2_team_v2,135214,0.5723254064418,0.42767459355820003,win,2026-08-27T15:50:29+00:00,1650467,2026-08-27T13:20:00Z,2026-08-27T13:23:21Z,2026-08-27T15:42:30Z,finished,best_of,3,ESL Challenger League,Playoffs,135214,Alter Ego,137155,Kaleido Gaming,135214,,,,,,,,Alter Ego,Alter Ego,135214,Alter Ego,win,0,,
710,paper_v2,value_3pp,2026-08-26T21:15:57+00:00,skipped_no_line,,,137546,,0.0,0.5543426172008452,,,,,5067,2026-08-26T21:15:51+00:00,cs2_team_v2,137546,0.5543426172008452,0.4456573827991548,win,2026-08-27T16:20:10+00:00,1630713,2026-08-27T14:00:00Z,2026-08-27T14:05:15Z,2026-08-27T16:16:14Z,finished,best_of,3,CCT Europe,Playoffs,137546,Acend,133063,UNiTY esports,137546,,,,,,,,Acend,Acend,137546,Acend,win,0,,
711,paper_v2,value_3pp,2026-08-26T21:15:57+00:00,win,MelBet,2026-08-26T21:15:21+00:00,133708,2.02,1000.0,0.5188635017306965,0.46981627296587924,0.04904722876481726,1020.0,2026-08-27T16:41:09+00:00,5073,2026-08-26T21:15:52+00:00,cs2_team_v2,133708,0.5188635017306965,0.4811364982693035,win,2026-08-27T16:41:09+00:00,1640201,2026-08-27T14:30:00Z,2026-08-27T14:34:36Z,2026-08-27T16:32:44Z,finished,best_of,3,BLAST Open,Group B,133708,Legacy,136955,FUT Esports,133708,47,30,@metascope_ai,162,2026-08-26T21:17:05+00:00,165,2026-08-27T16:41:12+00:00,Legacy,Legacy,133708,Legacy,win,1,104181.0,105201.0
712,paper_v2,value_3pp,2026-08-26T21:15:57+00:00,win,MelBet,2026-08-26T21:15:21+00:00,130570,1.8,1000.0,0.7839593585573119,0.5135135135135135,0.2704458450437984,800.0,2026-08-27T16:10:10+00:00,5079,2026-08-26T21:15:52+00:00,cs2_team_v2,130570,0.21604064144268809,0.7839593585573119,win,2026-08-27T16:10:10+00:00,1648235,2026-08-27T14:00:00Z,2026-08-27T14:07:17Z,2026-08-27T16:01:02Z,finished,best_of,3,Logitech G Play Connect,Group A,138685,Esport Academy Copenhagen,130570,QUAZAR,130570,46,29,@metascope_ai,161,2026-08-26T21:17:04+00:00,164,2026-08-27T16:10:14+00:00,QUAZAR,QUAZAR,130570,QUAZAR,win,1,103381.0,104181.0
713,paper_v2,value_3pp,2026-08-26T21:15:57+00:00,skipped_no_line,,,137075,,0.0,0.5503295337881704,,,,,5085,2026-08-26T21:15:52+00:00,cs2_team_v2,137075,0.44967046621182954,0.5503295337881704,loss,2026-08-27T15:50:29+00:00,1651279,2026-08-27T14:00:00Z,2026-08-27T14:11:53Z,2026-08-27T15:50:06Z,finished,best_of,3,CCT Europe,Group B,132060,Permitta Esports,137075,Misa Esports,132060,,,,,,,,Misa Esports,Misa Esports,132060,Permitta Esports,loss,0,,
714,paper_v2,value_3pp,2026-08-26T21:15:57+00:00,skipped_low_odds,MelBet,2026-08-26T21:15:21+00:00,130564,1.08,0.0,0.7578104027876429,0.8705035971223021,-0.11269319433465919,,,5106,2026-08-26T21:15:53+00:00,cs2_team_v2,130564,0.7578104027876429,0.2421895972123571,win,2026-08-27T20:10:28+00:00,1640202,2026-08-27T17:10:00Z,2026-08-27T17:15:21Z,2026-08-27T20:05:22Z,finished,best_of,3,BLAST Open,Group B,130564,Team Falcons,126439,Lynn Vision,130564,,,,,,,,Team Falcons,Team Falcons,130564,Team Falcons,win,0,,
715,paper_v2,value_3pp,2026-08-26T21:15:57+00:00,skipped_no_line,,,138617,,0.0,0.6367294080913041,,,,,5112,2026-08-26T21:15:53+00:00,cs2_team_v2,138617,0.6367294080913041,0.36327059190869593,win,2026-08-27T20:00:10+00:00,1630714,2026-08-27T17:00:00Z,2026-08-27T17:05:20Z,2026-08-27T19:53:46Z,finished,best_of,3,CCT Europe,Playoffs,138617,INOX Division,138406,Just Players,138617,,,,,,,,INOX Division,INOX Division,138617,INOX Division,win,0,,
716,paper_v2,value_3pp,2026-08-26T21:15:57+00:00,skipped_roster_uncertain,,,137953,,0.0,0.5685493683797916,,,,,5118,2026-08-26T21:15:54+00:00,cs2_team_v2,137953,0.5685493683797916,0.43145063162020836,loss,2026-08-27T19:00:28+00:00,1650639,2026-08-27T17:25:00Z,2026-08-27T17:25:32Z,2026-08-27T17:55:42Z,finished,best_of,1,ESEA,Regular Season,137953,Fortress,134037,Banger Gang,134037,,,,,,,,Fortress,Fortress,134037,Banger Gang,loss,0,,
717,paper_v2,value_3pp,2026-08-26T21:15:57+00:00,skipped_no_line,,,138777,,0.0,0.5606354813206988,,,,,5124,2026-08-26T21:15:54+00:00,cs2_team_v2,138777,0.4393645186793011,0.5606354813206988,loss,2026-08-27T19:00:28+00:00,1651280,2026-08-27T17:10:00Z,2026-08-27T17:11:17Z,2026-08-27T18:59:21Z,finished,best_of,3,CCT Europe,Group B,138848,Mai Tai,138777,ex-MANA eSports,138848,,,,,,,,ex-MANA eSports,ex-MANA eSports,138848,Mai Tai,loss,0,,
718,paper_v2,value_3pp,2026-08-26T21:15:57+00:00,skipped_roster_uncertain,,,138963,,0.0,0.6044006964255502,,,,,5130,2026-08-26T21:15:55+00:00,cs2_team_v2,138963,0.3955993035744498,0.6044006964255502,loss,2026-08-27T21:10:27+00:00,1648084,2026-08-27T18:45:00Z,2026-08-27T18:53:46Z,2026-08-27T21:07:40Z,finished,best_of,3,Moscow Cyber Games,Group Stage,135126,FORZE Reload,138963,Black Phoenix,135126,,,,,,,,Black Phoenix,Black Phoenix,135126,FORZE Reload,loss,0,,
719,paper_v2,value_3pp,2026-08-26T21:15:57+00:00,skipped_no_line,,,138942,,0.0,0.523567453313383,,,,,5136,2026-08-26T21:15:55+00:00,cs2_team_v2,138942,0.523567453313383,0.47643254668661705,loss,2026-08-27T22:40:27+00:00,1651147,2026-08-27T19:15:00Z,2026-08-27T19:15:55Z,2026-08-27T22:32:35Z,finished,best_of,3,Gamers Club Liga Série A,Playoffs,138942,Grêmio Esports,138276,ALKA GAMING,138276,,,,,,,,Grêmio Esports,Grêmio Esports,138276,ALKA GAMING,loss,0,,
720,paper_v2,value_3pp,2026-08-27T21:16:01+00:00,skipped_roster_uncertain,,,135505,,0.0,0.6904681278746498,,,,,5142,2026-08-27T21:15:49+00:00,cs2_team_v2,135505,0.6904681278746498,0.30953187212535016,loss,2026-08-28T00:50:17+00:00,1651148,2026-08-27T23:00:00Z,2026-08-27T22:53:58Z,2026-08-28T00:48:36Z,finished,best_of,3,Gamers Club Liga Série A,Playoffs,135505,RED Canids Academy,135743,BESTIA Academy,135743,,,,,,,,RED Canids Academy,RED Canids Academy,135743,BESTIA Academy,loss,0,,
721,paper_v2,value_3pp,2026-08-27T21:16:01+00:00,skipped_roster_uncertain,,,132891,,0.0,0.5691039530944066,,,,,5163,2026-08-27T21:15:49+00:00,cs2_team_v2,132891,0.4308960469055933,0.5691039530944066,win,2026-08-28T03:20:27+00:00,1650529,2026-08-28T01:10:00Z,2026-08-28T01:11:44Z,2026-08-28T03:13:09Z,finished,best_of,3,ESL Challenger League,Playoffs,138044,FarmVille,132891,Zomblers,132891,,,,,,,,Zomblers,Zomblers,132891,Zomblers,win,0,,
722,paper_v2,value_3pp,2026-08-27T21:16:01+00:00,skipped_roster_uncertain,,,131010,,0.0,0.6868707437660873,,,,,5169,2026-08-27T21:15:50+00:00,cs2_team_v2,131010,0.6868707437660873,0.31312925623391274,loss,2026-08-28T10:50:29+00:00,1630715,2026-08-28T08:00:00Z,2026-08-28T08:02:25Z,2026-08-28T10:41:49Z,finished,best_of,3,CCT Europe,Playoffs,131010,Sashi Esport,138974,ex-RUSTEC,138974,,,,,,,,Sashi Esport,Sashi Esport,138974,ex-RUSTEC,loss,0,,
723,paper_v2,value_3pp,2026-08-27T21:16:01+00:00,skipped_roster_uncertain,,,128519,,0.0,0.5127941067467279,,,,,5180,2026-08-27T21:15:50+00:00,cs2_team_v2,128519,0.4872058932532721,0.5127941067467279,loss,2026-08-28T10:31:08+00:00,1633264,2026-08-28T08:00:00Z,2026-08-28T08:20:00Z,2026-08-28T10:23:03Z,finished,best_of,3,NODWIN Clutch Series,Group Stage,137932,ex-RUBY,128519,GenOne,137932,,,,,,,,GenOne,GenOne,137932,ex-RUBY,loss,0,,
724,paper_v2,value_3pp,2026-08-27T21:16:01+00:00,skipped_roster_uncertain,,,137028,,0.0,0.5990234196613261,,,,,5186,2026-08-27T21:15:50+00:00,cs2_team_v2,137028,0.4009765803386739,0.5990234196613261,loss,2026-08-28T10:50:29+00:00,1651277,2026-08-28T08:00:00Z,2026-08-28T08:09:00Z,2026-08-28T10:50:06Z,finished,best_of,3,CCT Europe,Group A,138841,WBT,139149,Saint Sinners,139149,,,,,,,,,,139149,Saint Sinners,loss,0,,
725,paper_v2,value_3pp,2026-08-27T21:16:01+00:00,skipped_low_odds,MelBet,2026-08-27T21:15:22+00:00,137594,1.03,0.0,0.613540659607438,0.8978174603174603,-0.28427680071002237,,,5202,2026-08-27T21:15:51+00:00,cs2_team_v2,137594,0.613540659607438,0.386459340392562,win,2026-08-28T11:00:19+00:00,1650131,2026-08-28T09:20:00Z,2026-08-28T09:25:45Z,2026-08-28T11:00:14Z,finished,best_of,3,ESL Challenger League,Playoffs,137594,THUNDER dOWNUNDER,131110,Mindfreak,137594,,,,,,,,THUNDER dOWNUNDER,THUNDER dOWNUNDER,137594,THUNDER dOWNUNDER,win,0,,
726,paper_v2,value_3pp,2026-08-27T21:16:01+00:00,skipped_low_odds,MelBet,2026-08-27T21:15:22+00:00,125873,1.39,0.0,0.5078407379093568,0.6688899475940924,-0.16104920968473557,,,5208,2026-08-27T21:15:51+00:00,cs2_team_v2,125873,0.4921592620906432,0.5078407379093568,win,2026-08-28T11:20:27+00:00,1650132,2026-08-28T09:00:00Z,2026-08-28T09:06:58Z,2026-08-28T11:17:49Z,finished,best_of,3,ESL Challenger League,Playoffs,127114,Rooster,125873,Ground Zero,125873,,,,,,,,Ground Zero,Ground Zero,125873,Ground Zero,win,0,,
727,paper_v2,value_3pp,2026-08-27T21:16:01+00:00,skipped_roster_uncertain,,,137703,,0.0,0.5971283101898366,,,,,5224,2026-08-27T21:15:52+00:00,cs2_team_v2,137703,0.4028716898101634,0.5971283101898366,win,2026-08-28T13:00:24+00:00,1630716,2026-08-28T11:15:00Z,2026-08-28T11:19:21Z,2026-08-28T12:59:30Z,finished,best_of,3,CCT Europe,Playoffs,126584,OG,137703,ex-Zero Tenacity,137703,,,,,,,,ex-Zero Tenacity,ex-Zero Tenacity,137703,ex-Zero Tenacity,win,0,,
728,paper_v2,value_3pp,2026-08-27T21:16:01+00:00,skipped_high_odds,MelBet,2026-08-27T21:15:22+00:00,136934,2.894,0.0,0.5002190542886396,0.3244631185807656,0.17575593570787396,,,5230,2026-08-27T21:15:52+00:00,cs2_team_v2,136934,0.4997809457113605,0.5002190542886396,win,2026-08-28T12:50:10+00:00,1632651,2026-08-28T11:00:00Z,2026-08-28T11:05:20Z,2026-08-28T12:49:19Z,finished,best_of,3,Exort Fiesta,Playoffs,129440,Metizport,136934,Bushido Wildcats,136934,,,,,,,,Bushido Wildcats,Bushido Wildcats,136934,Bushido Wildcats,win,0,,
729,paper_v2,value_3pp,2026-08-27T21:16:01+00:00,loss,MelBet,2026-08-27T21:15:22+00:00,137861,2.075,1000.0,0.7142539380763004,0.448871181938911,0.26538275613738943,-1000.0,2026-08-28T13:40:14+00:00,5241,2026-08-27T21:15:53+00:00,cs2_team_v2,137861,0.7142539380763004,0.28574606192369956,loss,2026-08-28T13:40:13+00:00,1648239,2026-08-28T11:30:00Z,2026-08-28T11:38:50Z,2026-08-28T13:32:04Z,finished,best_of,3,Logitech G Play Connect,Group B,137861,STATE,135321,G2 Ares,135321,48,31,@metascope_ai,167,2026-08-27T21:16:32+00:00,168,2026-08-28T13:40:17+00:00,STATE,STATE,135321,G2 Ares,loss,1,105201.0,104201.0
730,paper_v2,value_3pp,2026-08-27T21:16:01+00:00,skipped_no_line,,,137075,,0.0,0.5483059389085697,,,,,5247,2026-08-27T21:15:53+00:00,cs2_team_v2,137075,0.5483059389085697,0.4516940610914303,win,2026-08-28T14:50:10+00:00,1651282,2026-08-28T11:15:00Z,2026-08-28T11:22:35Z,2026-08-28T14:45:21Z,finished,best_of,3,CCT Europe,Group B,137075,Misa Esports,130980,ILLYRIANS,137075,,,,,,,,Misa Esports,Misa Esports,137075,Misa Esports,win,0,,
731,paper_v2,value_3pp,2026-08-27T21:16:01+00:00,skipped_low_odds,MelBet,2026-08-27T21:15:22+00:00,124523,1.325,0.0,0.5975336699528486,0.7171824973319103,-0.11964882737906168,,,5253,2026-08-27T21:15:54+00:00,cs2_team_v2,124523,0.4024663300471514,0.5975336699528486,win,2026-08-28T14:00:28+00:00,1640191,2026-08-28T11:50:00Z,2026-08-28T11:55:47Z,2026-08-28T13:53:43Z,finished,best_of,3,BLAST Open,Group A,3210,G2,124523,Spirit,124523,,,,,,,,Spirit,Spirit,124523,Spirit,win,0,,
732,paper_v2,value_3pp,2026-08-27T21:16:01+00:00,skipped_no_value,MelBet,2026-08-27T21:15:22+00:00,131253,1.53,0.0,0.617092190305136,0.6115765422696116,0.005515648035524401,,,5259,2026-08-27T21:15:54+00:00,cs2_team_v2,131253,0.617092190305136,0.38290780969486404,win,2026-08-28T14:30:35+00:00,1645093,2026-08-28T13:00:00Z,2026-08-28T13:03:29Z,2026-08-28T14:17:14Z,finished,best_of,3,CCT South America,Group Stage,131253,ODDIK,138276,ALKA GAMING,131253,,,,,,,,ODDIK,ODDIK,131253,ODDIK,win,0,,
733,paper_v2,value_3pp,2026-08-27T21:16:01+00:00,skipped_no_line,,,130329,,0.0,0.524093126050656,,,,,5265,2026-08-27T21:15:54+00:00,cs2_team_v2,130329,0.475906873949344,0.524093126050656,win,2026-08-28T17:00:35+00:00,1650458,2026-08-28T13:10:00Z,2026-08-28T13:07:36Z,2026-08-28T16:56:43Z,finished,best_of,3,ESL Challenger League,Playoffs,133900,The Huns Esports,130329,Rare Atom,130329,,,,,,,,Rare Atom,Rare Atom,130329,Rare Atom,win,0,,
734,paper_v2,value_3pp,2026-08-27T21:16:01+00:00,skipped_roster_uncertain,,,138151,,0.0,0.6320532586851038,,,,,5271,2026-08-27T21:15:54+00:00,cs2_team_v2,138151,0.36794674131489624,0.6320532586851038,win,2026-08-28T16:20:28+00:00,1650459,2026-08-28T13:20:00Z,2026-08-28T13:21:25Z,2026-08-28T16:15:18Z,finished,best_of,3,ESL Challenger League,Playoffs,134264,Chinggis Warriors,138151,NEXVOID,138151,,,,,,,,NEXVOID,NEXVOID,138151,NEXVOID,win,0,,
735,paper_v2,value_3pp,2026-08-27T21:16:01+00:00,skipped_roster_uncertain,,,136560,,0.0,0.640521233166395,,,,,5287,2026-08-27T21:15:55+00:00,cs2_team_v2,136560,0.640521233166395,0.359478766833605,win,2026-08-28T16:50:18+00:00,1630717,2026-08-28T14:00:00Z,2026-08-28T14:08:00Z,2026-08-28T16:43:58Z,finished,best_of,3,CCT Europe,Playoffs,136560,Phantom,133269,Leo Team,136560,,,,,,,,Phantom,Phantom,136560,Phantom,win,0,,
736,paper_v2,value_3pp,2026-08-27T21:16:01+00:00,skipped_roster_uncertain,,,138617,,0.0,0.6322300167242182,,,,,5293,2026-08-27T21:15:55+00:00,cs2_team_v2,138617,0.6322300167242182,0.3677699832757818,win,2026-08-28T16:30:24+00:00,1632652,2026-08-28T14:15:00Z,2026-08-28T14:13:56Z,2026-08-28T16:22:27Z,finished,best_of,3,Exort Fiesta,Playoffs,138617,INOX Division,138370,Lavked,138617,,,,,,,,INOX Division,INOX Division,138617,INOX Division,win,0,,
737,paper_v2,value_3pp,2026-08-27T21:16:01+00:00,skipped_roster_uncertain,,,136659,,0.0,0.64488647610023,,,,,5299,2026-08-27T21:15:55+00:00,cs2_team_v2,136659,0.64488647610023,0.35511352389977,loss,2026-08-28T16:50:18+00:00,1633266,2026-08-28T14:00:00Z,2026-08-28T14:04:47Z,2026-08-28T16:46:56Z,finished,best_of,3,NODWIN Clutch Series,Group Stage,136659,SPARTA,138101,Inner Circle Academy,138101,,,,,,,,SPARTA,SPARTA,138101,Inner Circle Academy,loss,0,,
738,paper_v2,value_3pp,2026-08-27T21:16:01+00:00,skipped_low_odds,MelBet,2026-08-27T21:15:22+00:00,3216,1.23,0.0,0.627594029565423,0.7632338787295476,-0.13563984916412464,,,5305,2026-08-27T21:15:56+00:00,cs2_team_v2,3216,0.627594029565423,0.372405970434577,win,2026-08-28T16:30:24+00:00,1640195,2026-08-28T14:30:00Z,2026-08-28T14:33:09Z,2026-08-28T16:29:13Z,finished,best_of,3,BLAST Open,Group A,3216,Natus Vincere,125751,paiN,3216,,,,,,,,Natus Vincere,Natus Vincere,3216,Natus Vincere,win,0,,
739,paper_v2,value_3pp,2026-08-27T21:16:01+00:00,skipped_roster_uncertain,,,132927,,0.0,0.5143868811318391,,,,,5311,2026-08-27T21:15:56+00:00,cs2_team_v2,132927,0.5143868811318391,0.48561311886816094,win,2026-08-28T15:30:33+00:00,1648240,2026-08-28T14:30:00Z,2026-08-28T14:34:58Z,2026-08-28T15:17:48Z,finished,best_of,3,Logitech G Play Connect,Group B,132927,Rune Eaters,126408,9INE,132927,,,,,,,,Rune Eaters,Rune Eaters,132927,Rune Eaters,win,0,,
740,paper_v2,value_3pp,2026-08-27T21:16:01+00:00,skipped_roster_uncertain,,,137703,,0.0,0.5994875429407065,,,,,5317,2026-08-27T21:15:56+00:00,cs2_team_v2,137703,0.5994875429407065,0.4005124570592935,win,2026-08-28T18:40:09+00:00,1651276,2026-08-28T15:00:00Z,2026-08-28T15:04:47Z,2026-08-28T18:31:01Z,finished,best_of,3,CCT Europe,Group A,137703,ex-Zero Tenacity,125774,HAVU,137703,,,,,,,,ex-Zero Tenacity,ex-Zero Tenacity,137703,ex-Zero Tenacity,win,0,,
741,paper_v2,value_3pp,2026-08-27T21:16:01+00:00,skipped_roster_uncertain,,,137075,,0.0,0.779848912287525,,,,,5323,2026-08-27T21:15:57+00:00,cs2_team_v2,137075,0.779848912287525,0.22015108771247505,win,2026-08-28T16:50:18+00:00,1637091,2026-08-28T15:15:00Z,2026-08-28T15:13:33Z,2026-08-28T15:44:09Z,finished,best_of,1,ESEA,Regular Season,137075,Misa Esports,138129,BOJONG,137075,,,,,,,,Misa Esports,Misa Esports,137075,Misa Esports,win,0,,
742,paper_v2,value_3pp,2026-08-27T21:16:01+00:00,skipped_low_odds,MelBet,2026-08-27T21:15:22+00:00,124530,1.19,0.0,0.5975058201004465,0.7873100983020554,-0.18980427820160894,,,5334,2026-08-27T21:15:57+00:00,cs2_team_v2,124530,0.4024941798995535,0.5975058201004465,win,2026-08-28T19:20:27+00:00,1640192,2026-08-28T17:10:00Z,2026-08-28T17:10:24Z,2026-08-28T19:16:39Z,finished,best_of,3,BLAST Open,Group A,133435,M80,124530,FURIA,124530,,,,,,,,FURIA,FURIA,124530,FURIA,win,0,,
743,paper_v2,value_3pp,2026-08-27T21:16:01+00:00,skipped_low_odds,MelBet,2026-08-27T21:15:22+00:00,127014,1.273,0.0,0.5422669734454354,0.7185496351978775,-0.17628266175244212,,,5340,2026-08-27T21:15:57+00:00,cs2_team_v2,127014,0.5422669734454354,0.4577330265545646,win,2026-08-28T19:40:27+00:00,1630718,2026-08-28T17:00:00Z,2026-08-28T17:07:38Z,2026-08-28T19:38:01Z,finished,best_of,3,CCT Europe,Playoffs,127014,Sinners,136934,Bushido Wildcats,127014,,,,,,,,Sinners,Sinners,127014,Sinners,win,0,,
744,paper_v2,value_3pp,2026-08-27T21:16:01+00:00,skipped_no_line,,,138848,,0.0,0.5346533096938518,,,,,5356,2026-08-27T21:15:58+00:00,cs2_team_v2,138848,0.46534669030614817,0.5346533096938518,loss,2026-08-28T20:40:47+00:00,1651281,2026-08-28T18:45:00Z,2026-08-28T18:44:47Z,2026-08-28T20:39:43Z,finished,best_of,3,CCT Europe,Group B,132060,Permitta Esports,138848,Mai Tai,132060,,,,,,,,Mai Tai,Mai Tai,132060,Permitta Esports,loss,0,,
745,paper_v2,value_3pp,2026-08-27T21:16:01+00:00,skipped_roster_uncertain,,,133571,,0.0,0.584997855538369,,,,,5362,2026-08-27T21:15:58+00:00,cs2_team_v2,133571,0.4150021444616309,0.584997855538369,loss,2026-08-28T20:00:28+00:00,1652179,2026-08-28T18:30:00Z,,,canceled,best_of,1,ESEA,Regular Season,137075,Misa Esports,133571,Wave Esports,137075,,,,,,,,Wave Esports,Wave Esports,137075,Misa Esports,loss,0,,
746,paper_v2,value_3pp,2026-08-27T21:16:01+00:00,skipped_roster_uncertain,,,134355,,0.0,0.5805524484937357,,,,,5373,2026-08-27T21:15:59+00:00,cs2_team_v2,134355,0.4194475515062643,0.5805524484937357,win,2026-08-28T23:20:28+00:00,1650488,2026-08-28T21:00:00Z,2026-08-28T21:08:46Z,2026-08-28T23:13:32Z,finished,best_of,3,ESL Challenger League,Playoffs,137992,Fluxo W7M,134355,Galorys,134355,,,,,,,,Galorys,Galorys,134355,Galorys,win,0,,
747,paper_v2,value_3pp,2026-08-27T21:16:01+00:00,skipped_high_odds,MelBet,2026-08-27T21:15:22+00:00,135468,2.645,0.0,0.6718259074095817,0.35250917992656056,0.31931672748302115,,,5379,2026-08-27T21:15:59+00:00,cs2_team_v2,135468,0.6718259074095817,0.3281740925904183,loss,2026-08-28T22:50:28+00:00,1650489,2026-08-28T21:10:00Z,2026-08-28T21:12:18Z,2026-08-28T22:50:13Z,finished,best_of,3,ESL Challenger League,Playoffs,135468,ShindeN,126377,Imperial,126377,,,,,,,,ShindeN,ShindeN,126377,Imperial,loss,0,,
748,paper_v2,value_3pp,2026-08-28T21:16:06+00:00,skipped_roster_uncertain,,,138886,,0.0,0.6379988909011403,,,,,5415,2026-08-28T21:15:54+00:00,cs2_team_v2,138886,0.6379988909011403,0.36200110909885974,win,2026-08-29T01:30:25+00:00,1645095,2026-08-28T22:00:00Z,2026-08-28T22:05:58Z,2026-08-29T01:27:42Z,finished,best_of,3,CCT South America,Group Stage,138886,BORRACHEIROS,135743,BESTIA Academy,138886,,,,,,,,BORRACHEIROS,BORRACHEIROS,138886,BORRACHEIROS,win,0,,
749,paper_v2,value_3pp,2026-08-28T21:16:06+00:00,loss,MelBet,2026-08-28T21:15:23+00:00,136064,2.485,1000.0,0.554475783726033,0.3681667937960844,0.1863089899299486,-1000.0,2026-08-29T02:50:10+00:00,5426,2026-08-28T21:15:54+00:00,cs2_team_v2,136064,0.44552421627396693,0.554475783726033,loss,2026-08-29T02:50:09+00:00,1650519,2026-08-29T01:00:00Z,2026-08-29T01:08:59Z,2026-08-29T02:42:47Z,finished,best_of,3,ESL Challenger League,Playoffs,136318,Marsborne,136064,Chicken Coop Esports,136318,49,32,@metascope_ai,170,2026-08-28T21:17:14+00:00,172,2026-08-29T02:50:12+00:00,Chicken Coop Esports,Chicken Coop Esports,136318,Marsborne,loss,1,104201.0,103201.0
750,paper_v2,value_3pp,2026-08-28T21:16:06+00:00,skipped_roster_uncertain,,,138421,,0.0,0.5154418566645846,,,,,5432,2026-08-28T21:15:55+00:00,cs2_team_v2,138421,0.5154418566645846,0.48455814333541536,win,2026-08-29T03:50:28+00:00,1650530,2026-08-29T01:00:00Z,2026-08-29T01:04:58Z,2026-08-29T03:42:00Z,finished,best_of,3,ESL Challenger League,Playoffs,138421,EMPIRE,138716,Iowa Stormboar,138421,,,,,,,,EMPIRE,EMPIRE,138421,EMPIRE,win,0,,
751,paper_v2,value_3pp,2026-08-28T21:16:06+00:00,win,MelBet,2026-08-28T21:15:23+00:00,128519,2.064,1000.0,0.5711469065749419,0.44321553817102777,0.12793136840391417,1064.0,2026-08-29T15:40:28+00:00,5443,2026-08-28T21:15:55+00:00,cs2_team_v2,128519,0.42885309342505806,0.5711469065749419,win,2026-08-29T15:40:28+00:00,1630719,2026-08-29T14:00:00Z,2026-08-29T14:08:37Z,2026-08-29T15:31:24Z,finished,best_of,3,CCT Europe,Playoffs,137546,Acend,128519,GenOne,128519,,,,,,,,GenOne,GenOne,128519,GenOne,win,0,104280.0,105344.0
752,paper_v2,value_3pp,2026-08-28T21:16:06+00:00,skipped_roster_uncertain,,,138370,,0.0,0.6230688105139959,,,,,5454,2026-08-28T21:15:56+00:00,cs2_team_v2,138370,0.6230688105139959,0.3769311894860041,loss,2026-08-29T11:10:28+00:00,1648237,2026-08-29T08:00:00Z,2026-08-29T08:09:42Z,2026-08-29T11:06:35Z,finished,best_of,3,Logitech G Play Connect,Group A,138370,Lavked,138685,Esport Academy Copenhagen,138685,,,,,,,,Lavked,Lavked,138685,Esport Academy Copenhagen,loss,0,,
753,paper_v2,value_3pp,2026-08-28T21:16:06+00:00,skipped_roster_uncertain,,,138974,,0.0,0.6221139440626542,,,,,5460,2026-08-28T21:15:56+00:00,cs2_team_v2,138974,0.6221139440626542,0.3778860559373458,win,2026-08-29T11:10:28+00:00,1651284,2026-08-29T08:00:00Z,2026-08-29T08:10:06Z,2026-08-29T11:08:20Z,finished,best_of,3,CCT Europe,Group C,138974,ex-RUSTEC,128258,Entropy,138974,,,,,,,,ex-RUSTEC,ex-RUSTEC,138974,ex-RUSTEC,win,0,,
754,paper_v2,value_3pp,2026-08-28T21:16:06+00:00,skipped_low_odds,MelBet,2026-08-28T21:15:23+00:00,3455,1.28,0.0,0.5375292506908881,0.7408906882591094,-0.20336143756822134,,,5471,2026-08-28T21:15:56+00:00,cs2_team_v2,3455,0.5375292506908881,0.4624707493091119,win,2026-08-29T10:40:11+00:00,1640206,2026-08-29T09:00:00Z,2026-08-29T09:03:08Z,2026-08-29T10:31:20Z,finished,best_of,3,BLAST Open,Group B,3455,Vitality,126709,9z,3455,,,,,,,,Vitality,Vitality,3455,Vitality,win,0,,
755,paper_v2,value_3pp,2026-08-28T21:16:06+00:00,skipped_roster_uncertain,,,131110,,0.0,0.7129874693873179,,,,,5482,2026-08-28T21:15:57+00:00,cs2_team_v2,131110,0.7129874693873179,0.28701253061268206,loss,2026-08-29T12:30:25+00:00,1650136,2026-08-29T09:15:00Z,2026-08-29T09:17:49Z,2026-08-29T12:28:24Z,finished,best_of,3,ESL Challenger League,Playoffs,131110,Mindfreak,133333,Arcade Esports,133333,,,,,,,,Mindfreak,Mindfreak,133333,Arcade Esports,loss,0,,
756,paper_v2,value_3pp,2026-08-28T21:16:06+00:00,skipped_no_line,,,138406,,0.0,0.6169622085271953,,,,,5493,2026-08-28T21:15:57+00:00,cs2_team_v2,138406,0.38303779147280465,0.6169622085271953,loss,2026-08-29T13:00:29+00:00,1656232,2026-08-29T10:00:00Z,2026-08-29T10:06:35Z,2026-08-29T12:52:45Z,finished,best_of,3,Kibertochka,Playoffs,128766,Spirit Academy,138406,Just Players,128766,,,,,,,,Just Players,Just Players,128766,Spirit Academy,loss,0,,
757,paper_v2,value_3pp,2026-08-28T21:16:06+00:00,skipped_roster_uncertain,,,137580,,0.0,0.5301375195107143,,,,,5499,2026-08-28T21:15:58+00:00,cs2_team_v2,137580,0.46986248048928564,0.5301375195107143,loss,2026-08-29T13:30:28+00:00,1654200,2026-08-29T11:15:00Z,2026-08-29T11:14:00Z,2026-08-29T13:29:48Z,finished,best_of,3,United21,Playoffs,138894,FaZe Up Next,137580, Phantom Academy,138894,,,,,,,, Phantom Academy, Phantom Academy,138894,FaZe Up Next,loss,0,,
758,paper_v2,value_3pp,2026-08-28T21:16:06+00:00,skipped_roster_uncertain,,,138617,,0.0,0.642788680002874,,,,,5505,2026-08-28T21:15:58+00:00,cs2_team_v2,138617,0.35721131999712596,0.642788680002874,win,2026-08-29T13:10:29+00:00,1630720,2026-08-29T11:20:00Z,2026-08-29T11:16:34Z,2026-08-29T13:06:50Z,finished,best_of,3,CCT Europe,Playoffs,138974,ex-RUSTEC,138617,INOX Division,138617,,,,,,,,INOX Division,INOX Division,138617,INOX Division,win,0,,
759,paper_v2,value_3pp,2026-08-28T21:16:06+00:00,skipped_roster_uncertain,,,136934,,0.0,0.5142017996802173,,,,,5511,2026-08-28T21:15:58+00:00,cs2_team_v2,136934,0.48579820031978266,0.5142017996802173,win,2026-08-29T09:40:29+00:00,1632655,2026-08-29T08:00:00Z,2026-08-29T08:06:13Z,2026-08-29T09:35:19Z,finished,best_of,3,Exort Fiesta,Playoffs,137028,Endless Journey,136934,Bushido Wildcats,136934,,,,,,,,Bushido Wildcats,Bushido Wildcats,136934,Bushido Wildcats,win,0,,
760,paper_v2,value_3pp,2026-08-28T21:16:06+00:00,skipped_roster_uncertain,,,137861,,0.0,0.6727923841270351,,,,,5517,2026-08-28T21:15:58+00:00,cs2_team_v2,137861,0.6727923841270351,0.3272076158729649,loss,2026-08-29T13:10:29+00:00,1648249,2026-08-29T11:20:00Z,2026-08-29T11:26:55Z,2026-08-29T13:07:07Z,finished,best_of,3,Logitech G Play Connect,Group B,137861,STATE,126408,9INE,126408,,,,,,,,STATE,STATE,126408,9INE,loss,0,,
761,paper_v2,value_3pp,2026-08-28T21:16:06+00:00,win,MelBet,2026-08-28T21:15:23+00:00,133063,2.079,1000.0,0.5737060565292764,0.44007541071909506,0.13363064581018136,1079.0000000000002,2026-08-29T14:20:05+00:00,5523,2026-08-28T21:15:59+00:00,cs2_team_v2,133063,0.42629394347072364,0.5737060565292764,win,2026-08-29T14:20:04+00:00,1651285,2026-08-29T11:25:00Z,2026-08-29T11:26:27Z,2026-08-29T14:19:28Z,finished,best_of,3,CCT Europe,Group C,136934,Bushido Wildcats,133063,UNiTY esports,133063,50,33,@metascope_ai,171,2026-08-28T21:17:14+00:00,174,2026-08-29T14:20:08+00:00,UNiTY esports,UNiTY esports,133063,UNiTY esports,win,1,103201.0,104280.0
762,paper_v2,value_3pp,2026-08-28T21:16:06+00:00,skipped_low_odds,MelBet,2026-08-28T21:15:23+00:00,3240,1.27,0.0,0.5774481964188156,0.7465069860279441,-0.16905878960912846,,,5529,2026-08-28T21:15:59+00:00,cs2_team_v2,3240,0.4225518035811844,0.5774481964188156,win,2026-08-29T12:50:29+00:00,1640203,2026-08-29T11:10:00Z,2026-08-29T11:12:45Z,2026-08-29T12:49:44Z,finished,best_of,3,BLAST Open,Group B,136497,Inner Circle Esports,3240,MOUZ,3240,,,,,,,,MOUZ,MOUZ,3240,MOUZ,win,0,,
763,paper_v2,value_3pp,2026-08-28T21:16:06+00:00,skipped_roster_uncertain,,,135214,,0.0,0.5758609295532895,,,,,5545,2026-08-28T21:16:00+00:00,cs2_team_v2,135214,0.42413907044671045,0.5758609295532895,win,2026-08-29T16:40:47+00:00,1650472,2026-08-29T13:20:00Z,2026-08-29T13:22:23Z,2026-08-29T16:30:29Z,finished,best_of,3,ESL Challenger League,Playoffs,133900,The Huns Esports,135214,Alter Ego,135214,,,,,,,,Alter Ego,Alter Ego,135214,Alter Ego,win,0,,
764,paper_v2,value_3pp,2026-08-28T21:16:06+00:00,skipped_roster_uncertain,,,134264,,0.0,0.5835839473397897,,,,,5551,2026-08-28T21:16:00+00:00,cs2_team_v2,134264,0.5835839473397897,0.4164160526602103,loss,2026-08-29T15:20:18+00:00,1650473,2026-08-29T13:00:00Z,2026-08-29T13:05:40Z,2026-08-29T15:19:42Z,finished,best_of,3,ESL Challenger League,Playoffs,134264,Chinggis Warriors,136330,Just Swing,136330,,,,,,,,Chinggis Warriors,Chinggis Warriors,136330,Just Swing,loss,0,,
765,paper_v2,value_3pp,2026-08-28T21:16:06+00:00,skipped_roster_uncertain,,,127014,,0.0,0.5007720328911721,,,,,5557,2026-08-28T21:16:00+00:00,cs2_team_v2,127014,0.5007720328911721,0.4992279671088279,loss,2026-08-29T10:10:28+00:00,1630721,2026-08-29T08:00:00Z,2026-08-29T08:07:42Z,2026-08-29T09:58:07Z,finished,best_of,3,CCT Europe,Playoffs,127014,Sinners,137703,ex-Zero Tenacity,137703,,,,,,,,Sinners,Sinners,137703,ex-Zero Tenacity,loss,0,,
766,paper_v2,value_3pp,2026-08-28T21:16:06+00:00,skipped_roster_uncertain,,,137861,,0.0,0.5673375371895015,,,,,5563,2026-08-28T21:16:00+00:00,cs2_team_v2,137861,0.4326624628104984,0.5673375371895015,loss,2026-08-29T16:40:47+00:00,1632656,2026-08-29T14:30:00Z,2026-08-29T14:34:56Z,2026-08-29T16:38:20Z,finished,best_of,3,Exort Fiesta,Playoffs,137703,ex-Zero Tenacity,137861,STATE,137703,,,,,,,,STATE,STATE,137703,ex-Zero Tenacity,loss,0,,
767,paper_v2,value_3pp,2026-08-28T21:16:06+00:00,skipped_low_odds,MelBet,2026-08-28T21:15:23+00:00,136955,1.225,0.0,0.6302550775472542,0.7750229568411385,-0.14476787929388435,,,5569,2026-08-28T21:16:00+00:00,cs2_team_v2,136955,0.6302550775472542,0.3697449224527458,win,2026-08-29T16:10:17+00:00,1640207,2026-08-29T13:30:00Z,2026-08-29T13:32:22Z,2026-08-29T16:08:47Z,finished,best_of,3,BLAST Open,Group B,136955,FUT Esports,126439,Lynn Vision,136955,,,,,,,,FUT Esports,FUT Esports,136955,FUT Esports,win,0,,
768,paper_v2,value_3pp,2026-08-28T21:16:06+00:00,skipped_roster_uncertain,,,129405,,0.0,0.5099234838847735,,,,,5575,2026-08-28T21:16:01+00:00,cs2_team_v2,129405,0.49007651611522657,0.5099234838847735,win,2026-08-29T15:30:10+00:00,1651401,2026-08-29T14:00:00Z,,,canceled,best_of,3,CCT Europe,Group D,138026,Atreides,129405,SAW Youngsters,129405,,,,,,,,SAW Youngsters,SAW Youngsters,129405,SAW Youngsters,win,0,,
769,paper_v2,value_3pp,2026-08-28T21:16:06+00:00,skipped_roster_uncertain,,,126515,,0.0,0.5061435315409559,,,,,5606,2026-08-28T21:16:02+00:00,cs2_team_v2,126515,0.493856468459044,0.5061435315409559,loss,2026-08-30T20:30:27+00:00,1655442,2026-08-30T19:00:00Z,2026-08-30T19:19:43Z,2026-08-30T19:50:30Z,finished,best_of,1,ESEA,Regular Season,138358,banda chuya,126515,ENRAGE,138358,,,,,,,,ENRAGE,ENRAGE,138358,banda chuya,loss,0,,
770,paper_v2,value_3pp,2026-08-28T21:16:06+00:00,skipped_roster_uncertain,,,138974,,0.0,0.5924127548491073,,,,,5612,2026-08-28T21:16:02+00:00,cs2_team_v2,138974,0.5924127548491073,0.40758724515089273,loss,2026-08-29T18:20:28+00:00,1656238,2026-08-29T16:15:00Z,2026-08-29T16:24:06Z,2026-08-29T18:18:43Z,finished,best_of,3,Kibertochka,Playoffs,138974,ex-RUSTEC,135126,FORZE Reload,135126,,,,,,,,ex-RUSTEC,ex-RUSTEC,135126,FORZE Reload,loss,0,,
771,paper_v2,value_3pp,2026-08-28T21:16:06+00:00,skipped_no_value,MelBet,2026-08-28T21:15:23+00:00,130564,1.47,0.0,0.5094654909659175,0.6466346153846154,-0.13716912441869789,,,5618,2026-08-28T21:16:03+00:00,cs2_team_v2,130564,0.4905345090340824,0.5094654909659175,win,2026-08-29T19:40:28+00:00,1640204,2026-08-29T16:45:00Z,2026-08-29T16:50:34Z,2026-08-29T19:34:30Z,finished,best_of,3,BLAST Open,Group B,133708,Legacy,130564,Team Falcons,130564,,,,,,,,Team Falcons,Team Falcons,130564,Team Falcons,win,0,,
772,paper_v2,value_3pp,2026-08-28T21:16:06+00:00,skipped_no_line,,,124522,,0.0,0.5737988231185265,,,,,5624,2026-08-28T21:16:03+00:00,cs2_team_v2,124522,0.5737988231185265,0.4262011768814735,loss,2026-08-29T20:10:55+00:00,1630722,2026-08-29T17:00:00Z,2026-08-29T17:07:45Z,2026-08-29T20:02:10Z,finished,best_of,3,CCT Europe,Playoffs,124522,Nemiga,136560,Phantom,136560,,,,,,,,Nemiga,Nemiga,136560,Phantom,loss,0,,
773,paper_v2,value_3pp,2026-08-28T21:16:06+00:00,skipped_no_line,,,131010,,0.0,0.5525277637824879,,,,,5630,2026-08-28T21:16:03+00:00,cs2_team_v2,131010,0.5525277637824879,0.4474722362175121,loss,2026-08-29T20:20:27+00:00,1632657,2026-08-29T17:00:00Z,2026-08-29T17:09:08Z,2026-08-29T20:11:36Z,finished,best_of,3,Exort Fiesta,Playoffs,131010,Sashi Esport,138617,INOX Division,138617,,,,,,,,Sashi Esport,Sashi Esport,138617,INOX Division,loss,0,,
774,paper_v2,value_3pp,2026-08-28T21:16:06+00:00,win,MelBet,2026-08-28T21:15:23+00:00,138812,2.055,1000.0,0.5057558325339931,0.44534412955465585,0.06041170297933729,1055.0000000000002,2026-08-29T19:20:10+00:00,5636,2026-08-28T21:16:03+00:00,cs2_team_v2,138812,0.49424416746600686,0.5057558325339931,win,2026-08-29T19:20:09+00:00,1651402,2026-08-29T17:00:00Z,2026-08-29T17:07:57Z,2026-08-29T19:14:39Z,finished,best_of,3,CCT Europe,Group D,128887,Honvéd,138812,Noir Verse,138812,,,,,,,,Noir Verse,Noir Verse,138812,Noir Verse,win,0,105344.0,106399.0
775,paper_v2,value_3pp,2026-08-28T21:16:06+00:00,skipped_roster_uncertain,,,137932,,0.0,0.5466482827012289,,,,,5642,2026-08-28T21:16:04+00:00,cs2_team_v2,137932,0.4533517172987711,0.5466482827012289,win,2026-08-29T20:40:27+00:00,1648093,2026-08-29T18:00:00Z,2026-08-29T18:03:54Z,2026-08-29T20:35:29Z,finished,best_of,3,Moscow Cyber Games,Group Stage,135298,K27,137932,ex-RUBY,137932,,,,,,,,ex-RUBY,ex-RUBY,137932,ex-RUBY,win,0,,
776,paper_v2,value_3pp,2026-08-30T21:15:57+00:00,skipped_low_odds,MelBet,2026-08-30T21:15:21+00:00,131253,1.22,0.0,0.6951075354159426,0.7572139303482588,-0.06210639493231618,,,5648,2026-08-30T21:15:46+00:00,cs2_team_v2,131253,0.6951075354159426,0.3048924645840574,win,2026-08-30T23:40:27+00:00,1645104,2026-08-30T22:00:00Z,2026-08-30T22:10:25Z,2026-08-30T23:37:27Z,finished,best_of,3,CCT South America,Group Stage,131253,ODDIK,138942,Grêmio Esports,131253,,,,,,,,ODDIK,ODDIK,131253,ODDIK,win,0,,
777,paper_v2,value_3pp,2026-08-30T21:15:57+00:00,skipped_roster_uncertain,,,136318,,0.0,0.531696622745132,,,,,5654,2026-08-30T21:15:46+00:00,cs2_team_v2,136318,0.46830337725486804,0.531696622745132,loss,2026-08-31T03:30:27+00:00,1650520,2026-08-31T01:30:00Z,2026-08-31T01:28:18Z,2026-08-31T03:21:50Z,finished,best_of,3,ESL Challenger League,Playoffs,137510,Voca,136318,Marsborne,137510,,,,,,,,Marsborne,Marsborne,137510,Voca,loss,0,,
778,paper_v2,value_3pp,2026-08-30T21:15:57+00:00,skipped_no_line,,,138650,,0.0,0.5572595235840001,,,,,5665,2026-08-30T21:15:47+00:00,cs2_team_v2,138650,0.44274047641599995,0.5572595235840001,loss,2026-08-31T06:10:27+00:00,1659361,2026-08-31T04:35:00Z,,,canceled,best_of,1,ESEA,Regular Season,137508,Falcons Force,138650,NEW VISION,137508,,,,,,,,NEW VISION,NEW VISION,137508,Falcons Force,loss,0,,
779,paper_v2,value_3pp,2026-08-30T21:15:57+00:00,skipped_roster_uncertain,,,138151,,0.0,0.6020473610575076,,,,,5676,2026-08-30T21:15:47+00:00,cs2_team_v2,138151,0.6020473610575076,0.39795263894249244,win,2026-08-31T11:10:24+00:00,1661692,2026-08-31T07:30:00Z,2026-08-31T07:37:28Z,2026-08-31T11:06:54Z,finished,best_of,3,FISSURE PLAYGROUND,Playoffs,138151,NEXVOID,136330,Just Swing,138151,,,,,,,,NEXVOID,NEXVOID,138151,NEXVOID,win,0,,
780,paper_v2,value_3pp,2026-08-30T21:15:57+00:00,skipped_no_value,MelBet,2026-08-30T21:15:21+00:00,124523,1.504,0.0,0.5665649421276541,0.6317335945151813,-0.06516865238752723,,,5702,2026-08-30T21:15:48+00:00,cs2_team_v2,124523,0.5665649421276541,0.43343505787234593,win,2026-08-31T10:50:10+00:00,1640193,2026-08-31T09:00:00Z,2026-08-31T09:02:29Z,2026-08-31T10:45:58Z,finished,best_of,3,BLAST Open,Group A,124523,Spirit,124530,FURIA,124523,,,,,,,,Spirit,Spirit,124523,Spirit,win,0,,
781,paper_v2,value_3pp,2026-08-30T21:15:57+00:00,skipped_roster_uncertain,,,130569,,0.0,0.5090966290222982,,,,,5708,2026-08-30T21:15:49+00:00,cs2_team_v2,130569,0.5090966290222982,0.49090337097770176,win,2026-08-31T10:50:10+00:00,1648097,2026-08-31T09:00:00Z,2026-08-31T09:08:19Z,2026-08-31T10:46:21Z,finished,best_of,3,Moscow Cyber Games,Playoffs,130569,HOTU,136659,SPARTA,130569,,,,,,,,HOTU,HOTU,130569,HOTU,win,0,,
782,paper_v2,value_3pp,2026-08-30T21:15:57+00:00,skipped_roster_uncertain,,,125873,,0.0,0.762002893973677,,,,,5714,2026-08-30T21:15:49+00:00,cs2_team_v2,125873,0.762002893973677,0.23799710602632296,win,2026-08-31T10:50:10+00:00,1650139,2026-08-31T09:00:00Z,2026-08-31T09:07:16Z,2026-08-31T10:45:53Z,finished,best_of,3,ESL Challenger League,Playoffs,125873,Ground Zero,133333,Arcade Esports,125873,,,,,,,,Ground Zero,Ground Zero,125873,Ground Zero,win,0,,
783,paper_v2,value_3pp,2026-08-30T21:15:57+00:00,skipped_roster_uncertain,,,130329,,0.0,0.557758039503675,,,,,5720,2026-08-30T21:15:49+00:00,cs2_team_v2,130329,0.442241960496325,0.557758039503675,win,2026-08-31T13:40:28+00:00,1661689,2026-08-31T11:20:00Z,2026-08-31T11:17:15Z,2026-08-31T13:35:35Z,finished,best_of,3,FISSURE PLAYGROUND,Playoffs,130329,Rare Atom,137155,Kaleido Gaming,130329,,,,,,,,Rare Atom,Rare Atom,130329,Rare Atom,win,0,,
784,paper_v2,value_3pp,2026-08-30T21:15:57+00:00,skipped_roster_uncertain,,,132795,,0.0,0.6435237104849499,,,,,5726,2026-08-30T21:15:49+00:00,cs2_team_v2,132795,0.6435237104849499,0.35647628951505006,loss,2026-08-31T12:50:28+00:00,1654204,2026-08-31T11:00:00Z,2026-08-31T11:05:27Z,2026-08-31T12:45:34Z,finished,best_of,3,United21,Playoffs,132795,INFURITY Gaming,138894,FaZe Up Next,138894,,,,,,,,INFURITY Gaming,INFURITY Gaming,138894,FaZe Up Next,loss,0,,
785,paper_v2,value_3pp,2026-08-30T21:15:57+00:00,skipped_roster_uncertain,,,135474,,0.0,0.5979291392837782,,,,,5732,2026-08-30T21:15:50+00:00,cs2_team_v2,135474,0.5979291392837782,0.4020708607162218,loss,2026-09-02T16:30:27+00:00,1658034,2026-09-02T13:45:00Z,2026-09-02T13:44:37Z,2026-09-02T16:24:42Z,finished,best_of,3,European Pro League,Group A,135474,Fire Flux Esports,138400,mellren,138400,,,,,,,,Fire Flux Esports,Fire Flux Esports,138400,mellren,loss,0,,
786,paper_v2,value_3pp,2026-08-30T21:15:57+00:00,skipped_high_odds,MelBet,2026-08-30T21:15:21+00:00,138975,2.894,0.0,0.5456628441229487,0.3244631185807656,0.22119972554218315,,,5738,2026-08-30T21:15:50+00:00,cs2_team_v2,138975,0.4543371558770513,0.5456628441229487,loss,2026-08-31T13:10:28+00:00,1633293,2026-08-31T11:20:00Z,2026-08-31T11:26:22Z,2026-08-31T12:55:48Z,finished,best_of,3,NODWIN Clutch Series,Playoffs,3318,3DMAX,138975,Butterfly,3318,,,,,,,,Butterfly,Butterfly,3318,3DMAX,loss,0,,
787,paper_v2,value_3pp,2026-08-30T21:15:57+00:00,skipped_low_odds,MelBet,2026-08-30T21:15:21+00:00,129440,1.11,0.0,0.5402119057487786,0.8238095238095238,-0.2835976180607451,,,5744,2026-08-30T21:15:50+00:00,cs2_team_v2,129440,0.5402119057487786,0.45978809425122136,win,2026-08-31T13:00:33+00:00,1648367,2026-08-31T11:00:00Z,2026-08-31T11:10:16Z,2026-08-31T12:52:12Z,finished,best_of,3,Logitech G Play Connect,Group D,129440,Metizport,138660,WRAITH PCIFIC,129440,,,,,,,,Metizport,Metizport,129440,Metizport,win,0,,
788,paper_v2,value_3pp,2026-08-30T21:15:57+00:00,skipped_no_line,,,137075,,0.0,0.5169262871042195,,,,,5750,2026-08-30T21:15:50+00:00,cs2_team_v2,137075,0.5169262871042195,0.4830737128957805,win,2026-08-31T13:10:28+00:00,1651283,2026-08-31T11:10:00Z,2026-08-31T11:10:43Z,2026-08-31T12:55:12Z,finished,best_of,3,CCT Europe,Group B,137075,Misa Esports,138848,Mai Tai,137075,,,,,,,,Misa Esports,Misa Esports,137075,Misa Esports,win,0,,
789,paper_v2,value_3pp,2026-08-30T21:15:57+00:00,win,MelBet,2026-08-30T21:15:21+00:00,3210,1.675,1000.0,0.6409421222120165,0.5668476855443497,0.0740944366676668,675.0,2026-08-31T15:10:29+00:00,5756,2026-08-30T21:15:51+00:00,cs2_team_v2,3210,0.6409421222120165,0.3590578777879835,win,2026-08-31T15:10:29+00:00,1640198,2026-08-31T11:30:00Z,2026-08-31T11:37:04Z,2026-08-31T14:56:21Z,finished,best_of,3,BLAST Open,Group A,3210,G2,131505,Aurora Gaming,3210,,,,,,,,G2,G2,3210,G2,win,0,106399.0,107074.0
790,paper_v2,value_3pp,2026-08-30T21:15:57+00:00,skipped_no_line,,,137289,,0.0,0.5117083871545519,,,,,5762,2026-08-30T21:15:51+00:00,cs2_team_v2,137289,0.5117083871545519,0.4882916128454481,loss,2026-08-31T16:20:28+00:00,1648099,2026-08-31T12:00:00Z,2026-08-31T12:06:07Z,2026-08-31T16:15:31Z,finished,best_of,3,Moscow Cyber Games,Playoffs,137289,Team Nemesis,135673,Nuclear TigeRES,135673,,,,,,,,Team Nemesis,Team Nemesis,135673,Nuclear TigeRES,loss,0,,
791,paper_v2,value_3pp,2026-08-30T21:15:57+00:00,skipped_roster_uncertain,,,134264,,0.0,0.5363969938109375,,,,,5768,2026-08-30T21:15:51+00:00,cs2_team_v2,134264,0.5363969938109375,0.46360300618906247,loss,2026-08-31T15:40:18+00:00,1661695,2026-08-31T14:00:00Z,2026-08-31T13:57:09Z,2026-08-31T15:37:00Z,finished,best_of,3,FISSURE PLAYGROUND,Playoffs,138284,5star,134264,Chinggis Warriors,138284,,,,,,,,Chinggis Warriors,Chinggis Warriors,138284,5star,loss,0,,
792,paper_v2,value_3pp,2026-08-30T21:15:57+00:00,skipped_no_line,,,130329,,0.0,0.6809984535708472,,,,,5774,2026-08-30T21:15:52+00:00,cs2_team_v2,130329,0.6809984535708472,0.3190015464291528,win,2026-08-31T15:40:18+00:00,1650475,2026-08-31T13:40:00Z,2026-08-31T13:48:57Z,2026-08-31T15:34:30Z,finished,best_of,3,ESL Challenger League,Playoffs,130329,Rare Atom,136330,Just Swing,130329,,,,,,,,Rare Atom,Rare Atom,130329,Rare Atom,win,0,,
793,paper_v2,value_3pp,2026-08-30T21:15:57+00:00,skipped_no_line,,,138101,,0.0,0.5130576513769711,,,,,5780,2026-08-30T21:15:52+00:00,cs2_team_v2,138101,0.4869423486230289,0.5130576513769711,win,2026-08-31T16:40:54+00:00,1658120,2026-08-31T13:00:00Z,2026-08-31T13:06:22Z,2026-08-31T16:38:25Z,finished,best_of,3,ESL Challenger League,Group A,138101,Inner Circle Academy,135474,Fire Flux Esports,138101,,,,,,,,Inner Circle Academy,Inner Circle Academy,138101,Inner Circle Academy,win,0,,
794,paper_v2,value_3pp,2026-08-30T21:15:57+00:00,skipped_roster_uncertain,,,138812,,0.0,0.5330050947410131,,,,,5786,2026-08-30T21:15:52+00:00,cs2_team_v2,138812,0.5330050947410131,0.4669949052589869,loss,2026-08-31T16:10:37+00:00,1658130,2026-08-31T13:10:00Z,2026-08-31T13:06:41Z,2026-08-31T16:02:26Z,finished,best_of,3,ESL Challenger League,Group C,138812,Noir Verse,138026,Atreides,138026,,,,,,,,Noir Verse,Noir Verse,138026,Atreides,loss,0,,
795,paper_v2,value_3pp,2026-08-30T21:15:57+00:00,loss,MelBet,2026-08-30T21:15:21+00:00,130564,1.73,1000.0,0.6269662217174974,0.5488917861799217,0.07807443553757565,-1000.0,2026-08-31T18:10:28+00:00,5802,2026-08-30T21:15:53+00:00,cs2_team_v2,130564,0.37303377828250256,0.6269662217174974,loss,2026-08-31T18:10:28+00:00,1640205,2026-08-31T15:35:00Z,2026-08-31T15:38:10Z,2026-08-31T17:58:49Z,finished,best_of,3,BLAST Open,Group B,3240,MOUZ,130564,Team Falcons,3240,52,35,@metascope_ai,178,2026-08-30T21:16:50+00:00,183,2026-08-31T18:10:31+00:00,Team Falcons,Team Falcons,3240,MOUZ,loss,1,106074.0,105074.0
796,paper_v2,value_3pp,2026-08-30T21:15:57+00:00,loss,MelBet,2026-08-30T21:15:21+00:00,126624,1.87,1000.0,0.5929560652497742,0.5,0.09295606524977418,-1000.0,2026-08-31T15:30:28+00:00,5808,2026-08-30T21:15:53+00:00,cs2_team_v2,126624,0.5929560652497742,0.4070439347502258,loss,2026-08-31T15:30:28+00:00,1648378,2026-08-31T14:15:00Z,,,canceled,best_of,3,Logitech G Play Connect,Group D,126624,Brute,137440,ASTRAL,137440,51,34,@metascope_ai,177,2026-08-30T21:16:50+00:00,182,2026-08-31T15:30:31+00:00,Brute,Brute,137440,ASTRAL,loss,1,107074.0,106074.0
797,paper_v2,value_3pp,2026-08-30T21:15:57+00:00,skipped_roster_uncertain,,,136934,,0.0,0.5032385457373291,,,,,5814,2026-08-30T21:15:53+00:00,cs2_team_v2,136934,0.5032385457373291,0.49676145426267093,win,2026-08-31T15:30:28+00:00,1651367,2026-08-31T14:00:00Z,,,canceled,best_of,3,CCT Europe,Group C,138974,ex-RUSTEC,136934,Bushido Wildcats,136934,,,,,,,,Bushido Wildcats,Bushido Wildcats,136934,Bushido Wildcats,win,0,,
798,paper_v2,value_3pp,2026-08-30T21:15:57+00:00,skipped_roster_uncertain,,,126944,,0.0,0.5721086485221386,,,,,5820,2026-08-30T21:15:54+00:00,cs2_team_v2,126944,0.5721086485221386,0.4278913514778614,win,2026-08-31T18:20:27+00:00,1648100,2026-08-31T16:30:00Z,2026-08-31T16:30:44Z,2026-08-31T18:13:07Z,finished,best_of,3,Moscow Cyber Games,Playoffs,126944,1WIN,137932,ex-RUBY,126944,,,,,,,,1WIN,1WIN,126944,1WIN,win,0,,
799,paper_v2,value_3pp,2026-08-30T21:15:57+00:00,skipped_roster_uncertain,,,126694,,0.0,0.7026432477060892,,,,,5826,2026-08-30T21:15:54+00:00,cs2_team_v2,126694,0.2973567522939108,0.7026432477060892,win,2026-08-31T18:10:28+00:00,1661605,2026-08-31T16:10:00Z,2026-08-31T16:08:50Z,2026-08-31T18:06:02Z,finished,best_of,3,DACH CS Masters,Regular Season,128258,Entropy,126694,BIG Academy,126694,,,,,,,,BIG Academy,BIG Academy,126694,BIG Academy,win,0,,
800,paper_v2,value_3pp,2026-08-30T21:15:57+00:00,skipped_low_odds,MelBet,2026-08-30T21:15:21+00:00,3455,1.355,0.0,0.5825783002747987,0.7005524861878453,-0.11797418591304654,,,5832,2026-08-30T21:15:54+00:00,cs2_team_v2,3455,0.41742169972520127,0.5825783002747987,win,2026-08-31T20:30:20+00:00,1640210,2026-08-31T18:35:00Z,2026-08-31T18:41:29Z,2026-08-31T20:24:39Z,finished,best_of,3,BLAST Open,Group B,136955,FUT Esports,3455,Vitality,3455,,,,,,,,Vitality,Vitality,3455,Vitality,win,0,,
801,paper_v2,value_3pp,2026-08-30T21:15:57+00:00,skipped_roster_uncertain,,,137708,,0.0,0.5222457214452527,,,,,5838,2026-08-30T21:15:54+00:00,cs2_team_v2,137708,0.4777542785547472,0.5222457214452527,loss,2026-08-31T20:21:09+00:00,1633297,2026-08-31T17:35:00Z,2026-08-31T17:35:26Z,2026-08-31T20:14:50Z,finished,best_of,3,NODWIN Clutch Series,Playoffs,138610,Walczaki,137708,BET-M 33,138610,,,,,,,,BET-M 33,BET-M 33,138610,Walczaki,loss,0,,
802,paper_v2,value_3pp,2026-08-30T21:15:57+00:00,skipped_no_line,,,128887,,0.0,0.6114419302097782,,,,,5844,2026-08-30T21:15:55+00:00,cs2_team_v2,128887,0.6114419302097782,0.3885580697902218,win,2026-08-31T20:21:09+00:00,1651405,2026-08-31T17:00:00Z,2026-08-31T17:07:39Z,2026-08-31T20:20:04Z,finished,best_of,3,CCT Europe,Group D,129405,SAW Youngsters,128887,Honvéd,128887,,,,,,,,Honvéd,Honvéd,128887,Honvéd,win,0,,
803,paper_v2,value_3pp,2026-08-31T21:15:43+00:00,skipped_roster_uncertain,,,136330,,0.0,0.5847722119480213,,,,,5875,2026-08-31T21:15:36+00:00,cs2_team_v2,136330,0.5847722119480213,0.4152277880519787,loss,2026-09-01T15:30:29+00:00,1661698,2026-09-01T13:40:00Z,2026-09-01T13:45:34Z,2026-09-01T15:25:30Z,finished,best_of,3,FISSURE PLAYGROUND,Playoffs,134264,Chinggis Warriors,136330,Just Swing,134264,,,,,,,,Just Swing,Just Swing,134264,Chinggis Warriors,loss,0,,
804,paper_v2,value_3pp,2026-08-31T21:15:43+00:00,skipped_roster_uncertain,,,137289,,0.0,0.661082283036874,,,,,5881,2026-08-31T21:15:36+00:00,cs2_team_v2,137289,0.661082283036874,0.338917716963126,win,2026-09-01T10:30:28+00:00,1633296,2026-09-01T08:00:00Z,2026-09-01T08:08:17Z,2026-09-01T10:25:15Z,finished,best_of,3,NODWIN Clutch Series,Playoffs,137289,Team Nemesis,136659,SPARTA,137289,,,,,,,,Team Nemesis,Team Nemesis,137289,Team Nemesis,win,0,,
805,paper_v2,value_3pp,2026-08-31T21:15:43+00:00,skipped_no_line,,,135673,,0.0,0.501573917525734,,,,,5897,2026-08-31T21:15:37+00:00,cs2_team_v2,135673,0.501573917525734,0.498426082474266,loss,2026-09-01T11:30:31+00:00,1648103,2026-09-01T09:10:00Z,2026-09-01T09:13:02Z,2026-09-01T11:23:37Z,finished,best_of,3,Moscow Cyber Games,Playoffs,135673,Nuclear TigeRES,126944,1WIN,126944,,,,,,,,Nuclear TigeRES,Nuclear TigeRES,126944,1WIN,loss,0,,
806,paper_v2,value_3pp,2026-08-31T21:15:43+00:00,skipped_low_odds,MelBet,2026-08-31T21:15:19+00:00,137594,1.38,0.0,0.607667723371262,0.6742209631728046,-0.0665532398015426,,,5903,2026-08-31T21:15:37+00:00,cs2_team_v2,137594,0.607667723371262,0.39233227662873804,win,2026-09-01T10:50:27+00:00,1650134,2026-09-01T09:00:00Z,2026-09-01T09:05:26Z,2026-09-01T10:44:57Z,finished,best_of,3,ESL Challenger League,Playoffs,137594,THUNDER dOWNUNDER,125873,Ground Zero,137594,,,,,,,,THUNDER dOWNUNDER,THUNDER dOWNUNDER,137594,THUNDER dOWNUNDER,win,0,,
807,paper_v2,value_3pp,2026-08-31T21:15:43+00:00,skipped_no_line,,,130329,,0.0,0.5809071659393277,,,,,5909,2026-08-31T21:15:37+00:00,cs2_team_v2,130329,0.41909283406067227,0.5809071659393277,win,2026-09-01T10:30:28+00:00,1661699,2026-09-01T07:10:00Z,2026-09-01T07:15:59Z,2026-09-01T10:23:14Z,finished,best_of,3,FISSURE PLAYGROUND,Playoffs,133900,The Huns Esports,130329,Rare Atom,130329,,,,,,,,Rare Atom,Rare Atom,130329,Rare Atom,win,0,,
808,paper_v2,value_3pp,2026-08-31T21:15:43+00:00,skipped_roster_uncertain,,,135978,,0.0,0.5700142046646373,,,,,5920,2026-08-31T21:15:38+00:00,cs2_team_v2,135978,0.4299857953353628,0.5700142046646373,loss,2026-09-01T13:00:10+00:00,1658039,2026-09-01T11:00:00Z,2026-09-01T11:07:19Z,2026-09-01T12:57:34Z,finished,best_of,3,European Pro League,Group B,137075,Misa Esports,135978,eternal premium,137075,,,,,,,,eternal premium,eternal premium,137075,Misa Esports,loss,0,,
809,paper_v2,value_3pp,2026-08-31T21:15:43+00:00,win,MelBet,2026-08-31T21:15:19+00:00,127976,1.5,1000.0,0.7032547854756741,0.6250937265683578,0.07816105890731628,500.0,2026-09-01T13:30:27+00:00,5926,2026-08-31T21:15:38+00:00,cs2_team_v2,127976,0.7032547854756741,0.2967452145243259,win,2026-09-01T13:30:26+00:00,1633295,2026-09-01T11:00:00Z,2026-09-01T11:11:01Z,2026-09-01T12:57:52Z,finished,best_of,3,NODWIN Clutch Series,Playoffs,127976,Infinite,138101,Inner Circle Academy,127976,54,37,@metascope_ai,186,2026-08-31T21:17:01+00:00,187,2026-09-01T13:30:30+00:00,Infinite,Infinite,127976,Infinite,win,1,105074.0,105574.0
810,paper_v2,value_3pp,2026-08-31T21:15:43+00:00,skipped_high_odds,MelBet,2026-08-31T21:15:19+00:00,138660,2.744,0.0,0.5566277287518342,0.3457319980925131,0.2108957306593211,,,5932,2026-08-31T21:15:38+00:00,cs2_team_v2,138660,0.5566277287518342,0.4433722712481658,win,2026-09-01T14:20:09+00:00,1648392,2026-09-01T11:00:00Z,2026-09-01T11:05:21Z,2026-09-01T14:18:26Z,finished,best_of,3,Logitech G Play Connect,Group D,138660,WRAITH PCIFIC,126624,Brute,138660,,,,,,,,WRAITH PCIFIC,WRAITH PCIFIC,138660,WRAITH PCIFIC,win,0,,
811,paper_v2,value_3pp,2026-08-31T21:15:43+00:00,skipped_no_line,,,130569,,0.0,0.529504184077819,,,,,5938,2026-08-31T21:15:39+00:00,cs2_team_v2,130569,0.529504184077819,0.47049581592218104,win,2026-09-01T16:20:28+00:00,1648102,2026-09-01T12:00:00Z,2026-09-01T12:14:54Z,2026-09-01T16:14:46Z,finished,best_of,3,Moscow Cyber Games,Playoffs,130569,HOTU,139106,Color,130569,,,,,,,,HOTU,HOTU,130569,HOTU,win,0,,
812,paper_v2,value_3pp,2026-08-31T21:15:43+00:00,skipped_roster_uncertain,,,138151,,0.0,0.5879005225640385,,,,,5944,2026-08-31T21:15:39+00:00,cs2_team_v2,138151,0.41209947743596154,0.5879005225640385,loss,2026-09-01T14:00:56+00:00,1661700,2026-09-01T11:00:00Z,2026-09-01T10:55:44Z,2026-09-01T13:27:00Z,finished,best_of,3,FISSURE PLAYGROUND,Playoffs,138284,5star,138151,NEXVOID,138284,,,,,,,,NEXVOID,NEXVOID,138284,5star,loss,0,,
813,paper_v2,value_3pp,2026-08-31T21:15:43+00:00,skipped_roster_uncertain,,,138151,,0.0,0.5195085740839424,,,,,5950,2026-08-31T21:15:39+00:00,cs2_team_v2,138151,0.5195085740839424,0.48049142591605765,win,2026-09-01T16:40:38+00:00,1650461,2026-09-01T13:40:00Z,2026-09-01T13:42:00Z,2026-09-01T16:33:24Z,finished,best_of,3,ESL Challenger League,Playoffs,138151,NEXVOID,130329,Rare Atom,138151,,,,,,,,NEXVOID,NEXVOID,138151,NEXVOID,win,0,,
814,paper_v2,value_3pp,2026-08-31T21:15:43+00:00,skipped_no_line,,,3288,,0.0,0.7487527684864443,,,,,5956,2026-08-31T21:15:39+00:00,cs2_team_v2,3288,0.7487527684864443,0.25124723151355566,win,2026-09-01T17:10:39+00:00,1658140,2026-09-01T13:15:00Z,2026-09-01T13:13:58Z,2026-09-01T17:09:00Z,finished,best_of,3,ESL Challenger League,Playoffs,3288,Virtus.pro,138841,WBT,3288,,,,,,,,Virtus.pro,Virtus.pro,3288,Virtus.pro,win,0,,
815,paper_v2,value_3pp,2026-08-31T21:15:43+00:00,skipped_no_line,,,138101,,0.0,0.5203044616844937,,,,,5962,2026-08-31T21:15:40+00:00,cs2_team_v2,138101,0.5203044616844937,0.47969553831550626,loss,2026-09-01T15:10:25+00:00,1658142,2026-09-01T13:30:00Z,2026-09-01T13:32:32Z,2026-09-01T15:04:21Z,finished,best_of,3,ESL Challenger League,Playoffs,138101,Inner Circle Academy,128258,Entropy,128258,,,,,,,,Inner Circle Academy,Inner Circle Academy,128258,Entropy,loss,0,,
816,paper_v2,value_3pp,2026-08-31T21:15:43+00:00,win,MelBet,2026-08-31T21:15:19+00:00,126944,1.56,1000.0,0.6632923161662365,0.602750190985485,0.06054212518075153,560.0,2026-09-01T17:20:10+00:00,5968,2026-08-31T21:15:40+00:00,cs2_team_v2,126944,0.6632923161662365,0.3367076838337635,win,2026-09-01T17:20:09+00:00,1633298,2026-09-01T14:00:00Z,2026-09-01T14:05:39Z,2026-09-01T17:17:42Z,finished,best_of,3,NODWIN Clutch Series,Playoffs,126944,1WIN,138617,INOX Division,126944,,,,,,,,1WIN,1WIN,126944,1WIN,win,0,105574.0,106134.0
817,paper_v2,value_3pp,2026-08-31T21:15:43+00:00,skipped_roster_uncertain,,,131848,,0.0,0.5194465825377095,,,,,5974,2026-08-31T21:15:40+00:00,cs2_team_v2,131848,0.5194465825377095,0.4805534174622905,loss,2026-09-01T17:30:27+00:00,1648328,2026-09-01T14:30:00Z,2026-09-01T14:42:04Z,2026-09-01T17:21:38Z,finished,best_of,3,Logitech G Play Connect,Group C,131848,largadosypelados,129413,Eternal Fire,129413,,,,,,,,largadosypelados,largadosypelados,129413,Eternal Fire,loss,0,,
818,paper_v2,value_3pp,2026-08-31T21:15:43+00:00,skipped_roster_uncertain,,,138276,,0.0,0.5797253883737024,,,,,5980,2026-08-31T21:15:41+00:00,cs2_team_v2,138276,0.42027461162629765,0.5797253883737024,win,2026-09-01T17:30:27+00:00,1645108,2026-09-01T16:00:00Z,2026-09-01T16:03:19Z,2026-09-01T17:25:57Z,finished,best_of,3,CCT South America,Group Stage,138886,BORRACHEIROS,138276,ALKA GAMING,138276,,,,,,,,ALKA GAMING,ALKA GAMING,138276,ALKA GAMING,win,0,,
819,paper_v2,value_3pp,2026-08-31T21:15:43+00:00,win,MelBet,2026-08-31T21:15:19+00:00,135673,1.58,1000.0,0.7105192975704058,0.5929933024214322,0.11752599514897355,580.0000000000001,2026-09-01T20:10:09+00:00,5986,2026-08-31T21:15:41+00:00,cs2_team_v2,135673,0.7105192975704058,0.2894807024295942,win,2026-09-01T20:10:08+00:00,1633299,2026-09-01T18:00:00Z,2026-09-01T17:44:59Z,2026-09-01T20:01:04Z,finished,best_of,3,NODWIN Clutch Series,Playoffs,135673,Nuclear TigeRES,139106,Color,135673,53,36,@metascope_ai,185,2026-08-31T21:17:01+00:00,190,2026-09-01T20:10:12+00:00,Nuclear TigeRES,Nuclear TigeRES,135673,Nuclear TigeRES,win,1,106134.0,106714.0
820,paper_v2,value_3pp,2026-09-02T21:15:47+00:00,skipped_roster_uncertain,,,138151,,0.0,0.7285573573159773,,,,,6002,2026-09-02T21:15:38+00:00,cs2_team_v2,138151,0.7285573573159773,0.27144264268402274,loss,2026-09-03T08:20:14+00:00,1661704,2026-09-03T06:10:00Z,2026-09-03T06:12:24Z,2026-09-03T08:20:03Z,finished,best_of,3,FISSURE PLAYGROUND,Playoffs,138151,NEXVOID,134264,Chinggis Warriors,134264,,,,,,,,NEXVOID,NEXVOID,134264,Chinggis Warriors,loss,0,,
821,paper_v2,value_3pp,2026-09-02T21:15:47+00:00,skipped_roster_uncertain,,,134746,,0.0,0.6606356198250587,,,,,6008,2026-09-02T21:15:39+00:00,cs2_team_v2,134746,0.6606356198250587,0.3393643801749413,win,2026-09-03T07:50:17+00:00,1658100,2026-09-03T06:10:00Z,2026-09-03T06:17:22Z,2026-09-03T07:41:19Z,finished,best_of,3,IEM,Playoffs,134746,FlyQuest,137155,Kaleido Gaming,134746,,,,,,,,FlyQuest,FlyQuest,134746,FlyQuest,win,0,,
822,paper_v2,value_3pp,2026-09-02T21:15:47+00:00,skipped_roster_uncertain,,,126439,,0.0,0.7551444296681351,,,,,6014,2026-09-02T21:15:39+00:00,cs2_team_v2,126439,0.24485557033186495,0.7551444296681351,loss,2026-09-03T08:50:27+00:00,1658101,2026-09-03T06:00:00Z,2026-09-03T06:08:01Z,2026-09-03T08:43:53Z,finished,best_of,3,IEM,Playoffs,135915,DEPO,126439,Lynn Vision,135915,,,,,,,,Lynn Vision,Lynn Vision,135915,DEPO,loss,0,,
823,paper_v2,value_3pp,2026-09-02T21:15:47+00:00,skipped_roster_uncertain,,,127976,,0.0,0.5880915918054577,,,,,6020,2026-09-02T21:15:39+00:00,cs2_team_v2,127976,0.5880915918054577,0.41190840819454233,loss,2026-09-03T10:20:08+00:00,1633304,2026-09-03T08:00:00Z,2026-09-03T08:03:34Z,2026-09-03T10:16:47Z,finished,best_of,3,NODWIN Clutch Series,Playoffs,3318,3DMAX,127976,Infinite,3318,,,,,,,,Infinite,Infinite,3318,3DMAX,loss,0,,
824,paper_v2,value_3pp,2026-09-02T21:15:47+00:00,skipped_roster_uncertain,,,136560,,0.0,0.6673095324824175,,,,,6026,2026-09-02T21:15:39+00:00,cs2_team_v2,136560,0.6673095324824175,0.33269046751758247,win,2026-09-03T11:10:28+00:00,1651264,2026-09-03T08:00:00Z,2026-09-03T08:02:51Z,2026-09-03T11:01:16Z,finished,best_of,3,Logitech G Play Connect,Playoffs,136560,Phantom,126584,OG,136560,,,,,,,,Phantom,Phantom,136560,Phantom,win,0,,
825,paper_v2,value_3pp,2026-09-02T21:15:47+00:00,skipped_roster_uncertain,,,138537,,0.0,0.6768923843440833,,,,,6032,2026-09-02T21:15:40+00:00,cs2_team_v2,138537,0.3231076156559168,0.6768923843440833,win,2026-09-03T11:40:27+00:00,1651574,2026-09-03T08:00:00Z,2026-09-03T08:05:29Z,2026-09-03T11:32:29Z,finished,best_of,3,CCT Europe,Group Stage,135321,G2 Ares,138537,PsychoFace,138537,,,,,,,,PsychoFace,PsychoFace,138537,PsychoFace,win,0,,
826,paper_v2,value_3pp,2026-09-02T21:15:47+00:00,skipped_roster_uncertain,,,134405,,0.0,0.5297690941049985,,,,,6043,2026-09-02T21:15:40+00:00,cs2_team_v2,134405,0.5297690941049985,0.4702309058950015,win,2026-09-03T11:30:37+00:00,1658064,2026-09-03T08:40:00Z,2026-09-03T08:40:40Z,2026-09-03T11:21:51Z,finished,best_of,3,European Pro League,Group D,134405,Vexar,139111,Morrow Esports,134405,,,,,,,,Vexar,Vexar,134405,Vexar,win,0,,
827,paper_v2,value_3pp,2026-09-02T21:15:47+00:00,skipped_roster_uncertain,,,3248,,0.0,0.6974330036908742,,,,,6049,2026-09-02T21:15:40+00:00,cs2_team_v2,3248,0.6974330036908742,0.30256699630912576,win,2026-09-03T10:30:10+00:00,1658092,2026-09-03T09:00:00Z,,,canceled,best_of,3,IEM,Playoffs,3248,TYLOO,130329,Rare Atom,3248,,,,,,,,TYLOO,TYLOO,3248,TYLOO,win,0,,
828,paper_v2,value_3pp,2026-09-02T21:15:47+00:00,skipped_roster_uncertain,,,126694,,0.0,0.7743122581388535,,,,,6060,2026-09-02T21:15:41+00:00,cs2_team_v2,126694,0.22568774186114648,0.7743122581388535,win,2026-09-03T12:00:10+00:00,1658065,2026-09-03T10:30:00Z,,,canceled,best_of,3,European Pro League,Group D,137953,Fortress,126694,BIG Academy,126694,,,,,,,,BIG Academy,BIG Academy,126694,BIG Academy,win,0,,
829,paper_v2,value_3pp,2026-09-02T21:15:47+00:00,skipped_roster_uncertain,,,137289,,0.0,0.6823136599350695,,,,,6066,2026-09-02T21:15:41+00:00,cs2_team_v2,137289,0.6823136599350695,0.31768634006493046,loss,2026-09-03T13:00:27+00:00,1633305,2026-09-03T11:00:00Z,2026-09-03T11:03:34Z,2026-09-03T12:56:22Z,finished,best_of,3,NODWIN Clutch Series,Playoffs,137289,Team Nemesis,130569,HOTU,130569,,,,,,,,Team Nemesis,Team Nemesis,130569,HOTU,loss,0,,
830,paper_v2,value_3pp,2026-09-02T21:15:47+00:00,skipped_roster_uncertain,,,131010,,0.0,0.8112130986891721,,,,,6072,2026-09-02T21:15:41+00:00,cs2_team_v2,131010,0.8112130986891721,0.18878690131082787,win,2026-09-03T12:50:27+00:00,1651265,2026-09-03T11:15:00Z,2026-09-03T11:16:50Z,2026-09-03T12:45:31Z,finished,best_of,3,Logitech G Play Connect,Playoffs,131010,Sashi Esport,137440,ASTRAL,131010,,,,,,,,Sashi Esport,Sashi Esport,131010,Sashi Esport,win,0,,
831,paper_v2,value_3pp,2026-09-02T21:15:47+00:00,skipped_roster_uncertain,,,130590,,0.0,0.5070947657531195,,,,,6078,2026-09-02T21:15:42+00:00,cs2_team_v2,130590,0.49290523424688043,0.5070947657531195,loss,2026-09-03T13:20:08+00:00,1651575,2026-09-03T11:45:00Z,2026-09-03T11:48:31Z,2026-09-03T13:10:43Z,finished,best_of,3,CCT Europe,Group Stage,133269,Leo Team,130590,The Last Resort,133269,,,,,,,,The Last Resort,The Last Resort,133269,Leo Team,loss,0,,
832,paper_v2,value_3pp,2026-09-02T21:15:47+00:00,skipped_roster_uncertain,,,137699,,0.0,0.5325802864445179,,,,,6084,2026-09-02T21:15:42+00:00,cs2_team_v2,137699,0.5325802864445179,0.46741971355548206,win,2026-09-03T14:40:27+00:00,1663807,2026-09-03T12:30:00Z,2026-09-03T12:34:39Z,2026-09-03T14:32:56Z,finished,best_of,3,Stake Ranked,Playoffs,137699,FOKUS,127014,Sinners,137699,,,,,,,,FOKUS,FOKUS,137699,FOKUS,win,0,,
833,paper_v2,value_3pp,2026-09-02T21:15:47+00:00,skipped_roster_uncertain,,,3250,,0.0,0.5053394594204377,,,,,6090,2026-09-02T21:15:42+00:00,cs2_team_v2,3250,0.5053394594204377,0.4946605405795623,win,2026-09-03T14:20:28+00:00,1643648,2026-09-03T12:00:00Z,2026-09-03T12:04:33Z,2026-09-03T14:12:37Z,finished,best_of,3,IEM,Playoffs,3250,MIBR,131189,EYEBALLERS,3250,,,,,,,,MIBR,MIBR,3250,MIBR,win,0,,
834,paper_v2,value_3pp,2026-09-02T21:15:47+00:00,skipped_roster_uncertain,,,124522,,0.0,0.5785309741296771,,,,,6096,2026-09-02T21:15:42+00:00,cs2_team_v2,124522,0.4214690258703228,0.5785309741296771,loss,2026-09-03T13:40:18+00:00,1643649,2026-09-03T12:40:00Z,2026-09-03T12:36:33Z,2026-09-03T13:36:50Z,finished,best_of,3,IEM,Playoffs,135298,K27,124522,Nemiga,135298,,,,,,,,Nemiga,Nemiga,135298,K27,loss,0,,
835,paper_v2,value_3pp,2026-09-02T21:15:47+00:00,skipped_roster_uncertain,,,137739,,0.0,0.5199807637085291,,,,,6102,2026-09-02T21:15:43+00:00,cs2_team_v2,137739,0.5199807637085291,0.4800192362914709,win,2026-09-03T14:20:28+00:00,1643650,2026-09-03T12:00:00Z,2026-09-03T12:06:13Z,2026-09-03T14:16:33Z,finished,best_of,3,IEM,Playoffs,137739,magic,3249,BIG,137739,,,,,,,,magic,magic,137739,magic,win,0,,
836,paper_v2,value_3pp,2026-09-02T21:15:47+00:00,skipped_roster_uncertain,,,139106,,0.0,0.539979611922778,,,,,6108,2026-09-02T21:15:43+00:00,cs2_team_v2,139106,0.46002038807722206,0.539979611922778,loss,2026-09-03T14:00:28+00:00,1643651,2026-09-03T12:00:00Z,2026-09-03T12:06:17Z,2026-09-03T13:56:32Z,finished,best_of,3,IEM,Playoffs,3246,Heroic,139106,Color,3246,,,,,,,,Color,Color,3246,Heroic,loss,0,,
837,paper_v2,value_3pp,2026-09-02T21:15:47+00:00,skipped_roster_uncertain,,,125774,,0.0,0.5047652088118925,,,,,6119,2026-09-02T21:15:43+00:00,cs2_team_v2,125774,0.49523479118810754,0.5047652088118925,loss,2026-09-03T16:00:35+00:00,1651576,2026-09-03T14:00:00Z,2026-09-03T14:06:10Z,2026-09-03T15:51:22Z,finished,best_of,3,CCT Europe,Group Stage,138370,Lavked,125774,HAVU,138370,,,,,,,,HAVU,HAVU,138370,Lavked,loss,0,,
838,paper_v2,value_3pp,2026-09-02T21:15:47+00:00,skipped_roster_uncertain,,,3218,,0.0,0.7178205671837603,,,,,6125,2026-09-02T21:15:44+00:00,cs2_team_v2,3218,0.7178205671837603,0.2821794328162397,win,2026-09-03T17:50:27+00:00,1663798,2026-09-03T14:55:00Z,2026-09-03T14:52:18Z,2026-09-03T17:48:02Z,finished,best_of,3,Stake Ranked,Playoffs,3218,NIP,127365,Sangal,3218,,,,,,,,NIP,NIP,3218,NIP,win,0,,
839,paper_v2,value_3pp,2026-09-02T21:15:47+00:00,skipped_roster_uncertain,,,135673,,0.0,0.6849615467697929,,,,,6131,2026-09-02T21:15:44+00:00,cs2_team_v2,135673,0.6849615467697929,0.31503845323020707,win,2026-09-03T17:20:07+00:00,1643641,2026-09-03T15:00:00Z,2026-09-03T15:01:44Z,2026-09-03T17:13:03Z,finished,best_of,3,IEM,Playoffs,135673,Nuclear TigeRES,129413,Eternal Fire,135673,,,,,,,,Nuclear TigeRES,Nuclear TigeRES,135673,Nuclear TigeRES,win,0,,
840,paper_v2,value_3pp,2026-09-02T21:15:47+00:00,skipped_roster_uncertain,,,129381,,0.0,0.5658606819624352,,,,,6137,2026-09-02T21:15:44+00:00,cs2_team_v2,129381,0.5658606819624352,0.4341393180375648,win,2026-09-03T16:50:47+00:00,1643642,2026-09-03T15:00:00Z,2026-09-03T15:02:27Z,2026-09-03T16:49:51Z,finished,best_of,3,IEM,Playoffs,129381,B8,130569,HOTU,129381,,,,,,,,B8,B8,129381,B8,win,0,,
841,paper_v2,value_3pp,2026-09-02T21:15:47+00:00,skipped_roster_uncertain,,,130570,,0.0,0.7197892888976268,,,,,6143,2026-09-02T21:15:45+00:00,cs2_team_v2,130570,0.28021071110237317,0.7197892888976268,win,2026-09-03T20:30:27+00:00,1651267,2026-09-03T17:00:00Z,2026-09-03T17:06:30Z,2026-09-03T20:29:43Z,finished,best_of,3,Logitech G Play Connect,Playoffs,137584,Omega,130570,QUAZAR,130570,,,,,,,,QUAZAR,QUAZAR,130570,QUAZAR,win,0,,
842,paper_v2,value_3pp,2026-09-02T21:15:47+00:00,skipped_roster_uncertain,,,138660,,0.0,0.6545291566472355,,,,,6149,2026-09-02T21:15:45+00:00,cs2_team_v2,138660,0.3454708433527644,0.6545291566472355,win,2026-09-03T19:50:27+00:00,1651577,2026-09-03T17:00:00Z,2026-09-03T17:05:05Z,2026-09-03T19:45:37Z,finished,best_of,3,CCT Europe,Group Stage,129160,MOUZ NXT,138660,WRAITH PCIFIC,138660,,,,,,,,WRAITH PCIFIC,WRAITH PCIFIC,138660,WRAITH PCIFIC,win,0,,
843,paper_v2,value_3pp,2026-09-02T21:15:47+00:00,skipped_roster_uncertain,,,3288,,0.0,0.5660576871518016,,,,,6155,2026-09-02T21:15:45+00:00,cs2_team_v2,3288,0.5660576871518016,0.4339423128481984,loss,2026-09-03T21:00:10+00:00,1663805,2026-09-03T18:00:00Z,2026-09-03T18:06:13Z,2026-09-03T20:57:13Z,finished,best_of,3,Stake Ranked,Playoffs,3288,Virtus.pro,3217,fnatic,3217,,,,,,,,Virtus.pro,Virtus.pro,3217,fnatic,loss,0,,
844,paper_v2,value_3pp,2026-09-02T21:15:47+00:00,skipped_roster_uncertain,,,126491,,0.0,0.6811612188045323,,,,,6161,2026-09-02T21:15:45+00:00,cs2_team_v2,126491,0.6811612188045323,0.3188387811954677,win,2026-09-03T19:20:05+00:00,1664481,2026-09-03T17:45:00Z,2026-09-03T17:51:14Z,2026-09-03T19:14:09Z,finished,best_of,3,ESEA,Playoffs,126491,NAVI Junior,138710,Subtop De France,126491,,,,,,,,NAVI Junior,NAVI Junior,126491,NAVI Junior,win,0,,
845,paper_v2,value_3pp,2026-09-03T21:15:46+00:00,skipped_roster_uncertain,,,3225,,0.0,0.804400921215256,,,,,6167,2026-09-03T21:15:37+00:00,cs2_team_v2,3225,0.804400921215256,0.19559907878474403,loss,2026-09-04T01:20:27+00:00,1645116,2026-09-03T23:15:00Z,2026-09-03T23:13:24Z,2026-09-04T01:18:28Z,finished,best_of,3,CCT South America,Playoffs,3225,Keyd,128378,Procyon Gaming,128378,,,,,,,,Keyd,Keyd,128378,Procyon Gaming,loss,0,,
846,paper_v2,value_3pp,2026-09-03T21:15:46+00:00,skipped_roster_uncertain,,,136318,,0.0,0.6532112488619959,,,,,6183,2026-09-03T21:15:38+00:00,cs2_team_v2,136318,0.6532112488619959,0.3467887511380041,win,2026-09-04T01:00:10+00:00,1669683,2026-09-03T23:40:00Z,2026-09-03T23:40:52Z,2026-09-04T00:25:30Z,finished,best_of,1,NSTLGA League,Group Stage,136318,Marsborne,138044,FarmVille,136318,,,,,,,,Marsborne,Marsborne,136318,Marsborne,win,0,,
847,paper_v2,value_3pp,2026-09-03T21:15:46+00:00,skipped_roster_uncertain,,,132927,,0.0,0.526736460055717,,,,,6214,2026-09-03T21:15:39+00:00,cs2_team_v2,132927,0.473263539944283,0.526736460055717,loss,2026-09-04T13:20:20+00:00,1651268,2026-09-04T11:00:00Z,2026-09-04T11:05:21Z,2026-09-04T13:12:33Z,finished,best_of,3,Logitech G Play Connect,Playoffs,126408,9INE,132927,Rune Eaters,126408,,,,,,,,Rune Eaters,Rune Eaters,126408,9INE,loss,0,,
848,paper_v2,value_3pp,2026-09-03T21:15:46+00:00,skipped_roster_uncertain,,,135673,,0.0,0.6312641262584907,,,,,6225,2026-09-03T21:15:39+00:00,cs2_team_v2,135673,0.3687358737415093,0.6312641262584907,win,2026-09-04T11:40:24+00:00,1663800,2026-09-04T09:00:00Z,2026-09-04T09:05:49Z,2026-09-04T11:37:00Z,finished,best_of,3,Stake Ranked,Playoffs,127976,Infinite,135673,Nuclear TigeRES,135673,,,,,,,,Nuclear TigeRES,Nuclear TigeRES,135673,Nuclear TigeRES,win,0,,
849,paper_v2,value_3pp,2026-09-03T21:15:46+00:00,skipped_roster_uncertain,,,138400,,0.0,0.6899203245847392,,,,,6231,2026-09-03T21:15:40+00:00,cs2_team_v2,138400,0.3100796754152608,0.6899203245847392,win,2026-09-04T13:10:27+00:00,1658036,2026-09-04T11:00:00Z,2026-09-04T11:03:26Z,2026-09-04T13:06:02Z,finished,best_of,3,European Pro League,Group A,137707,SINQU,138400,mellren,138400,,,,,,,,mellren,mellren,138400,mellren,win,0,,
850,paper_v2,value_3pp,2026-09-03T21:15:46+00:00,skipped_roster_uncertain,,,131010,,0.0,0.6762706142661767,,,,,6237,2026-09-03T21:15:40+00:00,cs2_team_v2,131010,0.32372938573382326,0.6762706142661767,loss,2026-09-04T16:40:27+00:00,1651269,2026-09-04T14:15:00Z,2026-09-04T14:13:18Z,2026-09-04T16:40:19Z,finished,best_of,3,Logitech G Play Connect,Playoffs,129440,Metizport,131010,Sashi Esport,129440,,,,,,,,Sashi Esport,Sashi Esport,129440,Metizport,loss,0,,
851,paper_v2,value_3pp,2026-09-03T21:15:46+00:00,skipped_roster_uncertain,,,129413,,0.0,0.5049752337878902,,,,,6243,2026-09-03T21:15:40+00:00,cs2_team_v2,129413,0.4950247662121098,0.5049752337878902,loss,2026-09-04T14:00:10+00:00,1663806,2026-09-04T12:00:00Z,2026-09-04T11:56:39Z,2026-09-04T13:51:34Z,finished,best_of,3,Stake Ranked,Playoffs,130569,HOTU,129413,Eternal Fire,130569,,,,,,,,Eternal Fire,Eternal Fire,130569,HOTU,loss,0,,
852,paper_v2,value_3pp,2026-09-03T21:15:46+00:00,skipped_roster_uncertain,,,3248,,0.0,0.6157870045542715,,,,,6249,2026-09-03T21:15:40+00:00,cs2_team_v2,3248,0.6157870045542715,0.3842129954457285,win,2026-09-04T13:30:27+00:00,1658094,2026-09-04T12:30:00Z,,,canceled,best_of,3,IEM,Playoffs,3248,TYLOO,134746,FlyQuest,3248,,,,,,,,TYLOO,TYLOO,3248,TYLOO,win,0,,
853,paper_v2,value_3pp,2026-09-03T21:15:46+00:00,skipped_roster_uncertain,,,138101,,0.0,0.8464879457346188,,,,,6260,2026-09-03T21:15:41+00:00,cs2_team_v2,138101,0.15351205426538123,0.8464879457346188,loss,2026-09-04T14:30:09+00:00,1664476,2026-09-04T13:00:00Z,,,canceled,best_of,3,ESEA,Playoffs,138129,BOJONG,138101,Inner Circle Academy,138129,,,,,,,,Inner Circle Academy,Inner Circle Academy,138129,BOJONG,loss,0,,
854,paper_v2,value_3pp,2026-09-03T21:15:46+00:00,skipped_roster_uncertain,,,130564,,0.0,0.606641601420503,,,,,6266,2026-09-03T21:15:41+00:00,cs2_team_v2,130564,0.606641601420503,0.39335839857949695,win,2026-09-04T16:10:17+00:00,1640211,2026-09-04T14:00:00Z,2026-09-04T14:08:10Z,2026-09-04T16:04:24Z,finished,best_of,3,BLAST Open,Playoffs,130564,Team Falcons,3210,G2,130564,,,,,,,,Team Falcons,Team Falcons,130564,Team Falcons,win,0,,
855,paper_v2,value_3pp,2026-09-03T21:15:46+00:00,skipped_roster_uncertain,,,127976,,0.0,0.5287569252328642,,,,,6272,2026-09-03T21:15:41+00:00,cs2_team_v2,127976,0.5287569252328642,0.4712430747671358,win,2026-09-04T19:00:44+00:00,1651270,2026-09-04T17:10:00Z,2026-09-04T17:10:42Z,2026-09-04T18:59:28Z,finished,best_of,3,Logitech G Play Connect,Playoffs,127976,Infinite,136560,Phantom,127976,,,,,,,,Infinite,Infinite,127976,Infinite,win,0,,
856,paper_v2,value_3pp,2026-09-03T21:15:46+00:00,skipped_roster_uncertain,,,135673,,0.0,0.5916445792314676,,,,,6283,2026-09-03T21:15:42+00:00,cs2_team_v2,135673,0.4083554207685324,0.5916445792314676,loss,2026-09-04T16:50:21+00:00,1643643,2026-09-04T15:00:00Z,2026-09-04T15:02:39Z,2026-09-04T16:43:34Z,finished,best_of,3,IEM,Playoffs,129381,B8,135673,Nuclear TigeRES,129381,,,,,,,,Nuclear TigeRES,Nuclear TigeRES,129381,B8,loss,0,,
857,paper_v2,value_3pp,2026-09-03T21:15:46+00:00,skipped_roster_uncertain,,,129413,,0.0,0.5852107737597854,,,,,6289,2026-09-03T21:15:42+00:00,cs2_team_v2,129413,0.4147892262402147,0.5852107737597854,loss,2026-09-04T18:10:47+00:00,1643656,2026-09-04T15:00:00Z,2026-09-04T15:03:25Z,2026-09-04T18:06:50Z,finished,best_of,3,IEM,Playoffs,3246,Heroic,129413,Eternal Fire,3246,,,,,,,,Eternal Fire,Eternal Fire,3246,Heroic,loss,0,,
858,paper_v2,value_3pp,2026-09-03T21:15:46+00:00,skipped_roster_uncertain,,,131253,,0.0,0.8197111543203779,,,,,6295,2026-09-03T21:15:42+00:00,cs2_team_v2,131253,0.18028884567962208,0.8197111543203779,win,2026-09-04T18:10:47+00:00,1645114,2026-09-04T16:15:00Z,2026-09-04T16:21:26Z,2026-09-04T18:01:01Z,finished,best_of,3,CCT South America,Playoffs,138086,METANOIA WOLVES,131253,ODDIK,131253,,,,,,,,ODDIK,ODDIK,131253,ODDIK,win,0,,
859,paper_v2,value_3pp,2026-09-03T21:15:46+00:00,skipped_roster_uncertain,,,130570,,0.0,0.5160226461623203,,,,,6301,2026-09-03T21:15:43+00:00,cs2_team_v2,130570,0.48397735383767965,0.5160226461623203,win,2026-09-04T10:50:27+00:00,1651271,2026-09-04T08:10:00Z,2026-09-04T08:10:18Z,2026-09-04T10:41:34Z,finished,best_of,3,Logitech G Play Connect,Playoffs,127014,Sinners,130570,QUAZAR,130570,,,,,,,,QUAZAR,QUAZAR,130570,QUAZAR,win,0,,
860,paper_v2,value_3pp,2026-09-03T21:15:46+00:00,skipped_roster_uncertain,,,126515,,0.0,0.5386657064439345,,,,,6307,2026-09-03T21:15:43+00:00,cs2_team_v2,126515,0.4613342935560655,0.5386657064439345,loss,2026-09-04T18:50:28+00:00,1664473,2026-09-04T17:15:00Z,2026-09-04T17:16:53Z,2026-09-04T18:43:20Z,finished,best_of,3,ESEA,Playoffs,138146,Drama eSports,126515,ENRAGE,138146,,,,,,,,ENRAGE,ENRAGE,138146,Drama eSports,loss,0,,
861,paper_v2,value_3pp,2026-09-03T21:15:46+00:00,skipped_roster_uncertain,,,3455,,0.0,0.5211992378066598,,,,,6318,2026-09-03T21:15:43+00:00,cs2_team_v2,3455,0.4788007621933402,0.5211992378066598,win,2026-09-04T20:00:27+00:00,1640212,2026-09-04T16:50:00Z,2026-09-04T16:56:11Z,2026-09-04T19:53:27Z,finished,best_of,3,BLAST Open,Playoffs,124530,FURIA,3455,Vitality,3455,,,,,,,,Vitality,Vitality,3455,Vitality,win,0,,
862,paper_v2,value_3pp,2026-09-03T21:15:46+00:00,skipped_roster_uncertain,,,137289,,0.0,0.8125880603191593,,,,,6324,2026-09-03T21:15:44+00:00,cs2_team_v2,137289,0.8125880603191593,0.1874119396808407,win,2026-09-04T21:00:27+00:00,1663809,2026-09-04T18:15:00Z,2026-09-04T18:16:27Z,2026-09-04T20:55:45Z,finished,best_of,3,Stake Ranked,Playoffs,137289,Team Nemesis,137440,ASTRAL,137289,,,,,,,,Team Nemesis,Team Nemesis,137289,Team Nemesis,win,0,,
863,paper_v2,value_3pp,2026-09-03T21:15:46+00:00,skipped_roster_uncertain,,,134355,,0.0,0.7320785401975809,,,,,6330,2026-09-03T21:15:44+00:00,cs2_team_v2,134355,0.7320785401975809,0.2679214598024191,win,2026-09-04T20:30:28+00:00,1645115,2026-09-04T19:00:00Z,,,canceled,best_of,3,CCT South America,Playoffs,134355,Galorys,138886,BORRACHEIROS,134355,,,,,,,,Galorys,Galorys,134355,Galorys,win,0,,
864,paper_v2,value_3pp,2026-09-07T21:15:57+00:00,skipped_roster_uncertain,,,126709,,0.0,0.8544861839106849,,,,,6336,2026-09-07T21:15:47+00:00,cs2_team_v2,126709,0.8544861839106849,0.14551381608931513,win,2026-09-08T04:50:27+00:00,1654283,2026-09-08T03:10:00Z,2026-09-08T03:08:50Z,2026-09-08T04:49:32Z,finished,best_of,3,FISSURE PLAYGROUND,Group A,126709,9z,138284,5star,126709,,,,,,,,9z,9z,126709,9z,win,0,,
865,paper_v2,value_3pp,2026-09-07T21:15:57+00:00,skipped_roster_uncertain,,,133708,,0.0,0.6297116848459473,,,,,6342,2026-09-07T21:15:47+00:00,cs2_team_v2,133708,0.6297116848459473,0.3702883151540527,win,2026-09-08T07:20:27+00:00,1660042,2026-09-08T03:20:00Z,2026-09-08T03:21:19Z,2026-09-08T07:18:18Z,finished,best_of,3,FISSURE PLAYGROUND,Group B,133708,Legacy,137739,magic,133708,,,,,,,,Legacy,Legacy,133708,Legacy,win,0,,
866,paper_v2,value_3pp,2026-09-07T21:15:57+00:00,skipped_roster_uncertain,,,133725,,0.0,0.521106136484781,,,,,6348,2026-09-07T21:15:48+00:00,cs2_team_v2,133725,0.521106136484781,0.478893863515219,win,2026-09-08T10:10:09+00:00,1660043,2026-09-08T07:55:00Z,2026-09-08T07:59:28Z,2026-09-08T10:06:49Z,finished,best_of,3,FISSURE PLAYGROUND,Group B,133725,Alliance,3212,FaZe,133725,,,,,,,,Alliance,Alliance,133725,Alliance,win,0,,
867,paper_v2,value_3pp,2026-09-07T21:15:57+00:00,skipped_roster_uncertain,,,3272,,0.0,0.5199085588360433,,,,,6354,2026-09-07T21:15:48+00:00,cs2_team_v2,3272,0.48009144116395674,0.5199085588360433,loss,2026-09-08T09:00:45+00:00,1660046,2026-09-08T06:00:00Z,2026-09-08T05:54:35Z,2026-09-08T09:00:02Z,finished,best_of,3,FISSURE PLAYGROUND,Group A,3250,MIBR,3272,TheMongolz,3250,,,,,,,,TheMongolz,TheMongolz,3250,MIBR,loss,0,,
868,paper_v2,value_3pp,2026-09-07T21:15:57+00:00,skipped_roster_uncertain,,,136934,,0.0,0.7311974840211304,,,,,6370,2026-09-07T21:15:49+00:00,cs2_team_v2,136934,0.7311974840211304,0.2688025159788696,win,2026-09-08T09:30:27+00:00,1677355,2026-09-08T08:00:00Z,,,canceled,best_of,3,NODWIN Clutch Series,Play-In Group A,136934,Bushido Wildcats,137950,WAZABI,136934,,,,,,,,Bushido Wildcats,Bushido Wildcats,136934,Bushido Wildcats,win,0,,
869,paper_v2,value_3pp,2026-09-07T21:15:57+00:00,skipped_roster_uncertain,,,133719,,0.0,0.5117878191325321,,,,,6376,2026-09-07T21:15:49+00:00,cs2_team_v2,133719,0.5117878191325321,0.48821218086746787,win,2026-09-08T13:20:28+00:00,1660044,2026-09-08T10:55:00Z,2026-09-08T10:56:04Z,2026-09-08T13:10:45Z,finished,best_of,3,FISSURE PLAYGROUND,Group B,133719,PARIVISION,3248,TYLOO,133719,,,,,,,,PARIVISION,PARIVISION,133719,PARIVISION,win,0,,
870,paper_v2,value_3pp,2026-09-07T21:15:57+00:00,skipped_roster_uncertain,,,133458,,0.0,0.587299766337241,,,,,6382,2026-09-07T21:15:49+00:00,cs2_team_v2,133458,0.412700233662759,0.587299766337241,win,2026-09-08T11:20:27+00:00,1660048,2026-09-08T09:30:00Z,2026-09-08T09:27:53Z,2026-09-08T11:17:59Z,finished,best_of,3,FISSURE PLAYGROUND,Group A,3249,BIG,133458,BetBoom Team,133458,,,,,,,,BetBoom Team,BetBoom Team,133458,BetBoom Team,win,0,,
871,paper_v2,value_3pp,2026-09-07T21:15:57+00:00,skipped_roster_uncertain,,,130569,,0.0,0.662531620193874,,,,,6388,2026-09-07T21:15:50+00:00,cs2_team_v2,130569,0.662531620193874,0.337468379806126,win,2026-09-08T10:40:08+00:00,1673521,2026-09-08T09:00:00Z,2026-09-08T09:01:35Z,2026-09-08T10:34:04Z,finished,best_of,3,1win,Playoffs,130569,HOTU,135381,Betclic Apogee Esports,130569,,,,,,,,HOTU,HOTU,130569,HOTU,win,0,,
872,paper_v2,value_3pp,2026-09-07T21:15:57+00:00,skipped_roster_uncertain,,,137075,,0.0,0.5224263888894194,,,,,6399,2026-09-07T21:15:50+00:00,cs2_team_v2,137075,0.5224263888894194,0.4775736111105806,loss,2026-09-08T12:00:10+00:00,1673403,2026-09-08T10:45:00Z,,,canceled,best_of,3,United21,Group C,137075,Misa Esports,138281,Passion Academy,138281,,,,,,,,Misa Esports,Misa Esports,138281,Passion Academy,loss,0,,
873,paper_v2,value_3pp,2026-09-07T21:15:57+00:00,skipped_roster_uncertain,,,128258,,0.0,0.6215425770082419,,,,,6405,2026-09-07T21:15:51+00:00,cs2_team_v2,128258,0.6215425770082419,0.3784574229917581,loss,2026-09-08T14:10:21+00:00,1669145,2026-09-08T11:00:00Z,2026-09-08T11:05:26Z,2026-09-08T14:04:55Z,finished,best_of,3,CCT Europe,Playoffs,128258,Entropy,129405,SAW Youngsters,129405,,,,,,,,Entropy,Entropy,129405,SAW Youngsters,loss,0,,
874,paper_v2,value_3pp,2026-09-07T21:15:57+00:00,skipped_roster_uncertain,,,137703,,0.0,0.659095748149577,,,,,6411,2026-09-07T21:15:51+00:00,cs2_team_v2,137703,0.659095748149577,0.34090425185042295,win,2026-09-08T12:30:08+00:00,1669147,2026-09-08T11:00:00Z,,,canceled,best_of,3,CCT Europe,Playoffs,137703,ex-Zero Tenacity,138631,Privateer Gaming,137703,,,,,,,,ex-Zero Tenacity,ex-Zero Tenacity,137703,ex-Zero Tenacity,win,0,,
875,paper_v2,value_3pp,2026-09-07T21:15:57+00:00,skipped_roster_uncertain,,,137953,,0.0,0.527798926364025,,,,,6417,2026-09-07T21:15:51+00:00,cs2_team_v2,137953,0.527798926364025,0.47220107363597497,loss,2026-09-08T14:10:21+00:00,1677356,2026-09-08T11:00:00Z,2026-09-08T11:06:40Z,2026-09-08T14:09:20Z,finished,best_of,3,NODWIN Clutch Series,Play-In Group B,137953,Fortress,3251,ENCE,3251,,,,,,,,Fortress,Fortress,3251,ENCE,loss,0,,
876,paper_v2,value_3pp,2026-09-07T21:15:57+00:00,skipped_roster_uncertain,,,124530,,0.0,0.7105573757860657,,,,,6423,2026-09-07T21:15:51+00:00,cs2_team_v2,124530,0.28944262421393424,0.7105573757860657,win,2026-09-08T15:20:28+00:00,1660045,2026-09-08T11:50:00Z,2026-09-08T11:54:58Z,2026-09-08T15:12:02Z,finished,best_of,3,FISSURE PLAYGROUND,Group B,125847,GamerLegion,124530,FURIA,124530,,,,,,,,FURIA,FURIA,124530,FURIA,win,0,,
877,paper_v2,value_3pp,2026-09-07T21:15:57+00:00,skipped_roster_uncertain,,,3210,,0.0,0.6858460405710682,,,,,6429,2026-09-07T21:15:52+00:00,cs2_team_v2,3210,0.6858460405710682,0.31415395942893176,loss,2026-09-08T17:40:28+00:00,1660047,2026-09-08T13:45:00Z,2026-09-08T13:47:48Z,2026-09-08T17:36:49Z,finished,best_of,3,FISSURE PLAYGROUND,Group A,3210,G2,3209,Astralis,3209,,,,,,,,G2,G2,3209,Astralis,loss,0,,
878,paper_v2,value_3pp,2026-09-07T21:15:57+00:00,skipped_roster_uncertain,,,124522,,0.0,0.593589458369963,,,,,6435,2026-09-07T21:15:52+00:00,cs2_team_v2,124522,0.593589458369963,0.406410541630037,win,2026-09-08T14:00:18+00:00,1673522,2026-09-08T12:00:00Z,2026-09-08T12:03:17Z,2026-09-08T13:54:24Z,finished,best_of,3,1win,Playoffs,124522,Nemiga,139106,Color,124522,,,,,,,,Nemiga,Nemiga,124522,Nemiga,win,0,,
879,paper_v2,value_3pp,2026-09-07T21:15:57+00:00,skipped_roster_uncertain,,,129160,,0.0,0.5694013318623509,,,,,6441,2026-09-07T21:15:52+00:00,cs2_team_v2,129160,0.5694013318623509,0.43059866813764913,win,2026-09-08T15:30:46+00:00,1672240,2026-09-08T13:15:00Z,2026-09-08T13:15:42Z,2026-09-08T15:23:56Z,finished,best_of,3,ESL Challenger League,Playoffs,129160,MOUZ NXT,138694,Dark Moon,129160,,,,,,,,MOUZ NXT,MOUZ NXT,129160,MOUZ NXT,win,0,,
880,paper_v2,value_3pp,2026-09-07T21:15:57+00:00,skipped_roster_uncertain,,,136934,,0.0,0.6315261858088007,,,,,6447,2026-09-07T21:15:53+00:00,cs2_team_v2,136934,0.6315261858088007,0.3684738141911993,win,2026-09-08T15:20:28+00:00,1669121,2026-09-08T14:00:00Z,2026-09-08T14:01:31Z,2026-09-08T15:18:40Z,finished,best_of,3,CCT Europe,Playoffs,136934,Bushido Wildcats,126491,NAVI Junior,136934,,,,,,,,Bushido Wildcats,Bushido Wildcats,136934,Bushido Wildcats,win,0,,
881,paper_v2,value_3pp,2026-09-07T21:15:57+00:00,skipped_roster_uncertain,,,137580,,0.0,0.681854313226674,,,,,6453,2026-09-07T21:15:53+00:00,cs2_team_v2,137580,0.681854313226674,0.318145686773326,loss,2026-09-08T16:20:23+00:00,1669123,2026-09-08T14:15:00Z,2026-09-08T14:19:14Z,2026-09-08T16:11:17Z,finished,best_of,3,CCT Europe,Playoffs,137580, Phantom Academy,137075,Misa Esports,137075,,,,,,,, Phantom Academy, Phantom Academy,137075,Misa Esports,loss,0,,
882,paper_v2,value_3pp,2026-09-07T21:15:57+00:00,skipped_roster_uncertain,,,138974,,0.0,0.6934641947371685,,,,,6459,2026-09-07T21:15:53+00:00,cs2_team_v2,138974,0.6934641947371685,0.30653580526283153,win,2026-09-08T16:10:28+00:00,1677357,2026-09-08T14:40:00Z,2026-09-08T14:39:01Z,2026-09-08T16:01:41Z,finished,best_of,3,NODWIN Clutch Series,Play-In Group B,138974,ex-RUSTEC,128258,Entropy,138974,,,,,,,,ex-RUSTEC,ex-RUSTEC,138974,ex-RUSTEC,win,0,,
883,paper_v2,value_3pp,2026-09-07T21:15:57+00:00,skipped_roster_uncertain,,,135298,,0.0,0.5222751631089808,,,,,6465,2026-09-07T21:15:53+00:00,cs2_team_v2,135298,0.47772483689101913,0.5222751631089808,win,2026-09-08T16:50:28+00:00,1673523,2026-09-08T15:00:00Z,2026-09-08T15:11:21Z,2026-09-08T16:40:50Z,finished,best_of,3,1win,Playoffs,131848,largadosypelados,135298,K27,135298,,,,,,,,K27,K27,135298,K27,win,0,,
884,paper_v2,value_3pp,2026-09-07T21:15:57+00:00,skipped_roster_uncertain,,,138163,,0.0,0.5012721672934939,,,,,6486,2026-09-07T21:15:54+00:00,cs2_team_v2,138163,0.5012721672934939,0.4987278327065061,loss,2026-09-08T19:20:09+00:00,1664518,2026-09-08T17:50:00Z,2026-09-08T17:50:57Z,2026-09-08T19:15:11Z,finished,best_of,3,ESEA,Playoffs,138163,Younglings,134037,Banger Gang,134037,,,,,,,,Younglings,Younglings,134037,Banger Gang,loss,0,,
885,paper_v2,value_3pp,2026-09-11T21:15:54+00:00,skipped_roster_uncertain,,,138044,,0.0,0.5021975270094663,,,,,6507,2026-09-11T21:15:43+00:00,cs2_team_v2,138044,0.5021975270094663,0.4978024729905337,loss,2026-09-12T01:10:58+00:00,1669729,2026-09-11T23:00:00Z,2026-09-11T22:58:18Z,2026-09-12T01:02:23Z,finished,best_of,3,NSTLGA League,Playoffs,138044,FarmVille,138652,Overtake Sector,138652,,,,,,,,FarmVille,FarmVille,138652,Overtake Sector,loss,0,,
886,paper_v2,value_3pp,2026-09-11T21:15:54+00:00,skipped_roster_uncertain,,,135468,,0.0,0.675160535234687,,,,,6523,2026-09-11T21:15:44+00:00,cs2_team_v2,135468,0.675160535234687,0.324839464765313,loss,2026-09-12T01:40:27+00:00,1677312,2026-09-11T23:00:00Z,2026-09-11T23:03:50Z,2026-09-12T01:32:23Z,finished,best_of,3,PGL Masters,Playoffs,135468,ShindeN,137992,Fluxo W7M,137992,,,,,,,,ShindeN,ShindeN,137992,Fluxo W7M,loss,0,,
887,paper_v2,value_3pp,2026-09-11T21:15:54+00:00,skipped_roster_uncertain,,,137496,,0.0,0.6054414400090837,,,,,6529,2026-09-11T21:15:44+00:00,cs2_team_v2,137496,0.6054414400090837,0.39455855999091627,win,2026-09-12T02:50:37+00:00,1669724,2026-09-12T01:10:00Z,2026-09-12T01:12:42Z,2026-09-12T02:46:22Z,finished,best_of,3,NSTLGA League,Playoffs,137496,SportsBetExpert,138716,Iowa Stormboar,137496,,,,,,,,SportsBetExpert,SportsBetExpert,137496,SportsBetExpert,win,0,,
888,paper_v2,value_3pp,2026-09-11T21:15:54+00:00,skipped_roster_uncertain,,,3213,,0.0,0.5266185448509393,,,,,6535,2026-09-11T21:15:45+00:00,cs2_team_v2,3213,0.47338145514906077,0.5266185448509393,loss,2026-09-12T04:10:27+00:00,1676460,2026-09-12T02:00:00Z,2026-09-12T02:06:47Z,2026-09-12T04:01:55Z,finished,best_of,3,PGL Masters,Playoffs,3256,NRG,3213,Liquid,3256,,,,,,,,Liquid,Liquid,3256,NRG,loss,0,,
889,paper_v2,value_3pp,2026-09-11T21:15:54+00:00,skipped_roster_uncertain,,,133708,,0.0,0.7322689544047376,,,,,6541,2026-09-11T21:15:45+00:00,cs2_team_v2,133708,0.7322689544047376,0.2677310455952624,win,2026-09-12T09:50:58+00:00,1674231,2026-09-12T06:00:00Z,2026-09-12T06:02:58Z,2026-09-12T09:49:48Z,finished,best_of,3,FISSURE PLAYGROUND,Playoffs,133708,Legacy,3250,MIBR,133708,,,,,,,,Legacy,Legacy,133708,Legacy,win,0,,
890,paper_v2,value_3pp,2026-09-11T21:15:54+00:00,skipped_roster_uncertain,,,131010,,0.0,0.741912345939772,,,,,6547,2026-09-11T21:15:45+00:00,cs2_team_v2,131010,0.741912345939772,0.25808765406022804,win,2026-09-12T10:40:09+00:00,1651787,2026-09-12T08:10:00Z,2026-09-12T08:08:21Z,2026-09-12T10:36:46Z,finished,best_of,3,CCT Europe,Playoffs,131010,Sashi Esport,138660,WRAITH PCIFIC,131010,,,,,,,,Sashi Esport,Sashi Esport,131010,Sashi Esport,win,0,,
891,paper_v2,value_3pp,2026-09-11T21:15:54+00:00,skipped_roster_uncertain,,,137580,,0.0,0.6922268084692615,,,,,6553,2026-09-11T21:15:45+00:00,cs2_team_v2,137580,0.6922268084692615,0.30777319153073845,loss,2026-09-13T16:50:37+00:00,1673404,2026-09-12T08:00:00Z,,,canceled,best_of,3,United21,Group C,137580, Phantom Academy,138281,Passion Academy,138281,,,,,,,, Phantom Academy, Phantom Academy,138281,Passion Academy,loss,0,,
892,paper_v2,value_3pp,2026-09-11T21:15:54+00:00,skipped_roster_uncertain,,,137580,,0.0,0.530982609633504,,,,,6559,2026-09-11T21:15:46+00:00,cs2_team_v2,137580,0.4690173903664961,0.530982609633504,loss,2026-09-12T10:20:28+00:00,1677990,2026-09-12T08:00:00Z,2026-09-12T08:03:59Z,2026-09-12T10:20:00Z,finished,best_of,3,CCT Europe,Group C,138812,Noir Verse,137580, Phantom Academy,138812,,,,,,,, Phantom Academy, Phantom Academy,138812,Noir Verse,loss,0,,
893,paper_v2,value_3pp,2026-09-11T21:15:54+00:00,skipped_roster_uncertain,,,3288,,0.0,0.5795355189992579,,,,,6565,2026-09-11T21:15:46+00:00,cs2_team_v2,3288,0.42046448100074213,0.5795355189992579,win,2026-09-12T11:21:03+00:00,1678039,2026-09-12T08:10:00Z,2026-09-12T08:09:55Z,2026-09-12T11:16:12Z,finished,best_of,3,Thunderpick World Championship,Playoffs,137699,FOKUS,3288,Virtus.pro,3288,,,,,,,,Virtus.pro,Virtus.pro,3288,Virtus.pro,win,0,,
894,paper_v2,value_3pp,2026-09-11T21:15:54+00:00,skipped_roster_uncertain,,,137967,,0.0,0.6707767078406284,,,,,6571,2026-09-11T21:15:46+00:00,cs2_team_v2,137967,0.6707767078406284,0.3292232921593716,loss,2026-09-12T09:30:47+00:00,1685296,2026-09-12T08:10:00Z,2026-09-12T08:07:27Z,2026-09-12T09:27:11Z,finished,best_of,3,NODWIN Clutch Series,Play-In Group C,137967,ReThink,137075,Misa Esports,137075,,,,,,,,ReThink,ReThink,137075,Misa Esports,loss,0,,
895,paper_v2,value_3pp,2026-09-11T21:15:54+00:00,skipped_roster_uncertain,,,3210,,0.0,0.5656270718124872,,,,,6577,2026-09-11T21:15:46+00:00,cs2_team_v2,3210,0.4343729281875129,0.5656270718124872,win,2026-09-12T14:40:17+00:00,1674232,2026-09-12T11:10:00Z,2026-09-12T11:07:24Z,2026-09-12T14:31:34Z,finished,best_of,3,FISSURE PLAYGROUND,Playoffs,133458,BetBoom Team,3210,G2,3210,,,,,,,,G2,G2,3210,G2,win,0,,
896,paper_v2,value_3pp,2026-09-11T21:15:54+00:00,skipped_roster_uncertain,,,126944,,0.0,0.5645138948461638,,,,,6583,2026-09-11T21:15:47+00:00,cs2_team_v2,126944,0.5645138948461638,0.43548610515383623,loss,2026-09-12T11:50:28+00:00,1676032,2026-09-12T10:10:00Z,2026-09-12T10:07:23Z,2026-09-12T11:41:36Z,finished,best_of,3,PGL Masters,Playoffs,126944,1WIN,129381,B8,129381,,,,,,,,1WIN,1WIN,129381,B8,loss,0,,
897,paper_v2,value_3pp,2026-09-11T21:15:54+00:00,skipped_roster_uncertain,,,131848,,0.0,0.6692178235133364,,,,,6594,2026-09-11T21:15:47+00:00,cs2_team_v2,131848,0.3307821764866637,0.6692178235133364,win,2026-09-12T13:00:28+00:00,1681283,2026-09-12T10:00:00Z,2026-09-12T10:05:23Z,2026-09-12T12:50:39Z,finished,best_of,3,Roman Imperium Cup,Playoffs,138841,WBT,131848,largadosypelados,131848,,,,,,,,largadosypelados,largadosypelados,131848,largadosypelados,win,0,,
898,paper_v2,value_3pp,2026-09-11T21:15:54+00:00,skipped_roster_uncertain,,,139089,,0.0,0.6733576586361423,,,,,6600,2026-09-11T21:15:47+00:00,cs2_team_v2,139089,0.6733576586361423,0.3266423413638577,win,2026-09-12T12:30:29+00:00,1673405,2026-09-12T10:30:00Z,,,canceled,best_of,3,United21,Group C,139089,EAC Extra,137075,Misa Esports,139089,,,,,,,,EAC Extra,EAC Extra,139089,EAC Extra,win,0,,
899,paper_v2,value_3pp,2026-09-11T21:15:54+00:00,skipped_roster_uncertain,,,136659,,0.0,0.554424921117703,,,,,6606,2026-09-11T21:15:48+00:00,cs2_team_v2,136659,0.445575078882297,0.554424921117703,loss,2026-09-12T14:10:28+00:00,1651788,2026-09-12T11:10:00Z,2026-09-12T11:09:30Z,2026-09-12T14:02:41Z,finished,best_of,3,CCT Europe,Playoffs,139106,Color,136659,SPARTA,139106,,,,,,,,SPARTA,SPARTA,139106,Color,loss,0,,
900,paper_v2,value_3pp,2026-09-11T21:15:54+00:00,skipped_roster_uncertain,,,136934,,0.0,0.7456432827473903,,,,,6612,2026-09-11T21:15:48+00:00,cs2_team_v2,136934,0.7456432827473903,0.25435671725260967,loss,2026-09-12T12:30:29+00:00,1669127,2026-09-12T11:10:00Z,2026-09-12T11:07:36Z,2026-09-12T12:27:03Z,finished,best_of,3,CCT Europe,Playoffs,136934,Bushido Wildcats,137075,Misa Esports,137075,,,,,,,,Bushido Wildcats,Bushido Wildcats,137075,Misa Esports,loss,0,,
901,paper_v2,value_3pp,2026-09-11T21:15:54+00:00,skipped_roster_uncertain,,,128258,,0.0,0.5937044831559584,,,,,6618,2026-09-11T21:15:48+00:00,cs2_team_v2,128258,0.4062955168440417,0.5937044831559584,win,2026-09-12T15:30:28+00:00,1677995,2026-09-12T14:00:00Z,,,canceled,best_of,3,CCT Europe,Group D,138631,Privateer Gaming,128258,Entropy,128258,,,,,,,,Entropy,Entropy,128258,Entropy,win,0,,
902,paper_v2,value_3pp,2026-09-11T21:15:54+00:00,skipped_roster_uncertain,,,137699,,0.0,0.5738055815465178,,,,,6649,2026-09-11T21:15:50+00:00,cs2_team_v2,137699,0.5738055815465178,0.42619441845348216,win,2026-09-12T16:00:28+00:00,1651789,2026-09-12T14:00:00Z,2026-09-12T14:22:32Z,2026-09-12T15:50:47Z,finished,best_of,3,CCT Europe,Playoffs,137699,FOKUS,133269,Leo Team,137699,,,,,,,,FOKUS,FOKUS,137699,FOKUS,win,0,,
903,paper_v2,value_3pp,2026-09-11T21:15:54+00:00,skipped_roster_uncertain,,,126452,,0.0,0.5943901343093029,,,,,6660,2026-09-11T21:15:50+00:00,cs2_team_v2,126452,0.4056098656906971,0.5943901343093029,loss,2026-09-12T16:10:28+00:00,1678041,2026-09-12T14:00:00Z,2026-09-12T14:06:22Z,2026-09-12T16:01:23Z,finished,best_of,3,Thunderpick World Championship,Playoffs,130569,HOTU,126452,100 Thieves,130569,,,,,,,,100 Thieves,100 Thieves,130569,HOTU,loss,0,,
904,paper_v2,value_3pp,2026-09-11T21:15:54+00:00,skipped_roster_uncertain,,,124522,,0.0,0.7085569528865605,,,,,6671,2026-09-11T21:15:51+00:00,cs2_team_v2,124522,0.7085569528865605,0.2914430471134395,win,2026-09-12T18:40:18+00:00,1651790,2026-09-12T17:00:00Z,2026-09-12T17:08:51Z,2026-09-12T18:31:39Z,finished,best_of,3,CCT Europe,Playoffs,124522,Nemiga,138406,Just Players,124522,,,,,,,,Nemiga,Nemiga,124522,Nemiga,win,0,,
905,paper_v2,value_3pp,2026-09-11T21:15:54+00:00,skipped_roster_uncertain,,,136934,,0.0,0.6170799180801834,,,,,6677,2026-09-11T21:15:51+00:00,cs2_team_v2,136934,0.3829200819198166,0.6170799180801834,win,2026-09-12T20:00:48+00:00,1677994,2026-09-12T17:15:00Z,2026-09-12T17:17:10Z,2026-09-12T20:00:27Z,finished,best_of,3,CCT Europe,Group D,126491,NAVI Junior,136934,Bushido Wildcats,136934,,,,,,,,Bushido Wildcats,Bushido Wildcats,136934,Bushido Wildcats,win,0,,
906,paper_v2,value_3pp,2026-09-11T21:15:54+00:00,skipped_roster_uncertain,,,126944,,0.0,0.7301091976892897,,,,,6683,2026-09-11T21:15:51+00:00,cs2_team_v2,126944,0.2698908023107103,0.7301091976892897,loss,2026-09-12T20:10:49+00:00,1678042,2026-09-12T17:00:00Z,2026-09-12T17:09:46Z,2026-09-12T20:08:35Z,finished,best_of,3,Thunderpick World Championship,Playoffs,3246,Heroic,126944,1WIN,3246,,,,,,,,1WIN,1WIN,3246,Heroic,loss,0,,
907,paper_v2,value_3pp,2026-09-13T21:15:48+00:00,skipped_roster_uncertain,,,137289,,0.0,0.7120871155322421,,,,,6709,2026-09-13T21:15:38+00:00,cs2_team_v2,137289,0.7120871155322421,0.28791288446775787,win,2026-09-14T08:10:28+00:00,1686069,2026-09-14T06:00:00Z,2026-09-14T06:08:54Z,2026-09-14T08:08:53Z,finished,best_of,3,CIS LAN Championship,Group B,137289,Team Nemesis,137708,BET-M 33,137289,,,,,,,,Team Nemesis,Team Nemesis,137289,Team Nemesis,win,0,,
908,paper_v2,value_3pp,2026-09-13T21:15:48+00:00,skipped_roster_uncertain,,,135227,,0.0,0.55336169822158,,,,,6725,2026-09-13T21:15:39+00:00,cs2_team_v2,135227,0.44663830177842,0.55336169822158,loss,2026-09-14T10:10:27+00:00,1677997,2026-09-14T08:00:00Z,2026-09-14T08:06:42Z,2026-09-14T10:00:49Z,finished,best_of,3,CCT Europe,Play-In,136934,Bushido Wildcats,135227,ENJOY,136934,,,,,,,,ENJOY,ENJOY,136934,Bushido Wildcats,loss,0,,
909,paper_v2,value_3pp,2026-09-13T21:15:48+00:00,skipped_roster_uncertain,,,137508,,0.0,0.5844510980688957,,,,,6731,2026-09-13T21:15:39+00:00,cs2_team_v2,137508,0.4155489019311042,0.5844510980688957,loss,2026-09-14T11:00:27+00:00,1683145,2026-09-14T08:00:00Z,2026-09-14T08:06:58Z,2026-09-14T10:57:32Z,finished,best_of,3,Exort Fiesta,Group Stage,3251,ENCE,137508,Falcons Force,3251,,,,,,,,Falcons Force,Falcons Force,3251,ENCE,loss,0,,
910,paper_v2,value_3pp,2026-09-13T21:15:48+00:00,skipped_roster_uncertain,,,124522,,0.0,0.5482608899708761,,,,,6742,2026-09-13T21:15:40+00:00,cs2_team_v2,124522,0.4517391100291239,0.5482608899708761,win,2026-09-14T12:00:27+00:00,1651795,2026-09-14T10:00:00Z,2026-09-14T10:04:39Z,2026-09-14T11:53:03Z,finished,best_of,3,CCT Europe,Playoffs,129440,Metizport,124522,Nemiga,124522,,,,,,,,Nemiga,Nemiga,124522,Nemiga,win,0,,
911,paper_v2,value_3pp,2026-09-13T21:15:48+00:00,skipped_roster_uncertain,,,132795,,0.0,0.6425268149709598,,,,,6748,2026-09-13T21:15:40+00:00,cs2_team_v2,132795,0.6425268149709598,0.35747318502904024,loss,2026-09-14T12:30:28+00:00,1673401,2026-09-14T10:50:00Z,2026-09-14T10:48:26Z,2026-09-14T12:21:50Z,finished,best_of,3,United21,Group B,132795,INFURITY Gaming,136846,Prestige,136846,,,,,,,,INFURITY Gaming,INFURITY Gaming,136846,Prestige,loss,0,,
912,paper_v2,value_3pp,2026-09-13T21:15:48+00:00,skipped_roster_uncertain,,,136934,,0.0,0.6302319825672887,,,,,6754,2026-09-13T21:15:40+00:00,cs2_team_v2,136934,0.6302319825672887,0.36976801743271126,loss,2026-09-14T14:01:07+00:00,1683270,2026-09-14T11:00:00Z,2026-09-14T10:55:09Z,2026-09-14T14:00:50Z,finished,best_of,3,European Pro League,Group C,136934,Bushido Wildcats,126491,NAVI Junior,126491,,,,,,,,Bushido Wildcats,Bushido Wildcats,126491,NAVI Junior,loss,0,,
913,paper_v2,value_3pp,2026-09-13T21:15:48+00:00,skipped_roster_uncertain,,,131010,,0.0,0.6144184031580283,,,,,6770,2026-09-13T21:15:41+00:00,cs2_team_v2,131010,0.6144184031580283,0.3855815968419717,loss,2026-09-14T15:30:28+00:00,1651796,2026-09-14T13:00:00Z,2026-09-14T13:03:31Z,2026-09-14T15:28:35Z,finished,best_of,3,CCT Europe,Playoffs,131010,Sashi Esport,139106,Color,139106,,,,,,,,Sashi Esport,Sashi Esport,139106,Color,loss,0,,
914,paper_v2,value_3pp,2026-09-13T21:15:48+00:00,skipped_roster_uncertain,,,126491,,0.0,0.5004844114549487,,,,,6776,2026-09-13T21:15:41+00:00,cs2_team_v2,126491,0.49951558854505135,0.5004844114549487,win,2026-09-14T17:30:28+00:00,1677999,2026-09-14T14:00:00Z,2026-09-14T14:17:08Z,2026-09-14T17:21:34Z,finished,best_of,3,CCT Europe,Play-In,137508,Falcons Force,126491,NAVI Junior,126491,,,,,,,,NAVI Junior,NAVI Junior,126491,NAVI Junior,win,0,,
915,paper_v2,value_3pp,2026-09-13T21:15:48+00:00,skipped_roster_uncertain,,,124522,,0.0,0.6722231254227884,,,,,6787,2026-09-13T21:15:42+00:00,cs2_team_v2,124522,0.6722231254227884,0.3277768745772116,win,2026-09-14T18:30:08+00:00,1686074,2026-09-14T15:25:00Z,2026-09-14T15:25:32Z,2026-09-14T18:28:44Z,finished,best_of,3,CIS LAN Championship,Group C,124522,Nemiga,138963,Black Phoenix,124522,,,,,,,,Nemiga,Nemiga,124522,Nemiga,win,0,,
916,paper_v2,value_3pp,2026-09-13T21:15:48+00:00,skipped_roster_uncertain,,,139089,,0.0,0.5752823770949876,,,,,6798,2026-09-13T21:15:43+00:00,cs2_team_v2,139089,0.5752823770949876,0.42471762290501236,loss,2026-09-14T17:30:28+00:00,1687952,2026-09-14T16:00:00Z,2026-09-14T16:07:33Z,2026-09-14T16:57:03Z,finished,best_of,1,Dust2.dk Ligaen,Regular Season,139089,EAC Extra,138578,MASQ,138578,,,,,,,,EAC Extra,EAC Extra,138578,MASQ,loss,0,,
917,paper_v2,value_3pp,2026-09-13T21:15:48+00:00,skipped_roster_uncertain,,,137701,,0.0,0.6654975165605879,,,,,6804,2026-09-13T21:15:43+00:00,cs2_team_v2,137701,0.3345024834394122,0.6654975165605879,loss,2026-09-14T19:30:18+00:00,1678000,2026-09-14T17:40:00Z,2026-09-14T17:41:15Z,2026-09-14T19:23:02Z,finished,best_of,3,CCT Europe,Play-In,132060,Permitta Esports,137701,Bebop,132060,,,,,,,,Bebop,Bebop,132060,Permitta Esports,loss,0,,
918,paper_v2,value_3pp,2026-09-13T21:15:48+00:00,skipped_roster_uncertain,,,138694,,0.0,0.5300693982801609,,,,,6820,2026-09-13T21:15:44+00:00,cs2_team_v2,138694,0.5300693982801609,0.46993060171983914,loss,2026-09-14T19:40:28+00:00,1664535,2026-09-14T17:55:00Z,2026-09-14T17:56:04Z,2026-09-14T19:32:21Z,finished,best_of,3,ESEA,Playoffs,138694,Dark Moon,134037,Banger Gang,134037,,,,,,,,Dark Moon,Dark Moon,134037,Banger Gang,loss,0,,
919,paper_v2,value_3pp,2026-09-13T21:15:48+00:00,skipped_roster_uncertain,,,138146,,0.0,0.5208872542492722,,,,,6826,2026-09-13T21:15:44+00:00,cs2_team_v2,138146,0.5208872542492722,0.4791127457507278,loss,2026-09-14T21:15:05+00:00,1664536,2026-09-14T17:55:00Z,2026-09-14T17:56:57Z,2026-09-14T21:12:18Z,finished,best_of,3,ESEA,Playoffs,138146,Drama eSports,133991,ZOTIX,133991,,,,,,,,Drama eSports,Drama eSports,133991,ZOTIX,loss,0,,
920,paper_v2,value_3pp,2026-09-13T21:15:48+00:00,skipped_roster_uncertain,,,137474,,0.0,0.6252283524454165,,,,,6832,2026-09-13T21:15:45+00:00,cs2_team_v2,137474,0.6252283524454165,0.3747716475545835,win,2026-09-14T20:10:41+00:00,1664537,2026-09-14T17:55:00Z,2026-09-14T17:56:59Z,2026-09-14T20:09:08Z,finished,best_of,3,ESEA,Playoffs,137474,OLDBOYS PL,136786,LPH Gaming,137474,,,,,,,,OLDBOYS PL,OLDBOYS PL,137474,OLDBOYS PL,win,0,,
921,paper_v2,value_3pp,2026-09-14T21:15:40+00:00,skipped_roster_uncertain,,,137580,,0.0,0.5252060942075905,,,,,6868,2026-09-14T21:15:33+00:00,cs2_team_v2,137580,0.47479390579240954,0.5252060942075905,loss,2026-09-15T11:40:27+00:00,1673406,2026-09-15T08:00:00Z,,,canceled,best_of,3,United21,Group C,139089,EAC Extra,137580, Phantom Academy,139089,,,,,,,, Phantom Academy, Phantom Academy,139089,EAC Extra,loss,0,,
922,paper_v2,value_3pp,2026-09-14T21:15:40+00:00,skipped_roster_uncertain,,,130570,,0.0,0.800565709283172,,,,,6874,2026-09-14T21:15:33+00:00,cs2_team_v2,130570,0.800565709283172,0.19943429071682806,win,2026-09-15T11:10:24+00:00,1681043,2026-09-15T08:10:00Z,2026-09-15T08:13:08Z,2026-09-15T11:08:48Z,finished,best_of,3,CCT Europe,Group Stage,130570,QUAZAR,132060,Permitta Esports,130570,,,,,,,,QUAZAR,QUAZAR,130570,QUAZAR,win,0,,
923,paper_v2,value_3pp,2026-09-14T21:15:40+00:00,skipped_roster_uncertain,,,133063,,0.0,0.6553900161384253,,,,,6880,2026-09-14T21:15:33+00:00,cs2_team_v2,133063,0.6553900161384253,0.3446099838615747,win,2026-09-15T10:10:09+00:00,1683149,2026-09-15T08:10:00Z,2026-09-15T08:11:15Z,2026-09-15T10:00:47Z,finished,best_of,3,Exort Fiesta,Group Stage,133063,UNiTY esports,137580, Phantom Academy,133063,,,,,,,,UNiTY esports,UNiTY esports,133063,UNiTY esports,win,0,,
924,paper_v2,value_3pp,2026-09-14T21:15:40+00:00,skipped_no_value,MelBet,2026-09-14T21:15:16+00:00,126624,1.72,0.0,0.5221520295536849,0.5425531914893618,-0.02040116193567687,,,6891,2026-09-14T21:15:34+00:00,cs2_team_v2,126624,0.5221520295536849,0.4778479704463151,win,2026-09-15T11:10:24+00:00,1684138,2026-09-15T08:20:00Z,2026-09-15T08:21:37Z,2026-09-15T11:09:13Z,finished,best_of,3,NODWIN Clutch Series,Group Stage,126624,Brute,135321,G2 Ares,126624,,,,,,,,Brute,Brute,126624,Brute,win,0,,
925,paper_v2,value_3pp,2026-09-14T21:15:40+00:00,skipped_roster_uncertain,,,130059,,0.0,0.5981869869803838,,,,,6897,2026-09-14T21:15:34+00:00,cs2_team_v2,130059,0.4018130130196162,0.5981869869803838,win,2026-09-15T14:10:27+00:00,1673411,2026-09-15T10:50:00Z,2026-09-15T10:51:14Z,2026-09-15T14:03:13Z,finished,best_of,3,United21,Group D,138087, Gatorian,130059,Eternal Fire Academy,130059,,,,,,,,Eternal Fire Academy,Eternal Fire Academy,130059,Eternal Fire Academy,win,0,,
926,paper_v2,value_3pp,2026-09-14T21:15:40+00:00,skipped_roster_uncertain,,,128258,,0.0,0.5096416019174953,,,,,6903,2026-09-14T21:15:35+00:00,cs2_team_v2,128258,0.5096416019174953,0.4903583980825047,win,2026-09-15T12:10:27+00:00,1683281,2026-09-15T10:30:00Z,2026-09-15T10:37:06Z,2026-09-15T12:05:30Z,finished,best_of,3,European Pro League,Group D,128258,Entropy,134405,Vexar,128258,,,,,,,,Entropy,Entropy,128258,Entropy,win,0,,
927,paper_v2,value_3pp,2026-09-14T21:15:40+00:00,skipped_no_line,,,133269,,0.0,0.5088536373543934,,,,,6909,2026-09-14T21:15:35+00:00,cs2_team_v2,133269,0.5088536373543934,0.4911463626456066,win,2026-09-15T14:30:54+00:00,1681044,2026-09-15T11:20:00Z,2026-09-15T11:29:21Z,2026-09-15T14:24:08Z,finished,best_of,3,CCT Europe,Group Stage,136934,Bushido Wildcats,133269,Leo Team,133269,,,,,,,,Leo Team,Leo Team,133269,Leo Team,win,0,,
928,paper_v2,value_3pp,2026-09-14T21:15:40+00:00,loss,MelBet,2026-09-14T21:15:16+00:00,138963,1.98,1000.0,0.53407440780907,0.47200000000000003,0.062074407809069976,-1000.0,2026-09-15T13:20:28+00:00,6915,2026-09-14T21:15:35+00:00,cs2_team_v2,138963,0.53407440780907,0.46592559219093,loss,2026-09-15T13:20:28+00:00,1684139,2026-09-15T11:40:00Z,2026-09-15T11:38:49Z,2026-09-15T13:11:53Z,finished,best_of,3,NODWIN Clutch Series,Group Stage,138963,Black Phoenix,138406,Just Players,138406,55,38,@metascope_ai,205,2026-09-14T21:15:52+00:00,207,2026-09-15T13:20:31+00:00,Black Phoenix,Black Phoenix,138406,Just Players,loss,1,106714.0,105714.0
929,paper_v2,value_3pp,2026-09-14T21:15:40+00:00,skipped_roster_uncertain,,,128766,,0.0,0.5750316208138004,,,,,6921,2026-09-14T21:15:36+00:00,cs2_team_v2,128766,0.42496837918619956,0.5750316208138004,loss,2026-09-15T16:50:08+00:00,1681045,2026-09-15T14:40:00Z,2026-09-15T14:44:46Z,2026-09-15T16:42:10Z,finished,best_of,3,CCT Europe,Group Stage,130794,BakS eSports,128766,Spirit Academy,130794,,,,,,,,Spirit Academy,Spirit Academy,130794,BakS eSports,loss,0,,
930,paper_v2,value_3pp,2026-09-14T21:15:40+00:00,skipped_no_line,,,137508,,0.0,0.5752932874071729,,,,,6927,2026-09-14T21:15:36+00:00,cs2_team_v2,137508,0.5752932874071729,0.4247067125928271,win,2026-09-15T16:20:09+00:00,1683156,2026-09-15T14:00:00Z,2026-09-15T14:06:29Z,2026-09-15T16:19:59Z,finished,best_of,3,Exort Fiesta,Group Stage,137508,Falcons Force,137953,Fortress,137508,,,,,,,,Falcons Force,Falcons Force,137508,Falcons Force,win,0,,
931,paper_v2,value_3pp,2026-09-14T21:15:40+00:00,skipped_no_line,,,137708,,0.0,0.5303806201086625,,,,,6933,2026-09-14T21:15:36+00:00,cs2_team_v2,137708,0.5303806201086625,0.4696193798913375,win,2026-09-15T15:40:44+00:00,1684140,2026-09-15T14:50:00Z,2026-09-15T14:52:45Z,2026-09-15T15:34:29Z,finished,best_of,3,NODWIN Clutch Series,Group Stage,137708,BET-M 33,133269,Leo Team,137708,,,,,,,,BET-M 33,BET-M 33,137708,BET-M 33,win,0,,
932,paper_v2,value_3pp,2026-09-14T21:15:40+00:00,skipped_no_line,,,138617,,0.0,0.8992845070484948,,,,,6949,2026-09-14T21:15:37+00:00,cs2_team_v2,138617,0.8992845070484948,0.10071549295150517,win,2026-09-15T20:20:27+00:00,1684141,2026-09-15T17:15:00Z,2026-09-15T17:12:01Z,2026-09-15T20:12:56Z,finished,best_of,3,NODWIN Clutch Series,Group Stage,138617,INOX Division,138146,Drama eSports,138617,,,,,,,,INOX Division,INOX Division,138617,INOX Division,win,0,,
933,paper_v2,value_3pp,2026-09-16T21:15:50+00:00,skipped_roster_uncertain,,,133326,,0.0,0.7662415677827322,,,,,6965,2026-09-16T21:15:38+00:00,cs2_team_v2,133326,0.7662415677827322,0.23375843221726778,win,2026-09-17T00:10:07+00:00,1690437,2026-09-16T21:30:00Z,2026-09-16T21:34:46Z,2026-09-17T00:07:12Z,finished,best_of,3,Circuit X,Group B,133326,Bounty Hunters Esports,131538,Yawara Esports,133326,,,,,,,,Bounty Hunters Esports,Bounty Hunters Esports,133326,Bounty Hunters Esports,win,0,,
934,paper_v2,value_3pp,2026-09-16T21:15:50+00:00,skipped_roster_uncertain,,,129381,,0.0,0.6326952360311596,,,,,6986,2026-09-16T21:15:39+00:00,cs2_team_v2,129381,0.6326952360311596,0.3673047639688404,win,2026-09-17T09:30:28+00:00,1681372,2026-09-17T08:30:00Z,2026-09-17T08:30:50Z,2026-09-17T09:17:52Z,finished,best_of,1,Logitech G Play Connect,Group A,129381,B8,129440,Metizport,129381,,,,,,,,B8,B8,129381,B8,win,0,,
935,paper_v2,value_3pp,2026-09-16T21:15:50+00:00,skipped_roster_uncertain,,,135321,,0.0,0.5892369319085391,,,,,6992,2026-09-16T21:15:39+00:00,cs2_team_v2,135321,0.5892369319085391,0.4107630680914609,loss,2026-09-17T11:10:17+00:00,1683266,2026-09-17T08:00:00Z,2026-09-17T08:10:35Z,2026-09-17T11:00:26Z,finished,best_of,3,European Pro League,Group B,135321,G2 Ares,137075,Misa Esports,137075,,,,,,,,G2 Ares,G2 Ares,137075,Misa Esports,loss,0,,
936,paper_v2,value_3pp,2026-09-16T21:15:50+00:00,skipped_roster_uncertain,,,136846,,0.0,0.6775422360984791,,,,,7008,2026-09-16T21:15:40+00:00,cs2_team_v2,136846,0.322457763901521,0.6775422360984791,win,2026-09-17T09:50:28+00:00,1692977,2026-09-17T08:00:00Z,2026-09-17T08:05:16Z,2026-09-17T09:41:16Z,finished,best_of,3,United21,Playoffs,138281,Passion Academy,136846,Prestige,136846,,,,,,,,Prestige,Prestige,136846,Prestige,win,0,,
937,paper_v2,value_3pp,2026-09-16T21:15:50+00:00,skipped_roster_uncertain,,,3218,,0.0,0.5765448548713186,,,,,7019,2026-09-16T21:15:41+00:00,cs2_team_v2,3218,0.5765448548713186,0.42345514512868143,loss,2026-09-17T10:30:28+00:00,1681374,2026-09-17T09:20:00Z,2026-09-17T09:15:37Z,2026-09-17T10:19:52Z,finished,best_of,1,Logitech G Play Connect,Group A,3218,NIP,133435,M80,133435,,,,,,,,NIP,NIP,133435,M80,loss,0,,
938,paper_v2,value_3pp,2026-09-16T21:15:50+00:00,skipped_roster_uncertain,,,129381,,0.0,0.7223950227481425,,,,,7025,2026-09-16T21:15:41+00:00,cs2_team_v2,129381,0.7223950227481425,0.2776049772518575,win,2026-09-17T12:10:28+00:00,1681375,2026-09-17T10:50:00Z,2026-09-17T10:55:15Z,2026-09-17T12:05:17Z,finished,best_of,1,Logitech G Play Connect,Group A,129381,B8,125847,GamerLegion,129381,,,,,,,,B8,B8,129381,B8,win,0,,
939,paper_v2,value_3pp,2026-09-16T21:15:50+00:00,skipped_roster_uncertain,,,3240,,0.0,0.778560483345502,,,,,7036,2026-09-16T21:15:41+00:00,cs2_team_v2,3240,0.778560483345502,0.22143951665449801,loss,2026-09-17T13:00:22+00:00,1685162,2026-09-17T10:00:00Z,2026-09-17T10:01:02Z,2026-09-17T12:51:26Z,finished,best_of,3,StarLadder StarSeries,Playoffs,3240,MOUZ,3256,NRG,3256,,,,,,,,MOUZ,MOUZ,3256,NRG,loss,0,,
940,paper_v2,value_3pp,2026-09-16T21:15:50+00:00,skipped_roster_uncertain,,,128887,,0.0,0.5397676098486747,,,,,7042,2026-09-16T21:15:42+00:00,cs2_team_v2,128887,0.5397676098486747,0.46023239015132533,loss,2026-09-17T14:31:03+00:00,1683267,2026-09-17T13:00:00Z,,,canceled,best_of,3,European Pro League,Group B,128887,Honvéd,137701,Bebop,137701,,,,,,,,Honvéd,Honvéd,137701,Bebop,loss,0,,
941,paper_v2,value_3pp,2026-09-16T21:15:50+00:00,skipped_roster_uncertain,,,133435,,0.0,0.5741777959356111,,,,,7053,2026-09-16T21:15:42+00:00,cs2_team_v2,133435,0.5741777959356111,0.42582220406438887,win,2026-09-17T14:00:27+00:00,1681377,2026-09-17T12:30:00Z,2026-09-17T12:34:39Z,2026-09-17T13:34:23Z,finished,best_of,1,Logitech G Play Connect,Group A,133435,M80,125847,GamerLegion,133435,,,,,,,,M80,M80,133435,M80,win,0,,
942,paper_v2,value_3pp,2026-09-16T21:15:50+00:00,skipped_roster_uncertain,,,129381,,0.0,0.6052576419343154,,,,,7059,2026-09-16T21:15:42+00:00,cs2_team_v2,129381,0.39474235806568453,0.6052576419343154,win,2026-09-17T14:00:27+00:00,1681378,2026-09-17T12:30:00Z,2026-09-17T12:34:50Z,2026-09-17T13:36:14Z,finished,best_of,1,Logitech G Play Connect,Group A,3218,NIP,129381,B8,129381,,,,,,,,B8,B8,129381,B8,win,0,,
943,paper_v2,value_3pp,2026-09-16T21:15:50+00:00,skipped_roster_uncertain,,,3218,,0.0,0.5354443084553104,,,,,7065,2026-09-16T21:15:43+00:00,cs2_team_v2,3218,0.46455569154468956,0.5354443084553104,win,2026-09-17T15:40:27+00:00,1681379,2026-09-17T14:05:00Z,2026-09-17T14:02:13Z,2026-09-17T14:49:15Z,finished,best_of,1,Logitech G Play Connect,Group A,129440,Metizport,3218,NIP,3218,,,,,,,,NIP,NIP,3218,NIP,win,0,,
944,paper_v2,value_3pp,2026-09-16T21:15:50+00:00,skipped_roster_uncertain,,,3455,,0.0,0.6661530998179295,,,,,7076,2026-09-16T21:15:43+00:00,cs2_team_v2,3455,0.6661530998179295,0.3338469001820705,win,2026-09-17T14:50:09+00:00,1685164,2026-09-17T13:10:00Z,2026-09-17T13:08:05Z,2026-09-17T14:47:39Z,finished,best_of,3,StarLadder StarSeries,Playoffs,3455,Vitality,137739,magic,3455,,,,,,,,Vitality,Vitality,3455,Vitality,win,0,,
945,paper_v2,value_3pp,2026-09-16T21:15:50+00:00,skipped_roster_uncertain,,,3218,,0.0,0.624237649689108,,,,,7082,2026-09-16T21:15:43+00:00,cs2_team_v2,3218,0.37576235031089206,0.624237649689108,loss,2026-09-17T16:50:38+00:00,1681381,2026-09-17T15:15:00Z,2026-09-17T15:17:04Z,2026-09-17T16:01:28Z,finished,best_of,1,Logitech G Play Connect,Group A,125847,GamerLegion,3218,NIP,125847,,,,,,,,NIP,NIP,125847,GamerLegion,loss,0,,
946,paper_v2,value_3pp,2026-09-16T21:15:50+00:00,skipped_roster_uncertain,,,129440,,0.0,0.5188756396684238,,,,,7088,2026-09-16T21:15:44+00:00,cs2_team_v2,129440,0.48112436033157624,0.5188756396684238,loss,2026-09-17T16:40:27+00:00,1681382,2026-09-17T15:10:00Z,2026-09-17T15:15:48Z,2026-09-17T16:07:13Z,finished,best_of,1,Logitech G Play Connect,Group A,133435,M80,129440,Metizport,133435,,,,,,,,Metizport,Metizport,133435,M80,loss,0,,
947,paper_v2,value_3pp,2026-09-16T21:15:50+00:00,skipped_roster_uncertain,,,129440,,0.0,0.5908289028548788,,,,,7099,2026-09-16T21:15:44+00:00,cs2_team_v2,129440,0.5908289028548788,0.40917109714512123,win,2026-09-17T18:00:47+00:00,1681383,2026-09-17T16:30:00Z,2026-09-17T16:33:03Z,2026-09-17T17:15:05Z,finished,best_of,1,Logitech G Play Connect,Group A,129440,Metizport,125847,GamerLegion,129440,,,,,,,,Metizport,Metizport,129440,Metizport,win,0,,
948,paper_v2,value_3pp,2026-09-16T21:15:50+00:00,skipped_roster_uncertain,,,129381,,0.0,0.6492075746442042,,,,,7125,2026-09-16T21:15:45+00:00,cs2_team_v2,129381,0.6492075746442042,0.3507924253557958,win,2026-09-17T19:20:28+00:00,1681386,2026-09-17T17:50:00Z,2026-09-17T17:46:09Z,2026-09-17T18:37:21Z,finished,best_of,1,Logitech G Play Connect,Group A,129381,B8,133435,M80,129381,,,,,,,,B8,B8,129381,B8,win,0,,
949,paper_v2,value_3pp,2026-09-16T21:15:50+00:00,skipped_roster_uncertain,,,3216,,0.0,0.5095816776756412,,,,,7131,2026-09-16T21:15:46+00:00,cs2_team_v2,3216,0.5095816776756412,0.4904183223243588,loss,2026-09-17T17:00:28+00:00,1685163,2026-09-17T15:00:00Z,2026-09-17T15:07:43Z,2026-09-17T16:53:23Z,finished,best_of,3,StarLadder StarSeries,Playoffs,3216,Natus Vincere,131505,Aurora Gaming,131505,,,,,,,,Natus Vincere,Natus Vincere,131505,Aurora Gaming,loss,0,,
950,paper_v2,value_3pp,2026-09-16T21:15:50+00:00,skipped_roster_uncertain,,,138181,,0.0,0.5062734118811214,,,,,7137,2026-09-16T21:15:46+00:00,cs2_team_v2,138181,0.5062734118811214,0.4937265881188786,loss,2026-09-17T19:20:28+00:00,1664540,2026-09-17T17:45:00Z,2026-09-17T17:50:45Z,2026-09-17T19:01:06Z,finished,best_of,3,ESEA,Playoffs,138181,Esport BERG,137474,OLDBOYS PL,137474,,,,,,,,Esport BERG,Esport BERG,137474,OLDBOYS PL,loss,0,,
951,paper_v2,value_3pp,2026-09-16T21:15:50+00:00,skipped_roster_uncertain,,,124530,,0.0,0.5683537566903265,,,,,7143,2026-09-16T21:15:46+00:00,cs2_team_v2,124530,0.5683537566903265,0.4316462433096735,win,2026-09-17T20:00:27+00:00,1685165,2026-09-17T17:15:00Z,2026-09-17T17:09:51Z,2026-09-17T19:55:33Z,finished,best_of,3,StarLadder StarSeries,Playoffs,124530,FURIA,3250,MIBR,124530,,,,,,,,FURIA,FURIA,124530,FURIA,win,0,,
952,paper_v2,value_3pp,2026-09-16T21:15:50+00:00,skipped_roster_uncertain,,,131849,,0.0,0.671346133062934,,,,,7149,2026-09-16T21:15:47+00:00,cs2_team_v2,131849,0.328653866937066,0.671346133062934,loss,2026-09-17T19:30:27+00:00,1692880,2026-09-17T18:00:00Z,2026-09-17T18:08:41Z,2026-09-17T18:52:03Z,finished,best_of,1,Gamers Club Liga Série A,Group D,138686,Hunters Rising,131849,paiN Academy,138686,,,,,,,,paiN Academy,paiN Academy,138686,Hunters Rising,loss,0,,
953,paper_v2,value_3pp,2026-09-16T21:15:50+00:00,skipped_roster_uncertain,,,138524,,0.0,0.5662356537388408,,,,,7160,2026-09-16T21:15:47+00:00,cs2_team_v2,138524,0.5662356537388408,0.43376434626115923,loss,2026-09-17T21:00:27+00:00,1692872,2026-09-17T19:45:00Z,2026-09-17T19:43:23Z,2026-09-17T20:33:00Z,finished,best_of,1,Gamers Club Liga Série A,Group B,138524,QUINTESSÊNCIA,138939,Rush,138939,,,,,,,,QUINTESSÊNCIA,QUINTESSÊNCIA,138939,Rush,loss,0,,
954,paper_v2,value_3pp,2026-09-19T21:15:43+00:00,skipped_roster_uncertain,,,139026,,0.0,0.5263052623693655,,,,,7176,2026-09-19T21:15:35+00:00,cs2_team_v2,139026,0.5263052623693655,0.4736947376306345,loss,2026-09-20T01:50:27+00:00,1693764,2026-09-19T23:45:00Z,2026-09-19T23:51:50Z,2026-09-20T01:46:49Z,finished,best_of,3,CCT South America,Playoffs,139026,MEIA NOITE,138524,QUINTESSÊNCIA,138524,,,,,,,,MEIA NOITE,MEIA NOITE,138524,QUINTESSÊNCIA,loss,0,,
955,paper_v2,value_3pp,2026-09-19T21:15:43+00:00,skipped_roster_uncertain,,,138370,,0.0,0.6615752917486339,,,,,7187,2026-09-19T21:15:35+00:00,cs2_team_v2,138370,0.6615752917486339,0.33842470825136606,loss,2026-09-20T16:10:09+00:00,1683180,2026-09-20T14:30:00Z,2026-09-20T14:33:00Z,2026-09-20T16:00:34Z,finished,best_of,3,Exort Fiesta,Playoffs,138370,Lavked,134405,Vexar,134405,,,,,,,,Lavked,Lavked,134405,Vexar,loss,0,,
956,paper_v2,value_3pp,2026-09-19T21:15:43+00:00,skipped_roster_uncertain,,,136934,,0.0,0.5492826701214095,,,,,7193,2026-09-19T21:15:36+00:00,cs2_team_v2,136934,0.45071732987859053,0.5492826701214095,win,2026-09-20T09:30:24+00:00,1683273,2026-09-20T08:00:00Z,,,canceled,best_of,3,European Pro League,Group C,126491,NAVI Junior,136934,Bushido Wildcats,136934,,,,,,,,Bushido Wildcats,Bushido Wildcats,136934,Bushido Wildcats,win,0,,
957,paper_v2,value_3pp,2026-09-19T21:15:43+00:00,skipped_roster_uncertain,,,128887,,0.0,0.514489895559801,,,,,7199,2026-09-19T21:15:36+00:00,cs2_team_v2,128887,0.48551010444019904,0.514489895559801,loss,2026-09-20T10:20:28+00:00,1684158,2026-09-20T08:10:00Z,2026-09-20T08:14:04Z,2026-09-20T10:18:48Z,finished,best_of,3,NODWIN Clutch Series,Group Stage,135321,G2 Ares,128887,Honvéd,135321,,,,,,,,Honvéd,Honvéd,135321,G2 Ares,loss,0,,
958,paper_v2,value_3pp,2026-09-19T21:15:43+00:00,skipped_roster_uncertain,,,138841,,0.0,0.653290188248788,,,,,7215,2026-09-19T21:15:37+00:00,cs2_team_v2,138841,0.653290188248788,0.34670981175121196,win,2026-09-20T12:00:28+00:00,1686127,2026-09-20T09:00:00Z,2026-09-20T09:04:02Z,2026-09-20T11:57:31Z,finished,best_of,3,Circuito Retake,Playoffs,138841,WBT,129405,SAW Youngsters,138841,,,,,,,,WBT,WBT,138841,WBT,win,0,,
959,paper_v2,value_3pp,2026-09-19T21:15:43+00:00,skipped_roster_uncertain,,,128258,,0.0,0.6339986954214294,,,,,7221,2026-09-19T21:15:37+00:00,cs2_team_v2,128258,0.36600130457857055,0.6339986954214294,loss,2026-09-20T12:30:28+00:00,1683284,2026-09-20T10:50:00Z,2026-09-20T10:50:13Z,2026-09-20T12:23:35Z,finished,best_of,3,European Pro League,Group D,134405,Vexar,128258,Entropy,134405,,,,,,,,Entropy,Entropy,134405,Vexar,loss,0,,
960,paper_v2,value_3pp,2026-09-19T21:15:43+00:00,skipped_roster_uncertain,,,138602,,0.0,0.7238972409592712,,,,,7227,2026-09-19T21:15:37+00:00,cs2_team_v2,138602,0.2761027590407288,0.7238972409592712,win,2026-09-20T13:30:27+00:00,1695723,2026-09-20T10:40:00Z,2026-09-20T10:38:34Z,2026-09-20T13:22:04Z,finished,best_of,3,United21,Playoffs,138602,Inner Circle Prospect,138281,Passion Academy,138602,,,,,,,,Inner Circle Prospect,Inner Circle Prospect,138602,Inner Circle Prospect,win,0,,
961,paper_v2,value_3pp,2026-09-19T21:15:43+00:00,skipped_roster_uncertain,,,138370,,0.0,0.6937571731135697,,,,,7233,2026-09-19T21:15:38+00:00,cs2_team_v2,138370,0.6937571731135697,0.30624282688643034,loss,2026-09-20T14:30:09+00:00,1681120,2026-09-20T11:15:00Z,2026-09-20T11:20:40Z,2026-09-20T14:23:28Z,finished,best_of,3,CCT Europe,Group Stage,138370,Lavked,3251,ENCE,3251,,,,,,,,Lavked,Lavked,3251,ENCE,loss,0,,
962,paper_v2,value_3pp,2026-09-19T21:15:43+00:00,skipped_roster_uncertain,,,137861,,0.0,0.5400617630156542,,,,,7239,2026-09-19T21:15:38+00:00,cs2_team_v2,137861,0.5400617630156542,0.45993823698434577,win,2026-09-20T13:00:47+00:00,1683181,2026-09-20T11:00:00Z,2026-09-20T11:08:40Z,2026-09-20T12:54:27Z,finished,best_of,3,Exort Fiesta,Playoffs,137861,STATE,139013,Teletubisie,137861,,,,,,,,STATE,STATE,137861,STATE,win,0,,
963,paper_v2,value_3pp,2026-09-19T21:15:43+00:00,skipped_roster_uncertain,,,3455,,0.0,0.5837534567122034,,,,,7255,2026-09-19T21:15:39+00:00,cs2_team_v2,3455,0.5837534567122034,0.41624654328779664,win,2026-09-20T13:40:23+00:00,1685174,2026-09-20T12:00:00Z,2026-09-20T12:01:12Z,2026-09-20T13:35:57Z,finished,best_of,3,StarLadder StarSeries,Playoffs,3455,Vitality,124530,FURIA,3455,,,,,,,,Vitality,Vitality,3455,Vitality,win,0,,
964,paper_v2,value_3pp,2026-09-19T21:15:43+00:00,skipped_roster_uncertain,,,128519,,0.0,0.5020143441405247,,,,,7261,2026-09-19T21:15:39+00:00,cs2_team_v2,128519,0.49798565585947524,0.5020143441405247,loss,2026-09-20T14:10:27+00:00,1686128,2026-09-20T12:40:00Z,2026-09-20T12:39:50Z,2026-09-20T14:10:17Z,finished,best_of,3,Circuito Retake,Playoffs,129413,Eternal Fire,128519,GenOne,129413,,,,,,,,GenOne,GenOne,129413,Eternal Fire,loss,0,,
965,paper_v2,value_3pp,2026-09-19T21:15:43+00:00,skipped_roster_uncertain,,,130570,,0.0,0.6272738408102748,,,,,7267,2026-09-19T21:15:39+00:00,cs2_team_v2,130570,0.6272738408102748,0.3727261591897252,win,2026-09-20T17:40:27+00:00,1681121,2026-09-20T14:40:00Z,2026-09-20T14:48:36Z,2026-09-20T17:30:35Z,finished,best_of,3,CCT Europe,Group Stage,130570,QUAZAR,135321,G2 Ares,130570,,,,,,,,QUAZAR,QUAZAR,130570,QUAZAR,win,0,,
966,paper_v2,value_3pp,2026-09-19T21:15:43+00:00,skipped_no_line,,,137708,,0.0,0.6657249049123867,,,,,7278,2026-09-19T21:15:40+00:00,cs2_team_v2,137708,0.3342750950876133,0.6657249049123867,win,2026-09-20T16:20:28+00:00,1684160,2026-09-20T14:10:00Z,2026-09-20T14:17:03Z,2026-09-20T16:14:15Z,finished,best_of,3,NODWIN Clutch Series,Group Stage,126624,Brute,137708,BET-M 33,137708,,,,,,,,BET-M 33,BET-M 33,137708,BET-M 33,win,0,,
967,paper_v2,value_3pp,2026-09-19T21:15:43+00:00,skipped_no_line,,,138963,,0.0,0.6204826399113073,,,,,7284,2026-09-19T21:15:40+00:00,cs2_team_v2,138963,0.37951736008869275,0.6204826399113073,loss,2026-09-20T20:40:45+00:00,1681122,2026-09-20T17:45:00Z,2026-09-20T17:53:14Z,2026-09-20T20:37:03Z,finished,best_of,3,CCT Europe,Group Stage,130794,BakS eSports,138963,Black Phoenix,130794,,,,,,,,Black Phoenix,Black Phoenix,130794,BakS eSports,loss,0,,
968,paper_v2,value_3pp,2026-09-19T21:15:43+00:00,skipped_roster_uncertain,,,138617,,0.0,0.6464406280442097,,,,,7295,2026-09-19T21:15:41+00:00,cs2_team_v2,138617,0.6464406280442097,0.35355937195579035,loss,2026-09-20T19:40:25+00:00,1684161,2026-09-20T17:15:00Z,2026-09-20T17:12:24Z,2026-09-20T19:40:21Z,finished,best_of,3,NODWIN Clutch Series,Group Stage,138617,INOX Division,136659,SPARTA,136659,,,,,,,,INOX Division,INOX Division,136659,SPARTA,loss,0,,
969,paper_v2,value_3pp,2026-09-20T21:15:43+00:00,skipped_roster_uncertain,,,133269,,0.0,0.5716012701183812,,,,,7306,2026-09-20T21:15:32+00:00,cs2_team_v2,133269,0.5716012701183812,0.42839872988161876,loss,2026-09-21T10:30:27+00:00,1683184,2026-09-21T08:20:00Z,2026-09-21T08:18:50Z,2026-09-21T10:29:25Z,finished,best_of,3,Exort Fiesta,Playoffs,133269,Leo Team,133063,UNiTY esports,133063,,,,,,,,Leo Team,Leo Team,133063,UNiTY esports,loss,0,,
970,paper_v2,value_3pp,2026-09-20T21:15:43+00:00,skipped_roster_uncertain,,,136659,,0.0,0.8022580816745405,,,,,7317,2026-09-20T21:15:33+00:00,cs2_team_v2,136659,0.19774191832545954,0.8022580816745405,loss,2026-09-21T10:10:52+00:00,1684162,2026-09-21T08:10:00Z,2026-09-21T08:14:21Z,2026-09-21T10:06:37Z,finished,best_of,3,NODWIN Clutch Series,Group Stage,126624,Brute,136659,SPARTA,126624,,,,,,,,SPARTA,SPARTA,126624,Brute,loss,0,,
971,paper_v2,value_3pp,2026-09-20T21:15:43+00:00,skipped_roster_uncertain,,,139013,,0.0,0.6483454068539702,,,,,7323,2026-09-20T21:15:33+00:00,cs2_team_v2,139013,0.35165459314602976,0.6483454068539702,win,2026-09-21T09:50:28+00:00,1695719,2026-09-21T08:10:00Z,2026-09-21T08:10:16Z,2026-09-21T09:43:59Z,finished,best_of,3,United21,Playoffs,139089,EAC Extra,139013,Teletubisie,139013,,,,,,,,Teletubisie,Teletubisie,139013,Teletubisie,win,0,,
972,paper_v2,value_3pp,2026-09-20T21:15:43+00:00,skipped_roster_uncertain,,,3209,,0.0,0.7184640171061824,,,,,7329,2026-09-20T21:15:34+00:00,cs2_team_v2,3209,0.7184640171061824,0.28153598289381765,win,2026-09-21T13:10:28+00:00,1684007,2026-09-21T10:00:00Z,2026-09-21T10:06:17Z,2026-09-21T13:09:45Z,finished,best_of,3,Stake Pulse,Group A,3209,Astralis,127365,Sangal,3209,,,,,,,,Astralis,Astralis,3209,Astralis,win,0,,
973,paper_v2,value_3pp,2026-09-20T21:15:43+00:00,skipped_roster_uncertain,,,131010,,0.0,0.5786444235084239,,,,,7335,2026-09-20T21:15:34+00:00,cs2_team_v2,131010,0.5786444235084239,0.42135557649157607,loss,2026-09-21T12:10:28+00:00,1684008,2026-09-21T10:00:00Z,2026-09-21T10:02:07Z,2026-09-21T12:10:13Z,finished,best_of,3,Stake Pulse,Group A,131010,Sashi Esport,137699,FOKUS,137699,,,,,,,,Sashi Esport,Sashi Esport,137699,FOKUS,loss,0,,
974,paper_v2,value_3pp,2026-09-20T21:15:43+00:00,skipped_roster_uncertain,,,128887,,0.0,0.5908832388323236,,,,,7341,2026-09-20T21:15:34+00:00,cs2_team_v2,128887,0.40911676116767637,0.5908832388323236,loss,2026-09-21T13:40:28+00:00,1683268,2026-09-21T10:40:00Z,2026-09-21T10:42:34Z,2026-09-21T13:36:37Z,finished,best_of,3,European Pro League,Group B,128887,Honvéd,137075,Misa Esports,137075,,,,,,,,Honvéd,Honvéd,137075,Misa Esports,loss,0,,
975,paper_v2,value_3pp,2026-09-20T21:15:43+00:00,skipped_roster_uncertain,,,130570,,0.0,0.5174873875443232,,,,,7362,2026-09-20T21:15:35+00:00,cs2_team_v2,130570,0.5174873875443232,0.4825126124556768,win,2026-09-21T14:10:38+00:00,1684163,2026-09-21T11:15:00Z,2026-09-21T11:13:14Z,2026-09-21T14:02:41Z,finished,best_of,3,NODWIN Clutch Series,Group Stage,130570,QUAZAR,138963,Black Phoenix,130570,,,,,,,,QUAZAR,QUAZAR,130570,QUAZAR,win,0,,
976,paper_v2,value_3pp,2026-09-20T21:15:43+00:00,skipped_roster_uncertain,,,136934,,0.0,0.5660814699859462,,,,,7368,2026-09-20T21:15:36+00:00,cs2_team_v2,136934,0.4339185300140538,0.5660814699859462,win,2026-09-21T16:40:28+00:00,1681124,2026-09-21T14:00:00Z,2026-09-21T14:04:54Z,2026-09-21T16:40:26Z,finished,best_of,3,CCT Europe,Group Stage,126699,Nexus,136934,Bushido Wildcats,136934,,,,,,,,Bushido Wildcats,Bushido Wildcats,136934,Bushido Wildcats,win,0,,
977,paper_v2,value_3pp,2026-09-20T21:15:43+00:00,skipped_roster_uncertain,,,138617,,0.0,0.7388349600852452,,,,,7374,2026-09-20T21:15:36+00:00,cs2_team_v2,138617,0.7388349600852452,0.2611650399147548,loss,2026-09-21T16:10:28+00:00,1683186,2026-09-21T14:10:00Z,2026-09-21T14:10:02Z,2026-09-21T16:07:44Z,finished,best_of,3,Exort Fiesta,Playoffs,138617,INOX Division,137703,ex-Zero Tenacity,137703,,,,,,,,INOX Division,INOX Division,137703,ex-Zero Tenacity,loss,0,,
978,paper_v2,value_3pp,2026-09-20T21:15:43+00:00,skipped_roster_uncertain,,,133269,,0.0,0.5973013204537865,,,,,7380,2026-09-20T21:15:36+00:00,cs2_team_v2,133269,0.5973013204537865,0.4026986795462135,loss,2026-09-21T17:30:29+00:00,1684164,2026-09-21T14:30:00Z,2026-09-21T14:29:14Z,2026-09-21T17:24:01Z,finished,best_of,3,NODWIN Clutch Series,Group Stage,133269,Leo Team,135321,G2 Ares,135321,,,,,,,,Leo Team,Leo Team,135321,G2 Ares,loss,0,,
979,paper_v2,value_3pp,2026-09-20T21:15:43+00:00,skipped_roster_uncertain,,,137861,,0.0,0.6796730637470104,,,,,7391,2026-09-20T21:15:37+00:00,cs2_team_v2,137861,0.6796730637470104,0.3203269362529896,win,2026-09-21T17:30:29+00:00,1687967,2026-09-21T16:00:00Z,2026-09-21T16:07:04Z,2026-09-21T16:49:02Z,finished,best_of,1,Dust2.dk Ligaen,Regular Season,137861,STATE,139089,EAC Extra,137861,,,,,,,,STATE,STATE,137861,STATE,win,0,,
980,paper_v2,value_3pp,2026-09-20T21:15:43+00:00,skipped_roster_uncertain,,,129856,,0.0,0.567375563560877,,,,,7397,2026-09-20T21:15:37+00:00,cs2_team_v2,129856,0.567375563560877,0.43262443643912296,loss,2026-09-21T17:30:29+00:00,1687968,2026-09-21T16:00:00Z,2026-09-21T16:07:19Z,2026-09-21T16:43:02Z,finished,best_of,1,Dust2.dk Ligaen,Regular Season,129856,ECSTATIC,131591,XI Esport,131591,,,,,,,,ECSTATIC,ECSTATIC,131591,XI Esport,loss,0,,
981,paper_v2,value_3pp,2026-09-20T21:15:43+00:00,skipped_roster_uncertain,,,138370,,0.0,0.5692099603861727,,,,,7408,2026-09-20T21:15:38+00:00,cs2_team_v2,138370,0.5692099603861727,0.43079003961382734,loss,2026-09-21T18:50:28+00:00,1681125,2026-09-21T17:10:00Z,2026-09-21T17:07:34Z,2026-09-21T18:48:34Z,finished,best_of,3,CCT Europe,Group Stage,138370,Lavked,126491,NAVI Junior,126491,,,,,,,,Lavked,Lavked,126491,NAVI Junior,loss,0,,
982,paper_v2,value_3pp,2026-09-20T21:15:43+00:00,skipped_roster_uncertain,,,135497,,0.0,0.6267672347693346,,,,,7414,2026-09-20T21:15:38+00:00,cs2_team_v2,135497,0.6267672347693346,0.3732327652306654,win,2026-09-21T19:00:27+00:00,1683187,2026-09-21T17:15:00Z,2026-09-21T17:20:27Z,2026-09-21T18:54:25Z,finished,best_of,3,Exort Fiesta,Playoffs,135497,WW Team,137580, Phantom Academy,135497,,,,,,,,WW Team,WW Team,135497,WW Team,win,0,,
983,paper_v2,value_3pp,2026-09-20T21:15:43+00:00,skipped_roster_uncertain,,,137861,,0.0,0.7196508673080237,,,,,7420,2026-09-20T21:15:38+00:00,cs2_team_v2,137861,0.7196508673080237,0.28034913269197625,win,2026-09-21T18:30:09+00:00,1687971,2026-09-21T17:00:00Z,2026-09-21T17:08:42Z,2026-09-21T18:01:58Z,finished,best_of,1,Dust2.dk Ligaen,Regular Season,137861,STATE,131591,XI Esport,137861,,,,,,,,STATE,STATE,137861,STATE,win,0,,
984,paper_v2,value_3pp,2026-09-20T21:15:43+00:00,skipped_roster_uncertain,,,138578,,0.0,0.6312242236345342,,,,,7436,2026-09-20T21:15:39+00:00,cs2_team_v2,138578,0.6312242236345342,0.36877577636546577,loss,2026-09-21T19:30:10+00:00,1687970,2026-09-21T18:10:00Z,2026-09-21T18:16:33Z,2026-09-21T18:51:38Z,finished,best_of,1,Dust2.dk Ligaen,Regular Season,138578,MASQ,129876,Linx Legacy Esport,129876,,,,,,,,MASQ,MASQ,129876,Linx Legacy Esport,loss,0,,
985,paper_v2,value_3pp,2026-09-20T21:15:43+00:00,skipped_roster_uncertain,,,129856,,0.0,0.5201617466884588,,,,,7442,2026-09-20T21:15:40+00:00,cs2_team_v2,129856,0.4798382533115412,0.5201617466884588,loss,2026-09-21T19:30:10+00:00,1687972,2026-09-21T18:00:00Z,2026-09-21T18:05:35Z,2026-09-21T18:40:16Z,finished,best_of,1,Dust2.dk Ligaen,Regular Season,139089,EAC Extra,129856,ECSTATIC,139089,,,,,,,,ECSTATIC,ECSTATIC,139089,EAC Extra,loss,0,,
986,paper_v2,value_3pp,2026-09-20T21:15:43+00:00,skipped_roster_uncertain,,,138276,,0.0,0.7622430388908602,,,,,7453,2026-09-20T21:15:40+00:00,cs2_team_v2,138276,0.7622430388908602,0.2377569611091398,loss,2026-09-21T22:50:27+00:00,1692864,2026-09-21T21:15:00Z,2026-09-21T21:18:08Z,2026-09-21T21:49:30Z,finished,best_of,1,Gamers Club Liga Série A,Group A,138276,ALKA GAMING,138086,METANOIA WOLVES,138086,,,,,,,,ALKA GAMING,ALKA GAMING,138086,METANOIA WOLVES,loss,0,,
987,paper_v2,value_3pp,2026-09-27T21:15:44+00:00,skipped_roster_uncertain,,,135273,,0.0,0.5751848839717972,,,,,7464,2026-09-27T21:15:34+00:00,cs2_team_v2,135273,0.4248151160282027,0.5751848839717972,loss,2026-09-28T00:30:09+00:00,1696341,2026-09-27T22:45:00Z,2026-09-27T22:52:46Z,2026-09-28T00:20:15Z,finished,best_of,3,iBUYPOWER Masters,Playoffs,3213,Liquid,135273,Wildcard,3213,,,,,,,,Wildcard,Wildcard,3213,Liquid,loss,0,,
988,paper_v2,value_3pp,2026-09-27T21:15:44+00:00,skipped_roster_uncertain,,,133997,,0.0,0.6084982771157292,,,,,7475,2026-09-27T21:15:35+00:00,cs2_team_v2,133997,0.3915017228842708,0.6084982771157292,loss,2026-09-28T02:50:28+00:00,1700585,2026-09-28T01:10:00Z,2026-09-28T01:09:18Z,2026-09-28T02:44:57Z,finished,best_of,3,ESL Challenger League,Playoffs,132366,LAG Gaming,133997,regain,132366,,,,,,,,regain,regain,132366,LAG Gaming,loss,0,,
989,paper_v2,value_3pp,2026-09-27T21:15:44+00:00,skipped_roster_uncertain,,,136318,,0.0,0.6470141865308874,,,,,7481,2026-09-27T21:15:35+00:00,cs2_team_v2,136318,0.3529858134691127,0.6470141865308874,win,2026-09-28T03:10:27+00:00,1700598,2026-09-28T01:10:00Z,2026-09-28T01:09:20Z,2026-09-28T03:07:58Z,finished,best_of,3,ESL Challenger League,Playoffs,138044,FarmVille,136318,Marsborne,136318,,,,,,,,Marsborne,Marsborne,136318,Marsborne,win,0,,
990,paper_v2,value_3pp,2026-09-27T21:15:44+00:00,skipped_no_line,,,133269,,0.0,0.5970308055047646,,,,,7487,2026-09-27T21:15:35+00:00,cs2_team_v2,133269,0.4029691944952353,0.5970308055047646,win,2026-09-28T10:50:28+00:00,1683303,2026-09-28T08:20:00Z,2026-09-28T08:25:07Z,2026-09-28T10:45:52Z,finished,best_of,3,European Pro League,Playoffs,136934,Bushido Wildcats,133269,Leo Team,133269,,,,,,,,Leo Team,Leo Team,133269,Leo Team,win,0,,
991,paper_v2,value_3pp,2026-09-27T21:15:44+00:00,skipped_roster_uncertain,,,127014,,0.0,0.5623993927495474,,,,,7493,2026-09-27T21:15:35+00:00,cs2_team_v2,127014,0.5623993927495474,0.4376006072504526,loss,2026-09-28T10:50:28+00:00,1684183,2026-09-28T08:00:00Z,2026-09-28T08:06:21Z,2026-09-28T10:40:41Z,finished,best_of,3,NODWIN Clutch Series,Playoffs,127014,Sinners,137708,BET-M 33,137708,,,,,,,,Sinners,Sinners,137708,BET-M 33,loss,0,,
992,paper_v2,value_3pp,2026-09-27T21:15:44+00:00,skipped_roster_uncertain,,,139013,,0.0,0.6848889612049526,,,,,7499,2026-09-27T21:15:36+00:00,cs2_team_v2,139013,0.6848889612049526,0.3151110387950474,win,2026-09-28T11:00:28+00:00,1712147,2026-09-28T08:10:00Z,2026-09-28T08:08:59Z,2026-09-28T10:52:07Z,finished,best_of,3,United21,Group C,139013,Teletubisie,130059,Eternal Fire Academy,139013,,,,,,,,Teletubisie,Teletubisie,139013,Teletubisie,win,0,,
993,paper_v2,value_3pp,2026-09-27T21:15:44+00:00,skipped_roster_uncertain,,,137594,,0.0,0.7027469348515076,,,,,7505,2026-09-27T21:15:36+00:00,cs2_team_v2,137594,0.7027469348515076,0.29725306514849237,win,2026-09-28T11:10:37+00:00,1704623,2026-09-28T09:00:00Z,2026-09-28T09:07:28Z,2026-09-28T11:06:11Z,finished,best_of,3,ESL Challenger League,Playoffs,137594,THUNDER dOWNUNDER,125873,Ground Zero,137594,,,,,,,,THUNDER dOWNUNDER,THUNDER dOWNUNDER,137594,THUNDER dOWNUNDER,win,0,,
994,paper_v2,value_3pp,2026-09-27T21:15:44+00:00,skipped_roster_uncertain,,,126699,,0.0,0.7060989880539199,,,,,7511,2026-09-27T21:15:36+00:00,cs2_team_v2,126699,0.7060989880539199,0.2939010119460801,loss,2026-09-28T14:10:09+00:00,1683304,2026-09-28T11:15:00Z,2026-09-28T11:12:48Z,2026-09-28T14:06:15Z,finished,best_of,3,European Pro League,Playoffs,126699,Nexus,138400,mellren,138400,,,,,,,,Nexus,Nexus,138400,mellren,loss,0,,
995,paper_v2,value_3pp,2026-09-27T21:15:44+00:00,skipped_roster_uncertain,,,124522,,0.0,0.5407347105730012,,,,,7522,2026-09-27T21:15:37+00:00,cs2_team_v2,124522,0.45926528942699885,0.5407347105730012,win,2026-09-28T14:00:22+00:00,1684184,2026-09-28T11:10:00Z,2026-09-28T11:15:51Z,2026-09-28T13:57:47Z,finished,best_of,3,NODWIN Clutch Series,Playoffs,137699,FOKUS,124522,Nemiga,124522,,,,,,,,Nemiga,Nemiga,124522,Nemiga,win,0,,
996,paper_v2,value_3pp,2026-09-27T21:15:44+00:00,skipped_roster_uncertain,,,133900,,0.0,0.506616388930239,,,,,7528,2026-09-27T21:15:37+00:00,cs2_team_v2,133900,0.506616388930239,0.49338361106976103,loss,2026-09-28T15:51:04+00:00,1700679,2026-09-28T13:10:00Z,2026-09-28T13:08:43Z,2026-09-28T15:41:12Z,finished,best_of,3,ESL Challenger League,Playoffs,133900,The Huns Esports,138151,NEXVOID,138151,,,,,,,,The Huns Esports,The Huns Esports,138151,NEXVOID,loss,0,,
997,paper_v2,value_3pp,2026-09-27T21:15:44+00:00,skipped_roster_uncertain,,,127911,,0.0,0.6258664148601047,,,,,7539,2026-09-27T21:15:38+00:00,cs2_team_v2,127911,0.3741335851398953,0.6258664148601047,win,2026-09-28T17:30:36+00:00,1687974,2026-09-28T16:15:00Z,2026-09-28T16:20:37Z,2026-09-28T17:09:07Z,finished,best_of,1,Dust2.dk Ligaen,Regular Season,128432,struggletony,127911,MASONIC,127911,,,,,,,,MASONIC,MASONIC,127911,MASONIC,win,0,,
998,paper_v2,value_3pp,2026-09-27T21:15:44+00:00,skipped_roster_uncertain,,,127911,,0.0,0.5027591954321038,,,,,7545,2026-09-27T21:15:38+00:00,cs2_team_v2,127911,0.5027591954321038,0.4972408045678962,win,2026-09-28T19:00:29+00:00,1687975,2026-09-28T17:20:00Z,2026-09-28T17:19:15Z,2026-09-28T17:43:10Z,finished,best_of,1,Dust2.dk Ligaen,Regular Season,127911,MASONIC,129856,ECSTATIC,127911,,,,,,,,MASONIC,MASONIC,127911,MASONIC,win,0,,
999,paper_v2,value_3pp,2026-09-27T21:15:44+00:00,skipped_roster_uncertain,,,139089,,0.0,0.6279717159836135,,,,,7551,2026-09-27T21:15:38+00:00,cs2_team_v2,139089,0.37202828401638655,0.6279717159836135,loss,2026-09-28T18:30:10+00:00,1687976,2026-09-28T17:15:00Z,2026-09-28T17:21:37Z,2026-09-28T18:12:09Z,finished,best_of,1,Dust2.dk Ligaen,Regular Season,131591,XI Esport,139089,EAC Extra,131591,,,,,,,,EAC Extra,EAC Extra,131591,XI Esport,loss,0,,
1000,paper_v2,value_3pp,2026-09-27T21:15:44+00:00,skipped_roster_uncertain,,,137861,,0.0,0.6358375107620592,,,,,7577,2026-09-27T21:15:40+00:00,cs2_team_v2,137861,0.3641624892379408,0.6358375107620592,win,2026-09-28T19:30:29+00:00,1687977,2026-09-28T18:00:00Z,2026-09-28T18:08:23Z,2026-09-28T18:39:10Z,finished,best_of,1,Dust2.dk Ligaen,Regular Season,138578,MASQ,137861,STATE,137861,,,,,,,,STATE,STATE,137861,STATE,win,0,,
1001,paper_v2,value_3pp,2026-09-27T21:15:44+00:00,skipped_roster_uncertain,,,139089,,0.0,0.6597908011931313,,,,,7583,2026-09-27T21:15:40+00:00,cs2_team_v2,139089,0.3402091988068688,0.6597908011931313,win,2026-09-28T19:30:29+00:00,1687979,2026-09-28T18:20:00Z,2026-09-28T18:21:12Z,2026-09-28T19:19:07Z,finished,best_of,1,Dust2.dk Ligaen,Regular Season,128432,struggletony,139089,EAC Extra,139089,,,,,,,,EAC Extra,EAC Extra,139089,EAC Extra,win,0,,
1002,paper_v2,value_3pp,2026-09-27T21:15:44+00:00,skipped_roster_uncertain,,,127911,,0.0,0.5692102415981676,,,,,7589,2026-09-27T21:15:40+00:00,cs2_team_v2,127911,0.5692102415981676,0.4307897584018324,win,2026-09-28T20:30:58+00:00,1687980,2026-09-28T19:00:00Z,2026-09-28T19:05:32Z,2026-09-28T20:03:08Z,finished,best_of,1,Dust2.dk Ligaen,Regular Season,127911,MASONIC,131591,XI Esport,127911,,,,,,,,MASONIC,MASONIC,127911,MASONIC,win,0,,
1003,paper_v2,value_3pp,2026-09-27T21:15:44+00:00,skipped_roster_uncertain,,,129856,,0.0,0.5183682981814978,,,,,7595,2026-09-27T21:15:41+00:00,cs2_team_v2,129856,0.5183682981814978,0.48163170181850223,win,2026-09-28T20:30:58+00:00,1687982,2026-09-28T19:00:00Z,2026-09-28T19:01:46Z,2026-09-28T19:32:51Z,finished,best_of,1,Dust2.dk Ligaen,Regular Season,129856,ECSTATIC,138578,MASQ,129856,,,,,,,,ECSTATIC,ECSTATIC,129856,ECSTATIC,win,0,,
1004,paper_v2,value_3pp,2026-09-27T21:15:44+00:00,skipped_roster_uncertain,,,135743,,0.0,0.6590201308832045,,,,,7601,2026-09-27T21:15:41+00:00,cs2_team_v2,135743,0.6590201308832045,0.34097986911679545,loss,2026-09-28T21:40:28+00:00,1712192,2026-09-28T19:20:00Z,2026-09-28T19:22:25Z,2026-09-28T21:36:18Z,finished,best_of,3,Gamers Club Liga Série A,Group B,135743,BESTIA Academy,138524,QUINTESSÊNCIA,138524,,,,,,,,BESTIA Academy,BESTIA Academy,138524,QUINTESSÊNCIA,loss,0,,
1005,paper_v2,value_3pp,2026-09-28T21:15:22+00:00,skipped_roster_uncertain,,,134355,,0.0,0.5923988765831822,,,,,7607,2026-09-28T21:15:19+00:00,cs2_team_v2,134355,0.5923988765831822,0.40760112341681776,loss,2026-09-28T23:00:11+00:00,1700639,2026-09-28T21:15:00Z,2026-09-28T21:14:33Z,2026-09-28T22:58:59Z,finished,best_of,3,ESL Challenger League,Playoffs,134355,Galorys,138620,Turma do Pagode,138620,,,,,,,,Galorys,Galorys,138620,Turma do Pagode,loss,0,,
1006,paper_v2,value_3pp,2026-09-28T21:15:22+00:00,skipped_roster_uncertain,,,138276,,0.0,0.5777041254305579,,,,,7613,2026-09-28T21:15:19+00:00,cs2_team_v2,138276,0.5777041254305579,0.42229587456944206,win,2026-09-28T23:00:11+00:00,1717308,2026-09-28T21:15:00Z,2026-09-28T21:16:30Z,2026-09-28T22:52:09Z,finished,best_of,3,Gamers Club Liga Série A,Group A,138276,ALKA GAMING,138086,METANOIA WOLVES,138276,,,,,,,,ALKA GAMING,ALKA GAMING,138276,ALKA GAMING,win,0,,
1007,paper_v2,value_3pp,2026-09-29T21:15:48+00:00,skipped_roster_uncertain,,,138942,,0.0,0.6515072938934324,,,,,7619,2026-09-29T21:15:34+00:00,cs2_team_v2,138942,0.3484927061065676,0.6515072938934324,loss,2026-09-30T02:00:28+00:00,1692889,2026-09-29T22:15:00Z,2026-09-29T22:20:53Z,2026-09-30T01:59:31Z,finished,best_of,3,Gamers Club Liga Série A,Playoffs,138939,Rush,138942,Grêmio Esports,138939,,,,,,,,Grêmio Esports,Grêmio Esports,138939,Rush,loss,0,,
1008,paper_v2,value_3pp,2026-09-29T21:15:48+00:00,skipped_roster_uncertain,,,138276,,0.0,0.6671454767896512,,,,,7629,2026-09-29T21:15:35+00:00,cs2_team_v2,138276,0.3328545232103488,0.6671454767896512,win,2026-09-29T23:51:04+00:00,1702607,2026-09-29T22:00:00Z,2026-09-29T22:06:51Z,2026-09-29T23:43:42Z,finished,best_of,3,CCT South America,Group Stage,139026,MEIA NOITE,138276,ALKA GAMING,138276,,,,,,,,ALKA GAMING,ALKA GAMING,138276,ALKA GAMING,win,0,,
1009,paper_v2,value_3pp,2026-09-29T21:15:48+00:00,skipped_no_value,MelBet,2026-09-29T21:15:15+00:00,136318,1.435,0.0,0.6280522663766448,0.6375347309926749,-0.009482464616030084,,,7639,2026-09-29T21:15:36+00:00,cs2_team_v2,136318,0.37194773362335515,0.6280522663766448,win,2026-09-30T04:40:32+00:00,1700600,2026-09-30T01:00:00Z,2026-09-30T00:58:11Z,2026-09-30T04:34:40Z,finished,best_of,3,ESL Challenger League,Playoffs,132366,LAG Gaming,136318,Marsborne,136318,,,,,,,,Marsborne,Marsborne,136318,Marsborne,win,0,,
1010,paper_v2,value_3pp,2026-09-29T21:15:48+00:00,pending,MelBet,2026-09-29T21:15:15+00:00,133269,1.5,1000.0,0.7133472280102428,0.6201570017726007,0.09319022623764206,,,7665,2026-09-29T21:15:38+00:00,cs2_team_v2,133269,0.7133472280102428,0.28665277198975725,loss,2026-09-30T12:10:28+00:00,1683306,2026-09-30T08:00:00Z,2026-09-30T08:14:19Z,2026-09-30T12:09:21Z,finished,best_of,5,European Pro League,Playoffs,133269,Leo Team,138400,mellren,138400,,,,,,,,Leo Team,Leo Team,138400,mellren,loss,0,,
1011,paper_v2,value_3pp,2026-09-29T21:15:48+00:00,skipped_roster_uncertain,,,126694,,0.0,0.6896805770284699,,,,,7691,2026-09-29T21:15:40+00:00,cs2_team_v2,126694,0.6896805770284699,0.31031942297153015,loss,2026-09-30T13:10:28+00:00,1716597,2026-09-30T11:10:00Z,2026-09-30T11:13:42Z,2026-09-30T13:05:02Z,finished,best_of,3,CCT Europe,Playoffs,126694,BIG Academy,138899,maybe,138899,,,,,,,,BIG Academy,BIG Academy,138899,maybe,loss,0,,
1012,paper_v2,value_3pp,2026-09-29T21:15:48+00:00,skipped_roster_uncertain,,,135978,,0.0,0.5287225931360919,,,,,7701,2026-09-29T21:15:40+00:00,cs2_team_v2,135978,0.4712774068639081,0.5287225931360919,win,2026-09-30T15:50:28+00:00,1716598,2026-09-30T13:55:00Z,2026-09-30T14:01:03Z,2026-09-30T15:48:39Z,finished,best_of,3,CCT Europe,Playoffs,128629,megoshort,135978,eternal premium,135978,,,,,,,,eternal premium,eternal premium,135978,eternal premium,win,0,,
1013,paper_v2,value_3pp,2026-09-29T21:15:48+00:00,skipped_roster_uncertain,,,137580,,0.0,0.6552135413051668,,,,,7719,2026-09-29T21:15:42+00:00,cs2_team_v2,137580,0.6552135413051668,0.34478645869483315,win,2026-09-30T12:30:10+00:00,1716600,2026-09-30T11:10:00Z,2026-09-30T11:09:48Z,2026-09-30T12:21:27Z,finished,best_of,3,CCT Europe,Playoffs,137580, Phantom Academy,132459,ROUNDS,137580,,,,,,,, Phantom Academy, Phantom Academy,137580, Phantom Academy,win,0,,
1014,paper_v2,value_3pp,2026-09-29T21:15:48+00:00,skipped_low_odds,MelBet,2026-09-29T21:15:15+00:00,135298,1.2,0.0,0.714737935985149,0.773156899810964,-0.05841896382581502,,,7729,2026-09-29T21:15:42+00:00,cs2_team_v2,135298,0.714737935985149,0.285262064014851,win,2026-09-30T17:20:09+00:00,1712947,2026-09-30T14:30:00Z,2026-09-30T14:37:43Z,2026-09-30T17:10:47Z,finished,best_of,3,CIS LAN Championship,Group C,135298,K27,130794,BakS eSports,135298,,,,,,,,K27,K27,135298,K27,win,0,,
1015,paper_v2,value_3pp,2026-09-29T21:15:48+00:00,skipped_roster_uncertain,,,135474,,0.0,0.5259094272599301,,,,,7755,2026-09-29T21:15:44+00:00,cs2_team_v2,135474,0.47409057274006994,0.5259094272599301,win,2026-09-30T21:00:26+00:00,1704794,2026-09-30T17:15:00Z,2026-09-30T17:16:33Z,2026-09-30T21:00:13Z,finished,best_of,3,ESEA,Playoffs,137581,Young TigeRES,135474,Fire Flux Esports,135474,,,,,,,,Fire Flux Esports,Fire Flux Esports,135474,Fire Flux Esports,win,0,,
1016,paper_v2,value_3pp,2026-09-29T21:15:48+00:00,skipped_roster_uncertain,,,135505,,0.0,0.5060739862195868,,,,,7773,2026-09-29T21:15:45+00:00,cs2_team_v2,135505,0.5060739862195868,0.49392601378041323,win,2026-09-30T20:50:28+00:00,1692890,2026-09-30T19:00:00Z,2026-09-30T19:08:59Z,2026-09-30T20:48:50Z,finished,best_of,3,Gamers Club Liga Série A,Playoffs,135505,RED Canids Academy,138276,ALKA GAMING,135505,,,,,,,,RED Canids Academy,RED Canids Academy,135505,RED Canids Academy,win,0,,
1017,paper_v3,value_3pp,2026-09-29T21:15:49+00:00,skipped_no_value,MelBet,2026-09-29T21:15:15+00:00,138942,1.46,0.0,0.6641065808516932,0.6367255536203036,0.027381027231389576,,,7625,2026-09-29T21:15:35+00:00,extra_trees_context_v1,138942,0.33589341914830684,0.6641065808516932,loss,2026-09-30T02:00:28+00:00,1692889,2026-09-29T22:15:00Z,2026-09-29T22:20:53Z,2026-09-30T01:59:31Z,finished,best_of,3,Gamers Club Liga Série A,Playoffs,138939,Rush,138942,Grêmio Esports,138939,,,,,,,,Grêmio Esports,Grêmio Esports,138939,Rush,loss,0,,
1018,paper_v3,value_3pp,2026-09-29T21:15:49+00:00,win,MelBet,2026-09-29T21:15:15+00:00,138276,1.64,1000.0,0.7036609773703026,0.5714659001829109,0.13219507718739176,639.9999999999999,2026-09-29T23:51:05+00:00,7635,2026-09-29T21:15:35+00:00,extra_trees_context_v1,138276,0.2963390226296974,0.7036609773703026,win,2026-09-29T23:51:04+00:00,1702607,2026-09-29T22:00:00Z,2026-09-29T22:06:51Z,2026-09-29T23:43:42Z,finished,best_of,3,CCT South America,Group Stage,139026,MEIA NOITE,138276,ALKA GAMING,138276,57,2,@metascope_ai,226,2026-09-29T21:16:41+00:00,227,2026-09-29T23:51:09+00:00,ALKA GAMING,ALKA GAMING,138276,ALKA GAMING,win,1,100000.0,100640.0
1019,paper_v3,value_3pp,2026-09-29T21:16:01+00:00,skipped_no_value,MelBet,2026-09-29T21:15:15+00:00,136318,1.435,0.0,0.6243903356066789,0.6375347309926749,-0.013144395385995988,,,7645,2026-09-29T21:15:36+00:00,extra_trees_context_v1,136318,0.3756096643933211,0.6243903356066789,win,2026-09-30T04:40:32+00:00,1700600,2026-09-30T01:00:00Z,2026-09-30T00:58:11Z,2026-09-30T04:34:40Z,finished,best_of,3,ESL Challenger League,Playoffs,132366,LAG Gaming,136318,Marsborne,136318,,,,,,,,Marsborne,Marsborne,136318,Marsborne,win,0,,
1020,paper_v3,value_3pp,2026-09-29T21:16:01+00:00,skipped_low_odds,MelBet,2026-09-29T21:15:15+00:00,135673,1.01,0.0,0.7554160578925618,0.9159034138218152,-0.16048735592925334,,,7653,2026-09-29T21:15:37+00:00,extra_trees_context_v1,135673,0.7554160578925618,0.24458394210743817,win,2026-09-30T07:30:28+00:00,1712942,2026-09-30T06:20:00Z,2026-09-30T06:30:03Z,2026-09-30T07:28:47Z,finished,best_of,3,CIS LAN Championship,Group B,135673,Nuclear TigeRES,139321,Team Magnum,135673,,,,,,,,Nuclear TigeRES,Nuclear TigeRES,135673,Nuclear TigeRES,win,0,,
1021,paper_v3,value_3pp,2026-09-29T21:16:01+00:00,skipped_no_line,,,139320,,0.0,0.5,,,,,7661,2026-09-29T21:15:37+00:00,extra_trees_context_v1,139320,0.5,0.5,win,2026-09-30T07:30:28+00:00,1712943,2026-09-30T06:10:00Z,2026-09-30T06:11:51Z,2026-09-30T07:07:36Z,finished,best_of,3,CIS LAN Championship,Group B,139320,PRIVATE,139319,EVO Elite,139320,,,,,,,,PRIVATE,PRIVATE,139320,PRIVATE,win,0,,
1022,paper_v3,value_3pp,2026-09-29T21:16:01+00:00,skipped_no_value,MelBet,2026-09-29T21:15:15+00:00,133269,1.5,0.0,0.5252418450554959,0.6201570017726007,-0.09491515671710482,,,7671,2026-09-29T21:15:38+00:00,extra_trees_context_v1,133269,0.5252418450554959,0.47475815494450413,loss,2026-09-30T12:10:28+00:00,1683306,2026-09-30T08:00:00Z,2026-09-30T08:14:19Z,2026-09-30T12:09:21Z,finished,best_of,5,European Pro League,Playoffs,133269,Leo Team,138400,mellren,138400,,,,,,,,Leo Team,Leo Team,138400,mellren,loss,0,,
1023,paper_v3,value_3pp,2026-09-29T21:16:01+00:00,skipped_low_odds,MelBet,2026-09-29T21:15:15+00:00,139089,1.22,0.0,0.5342702881021826,0.7612524461839532,-0.22698215808177058,,,7679,2026-09-29T21:15:39+00:00,extra_trees_context_v1,139089,0.5342702881021826,0.4657297118978174,win,2026-09-30T14:50:26+00:00,1712134,2026-09-30T13:00:00Z,2026-09-30T13:08:58Z,2026-09-30T14:46:40Z,finished,best_of,3,United21,Group A,139089,EAC Extra,135026,ENCE Prospects,139089,,,,,,,,EAC Extra,EAC Extra,139089,EAC Extra,win,0,,
1024,paper_v3,value_3pp,2026-09-29T21:16:01+00:00,skipped_no_value,MelBet,2026-09-29T21:15:15+00:00,139314,1.68,0.0,0.529936615686363,0.5577783627270335,-0.02784174704067055,,,7687,2026-09-29T21:15:39+00:00,extra_trees_context_v1,139314,0.529936615686363,0.47006338431363703,win,2026-09-30T12:00:29+00:00,1712135,2026-09-30T10:30:00Z,,,canceled,best_of,3,United21,Group A,139314,TheChampionGG,138837,SINQU Rehti,139314,,,,,,,,TheChampionGG,TheChampionGG,139314,TheChampionGG,win,0,,
1025,paper_v3,value_3pp,2026-09-29T21:16:01+00:00,skipped_no_line,,,126694,,0.0,0.7130552972211762,,,,,7697,2026-09-29T21:15:40+00:00,extra_trees_context_v1,126694,0.7130552972211762,0.2869447027788238,loss,2026-09-30T13:10:28+00:00,1716597,2026-09-30T11:10:00Z,2026-09-30T11:13:42Z,2026-09-30T13:05:02Z,finished,best_of,3,CCT Europe,Playoffs,126694,BIG Academy,138899,maybe,138899,,,,,,,,BIG Academy,BIG Academy,138899,maybe,loss,0,,
1026,paper_v3,value_3pp,2026-09-29T21:16:01+00:00,skipped_no_line,,,128629,,0.0,0.5282674604039883,,,,,7707,2026-09-29T21:15:41+00:00,extra_trees_context_v1,128629,0.5282674604039883,0.4717325395960117,loss,2026-09-30T15:50:28+00:00,1716598,2026-09-30T13:55:00Z,2026-09-30T14:01:03Z,2026-09-30T15:48:39Z,finished,best_of,3,CCT Europe,Playoffs,128629,megoshort,135978,eternal premium,135978,,,,,,,,megoshort,megoshort,135978,eternal premium,loss,0,,
1027,paper_v3,value_3pp,2026-09-29T21:16:01+00:00,skipped_no_line,,,139111,,0.0,0.6427593149231615,,,,,7715,2026-09-29T21:15:41+00:00,extra_trees_context_v1,139111,0.6427593149231615,0.3572406850768385,win,2026-09-30T15:40:10+00:00,1716599,2026-09-30T13:45:00Z,2026-09-30T14:05:42Z,2026-09-30T15:32:13Z,finished,best_of,3,CCT Europe,Playoffs,139111,Morrow Esports,139315,Banda LFO,139111,,,,,,,,Morrow Esports,Morrow Esports,139111,Morrow Esports,win,0,,
1028,paper_v3,value_3pp,2026-09-29T21:16:01+00:00,skipped_no_line,,,137580,,0.0,0.5923905385233753,,,,,7725,2026-09-29T21:15:42+00:00,extra_trees_context_v1,137580,0.5923905385233753,0.4076094614766247,win,2026-09-30T12:30:10+00:00,1716600,2026-09-30T11:10:00Z,2026-09-30T11:09:48Z,2026-09-30T12:21:27Z,finished,best_of,3,CCT Europe,Playoffs,137580, Phantom Academy,132459,ROUNDS,137580,,,,,,,, Phantom Academy, Phantom Academy,137580, Phantom Academy,win,0,,
1029,paper_v3,value_3pp,2026-09-29T21:16:01+00:00,skipped_low_odds,MelBet,2026-09-29T21:15:15+00:00,135298,1.2,0.0,0.6706922305612584,0.773156899810964,-0.10246466924970565,,,7735,2026-09-29T21:15:43+00:00,extra_trees_context_v1,135298,0.6706922305612584,0.3293077694387416,win,2026-09-30T17:20:09+00:00,1712947,2026-09-30T14:30:00Z,2026-09-30T14:37:43Z,2026-09-30T17:10:47Z,finished,best_of,3,CIS LAN Championship,Group C,135298,K27,130794,BakS eSports,135298,,,,,,,,K27,K27,135298,K27,win,0,,
1030,paper_v3,value_3pp,2026-09-29T21:16:01+00:00,skipped_no_line,,,133542,,0.0,0.738095101449602,,,,,7743,2026-09-29T21:15:43+00:00,extra_trees_context_v1,133542,0.738095101449602,0.261904898550398,win,2026-09-30T16:30:18+00:00,1712948,2026-09-30T14:30:00Z,2026-09-30T14:37:41Z,2026-09-30T16:24:42Z,finished,best_of,3,CIS LAN Championship,Group C,133542,CYBERSHOKE Esports,139328,CRUISER AURORA,133542,,,,,,,,CYBERSHOKE Esports,CYBERSHOKE Esports,133542,CYBERSHOKE Esports,win,0,,
1031,paper_v3,value_3pp,2026-09-29T21:16:01+00:00,loss,MelBet,2026-09-29T21:15:15+00:00,138179,4.09,1000.0,0.5887026209168466,0.2268431001890359,0.3618595207278107,-1000.0,2026-09-30T18:00:11+00:00,7751,2026-09-29T21:15:44+00:00,extra_trees_context_v1,138179,0.41129737908315345,0.5887026209168466,loss,2026-09-30T18:00:11+00:00,1661633,2026-09-30T16:20:00Z,2026-09-30T16:19:40Z,2026-09-30T17:54:16Z,finished,best_of,3,DACH CS Masters,Regular Season,132551,Reveal,138179,Huskies eSport,132551,56,1,@metascope_ai,225,2026-09-29T21:16:41+00:00,228,2026-09-30T18:00:15+00:00,Huskies eSport,Huskies eSport,132551,Reveal,loss,1,100640.0,99640.0
1032,paper_v3,value_3pp,2026-09-29T21:16:40+00:00,skipped_no_line,,,135474,,0.0,0.5176886238403277,,,,,7761,2026-09-29T21:15:44+00:00,extra_trees_context_v1,135474,0.48231137615967234,0.5176886238403277,win,2026-09-30T21:00:26+00:00,1704794,2026-09-30T17:15:00Z,2026-09-30T17:16:33Z,2026-09-30T21:00:13Z,finished,best_of,3,ESEA,Playoffs,137581,Young TigeRES,135474,Fire Flux Esports,135474,,,,,,,,Fire Flux Esports,Fire Flux Esports,135474,Fire Flux Esports,win,0,,
1033,paper_v3,value_3pp,2026-09-29T21:16:40+00:00,skipped_no_line,,,128258,,0.0,0.6259621794889796,,,,,7769,2026-09-29T21:15:45+00:00,extra_trees_context_v1,128258,0.6259621794889796,0.3740378205110204,win,2026-09-30T20:10:10+00:00,1661634,2026-09-30T18:30:00Z,2026-09-30T18:29:20Z,2026-09-30T20:02:51Z,finished,best_of,3,DACH CS Masters,Regular Season,128258,Entropy,135450,Regnum4Games,128258,,,,,,,,Entropy,Entropy,128258,Entropy,win,0,,
1034,paper_v3,value_3pp,2026-09-29T21:16:40+00:00,skipped_no_line,,,138276,,0.0,0.5030843116640278,,,,,7779,2026-09-29T21:15:46+00:00,extra_trees_context_v1,138276,0.4969156883359722,0.5030843116640278,loss,2026-09-30T20:50:28+00:00,1692890,2026-09-30T19:00:00Z,2026-09-30T19:08:59Z,2026-09-30T20:48:50Z,finished,best_of,3,Gamers Club Liga Série A,Playoffs,135505,RED Canids Academy,138276,ALKA GAMING,135505,,,,,,,,ALKA GAMING,ALKA GAMING,135505,RED Canids Academy,loss,0,,
1035,paper_v2,value_3pp,2026-09-30T21:16:19+00:00,skipped_roster_uncertain,,,139026,,0.0,0.5343502651493719,,,,,7791,2026-09-30T21:15:45+00:00,cs2_team_v2,139026,0.46564973485062816,0.5343502651493719,win,2026-10-01T01:40:48+00:00,1702610,2026-09-30T22:30:00Z,2026-09-30T22:37:24Z,2026-10-01T01:33:19Z,finished,best_of,3,CCT South America,Group Stage,138086,METANOIA WOLVES,139026,MEIA NOITE,139026,,,,,,,,MEIA NOITE,MEIA NOITE,139026,MEIA NOITE,win,0,,
1036,paper_v2,value_3pp,2026-09-30T21:16:19+00:00,skipped_roster_uncertain,,,138370,,0.0,0.6795523861738099,,,,,7801,2026-09-30T21:15:46+00:00,cs2_team_v2,138370,0.32044761382619014,0.6795523861738099,win,2026-10-01T10:40:56+00:00,1700484,2026-10-01T08:00:00Z,2026-10-01T08:02:58Z,2026-10-01T10:40:12Z,finished,best_of,3,CCT Europe,Group Stage,127911,MASONIC,138370,Lavked,138370,,,,,,,,Lavked,Lavked,138370,Lavked,win,0,,
1037,paper_v2,value_3pp,2026-09-30T21:16:19+00:00,skipped_roster_uncertain,,,137508,,0.0,0.6404151425343765,,,,,7835,2026-09-30T21:15:49+00:00,cs2_team_v2,137508,0.6404151425343765,0.3595848574656235,loss,2026-10-01T09:30:30+00:00,1720371,2026-10-01T08:30:00Z,2026-10-01T08:31:06Z,2026-10-01T09:00:54Z,finished,best_of,1,FOX Legacy Cup,Group A,137508,Falcons Force,138419,PURE,138419,,,,,,,,Falcons Force,Falcons Force,138419,PURE,loss,0,,
1038,paper_v2,value_3pp,2026-09-30T21:16:19+00:00,skipped_roster_uncertain,,,134320,,0.0,0.5413612942435259,,,,,7861,2026-09-30T21:15:50+00:00,cs2_team_v2,134320,0.5413612942435259,0.45863870575647414,loss,2026-10-01T11:00:13+00:00,1720374,2026-10-01T09:30:00Z,2026-10-01T09:33:21Z,2026-10-01T10:05:20Z,finished,best_of,1,FOX Legacy Cup,Group A,134320,aimclub,137508,Falcons Force,137508,,,,,,,,aimclub,aimclub,137508,Falcons Force,loss,0,,
1039,paper_v2,value_3pp,2026-09-30T21:16:19+00:00,skipped_roster_uncertain,,,129381,,0.0,0.7712519009527318,,,,,7871,2026-09-30T21:15:51+00:00,cs2_team_v2,129381,0.7712519009527318,0.22874809904726823,loss,2026-10-01T12:10:52+00:00,1682119,2026-10-01T10:00:00Z,2026-10-01T10:04:16Z,2026-10-01T12:00:27Z,finished,best_of,3,Stake Ranked,Playoffs,129381,B8,3228,Luminosity,3228,,,,,,,,B8,B8,3228,Luminosity,loss,0,,
1040,paper_v2,value_3pp,2026-09-30T21:16:19+00:00,skipped_roster_uncertain,,,126491,,0.0,0.7275984942744449,,,,,7905,2026-09-30T21:15:54+00:00,cs2_team_v2,126491,0.7275984942744449,0.2724015057255551,loss,2026-10-01T12:00:30+00:00,1720376,2026-10-01T10:40:00Z,2026-10-01T10:41:31Z,2026-10-01T11:24:34Z,finished,best_of,1,FOX Legacy Cup,Group A,126491,NAVI Junior,138419,PURE,138419,,,,,,,,NAVI Junior,NAVI Junior,138419,PURE,loss,0,,
1041,paper_v2,value_3pp,2026-09-30T21:16:19+00:00,skipped_roster_uncertain,,,138660,,0.0,0.5034960318053071,,,,,7923,2026-09-30T21:15:55+00:00,cs2_team_v2,138660,0.5034960318053071,0.4965039681946929,loss,2026-10-01T12:50:14+00:00,1700485,2026-10-01T11:00:00Z,2026-10-01T11:09:41Z,2026-10-01T12:42:21Z,finished,best_of,3,CCT Europe,Group Stage,138660,WRAITH PCIFIC,126699,Nexus,126699,,,,,,,,WRAITH PCIFIC,WRAITH PCIFIC,126699,Nexus,loss,0,,
1042,paper_v2,value_3pp,2026-09-30T21:16:19+00:00,skipped_roster_uncertain,,,138899,,0.0,0.5280406633051504,,,,,7933,2026-09-30T21:15:56+00:00,cs2_team_v2,138899,0.5280406633051504,0.4719593366948496,win,2026-10-01T14:31:10+00:00,1712174,2026-10-01T11:10:00Z,2026-10-01T11:15:09Z,2026-10-01T14:27:31Z,finished,best_of,3,CCT Europe,Playoffs,138899,maybe,135978,eternal premium,138899,,,,,,,,maybe,maybe,138899,maybe,win,0,,
1043,paper_v2,value_3pp,2026-09-30T21:16:19+00:00,skipped_roster_uncertain,,,126491,,0.0,0.6717661772131049,,,,,7959,2026-09-30T21:15:58+00:00,cs2_team_v2,126491,0.6717661772131049,0.32823382278689506,win,2026-10-01T13:21:10+00:00,1720379,2026-10-01T11:55:00Z,2026-10-01T11:54:51Z,2026-10-01T12:37:30Z,finished,best_of,1,FOX Legacy Cup,Group A,126491,NAVI Junior,137508,Falcons Force,126491,,,,,,,,NAVI Junior,NAVI Junior,126491,NAVI Junior,win,0,,
1044,paper_v2,value_3pp,2026-09-30T21:16:19+00:00,skipped_roster_uncertain,,,134320,,0.0,0.6550211789192395,,,,,7969,2026-09-30T21:15:58+00:00,cs2_team_v2,134320,0.3449788210807605,0.6550211789192395,win,2026-10-01T13:21:10+00:00,1720380,2026-10-01T11:55:00Z,2026-10-01T11:54:03Z,2026-10-01T12:41:33Z,finished,best_of,1,FOX Legacy Cup,Group A,138419,PURE,134320,aimclub,134320,,,,,,,,aimclub,aimclub,134320,aimclub,win,0,,
1045,paper_v2,value_3pp,2026-09-30T21:16:19+00:00,skipped_roster_uncertain,,,3249,,0.0,0.5770194537863393,,,,,7979,2026-09-30T21:15:59+00:00,cs2_team_v2,3249,0.5770194537863393,0.42298054621366066,win,2026-10-01T15:21:10+00:00,1682118,2026-10-01T12:20:00Z,2026-10-01T12:18:01Z,2026-10-01T15:11:00Z,finished,best_of,3,Stake Ranked,Playoffs,3249,BIG,3217,fnatic,3249,,,,,,,,BIG,BIG,3249,BIG,win,0,,
1046,paper_v2,value_3pp,2026-09-30T21:16:19+00:00,skipped_roster_uncertain,,,126491,,0.0,0.592277285841354,,,,,7997,2026-09-30T21:16:00+00:00,cs2_team_v2,126491,0.592277285841354,0.407722714158646,loss,2026-10-01T14:31:10+00:00,1720382,2026-10-01T13:00:00Z,2026-10-01T13:08:42Z,2026-10-01T13:31:14Z,finished,best_of,1,FOX Legacy Cup,Group A,126491,NAVI Junior,134320,aimclub,134320,,,,,,,,NAVI Junior,NAVI Junior,134320,aimclub,loss,0,,
1047,paper_v2,value_3pp,2026-09-30T21:16:19+00:00,skipped_roster_uncertain,,,128766,,0.0,0.6394828140350606,,,,,8015,2026-09-30T21:16:01+00:00,cs2_team_v2,128766,0.6394828140350606,0.3605171859649394,loss,2026-10-01T17:20:10+00:00,1712171,2026-10-01T14:45:00Z,2026-10-01T14:46:18Z,2026-10-01T17:17:58Z,finished,best_of,3,CCT Europe,Playoffs,128766,Spirit Academy,138400,mellren,138400,,,,,,,,Spirit Academy,Spirit Academy,138400,mellren,loss,0,,
1048,paper_v2,value_3pp,2026-09-30T21:16:19+00:00,skipped_roster_uncertain,,,135126,,0.0,0.5733305152769056,,,,,8025,2026-09-30T21:16:02+00:00,cs2_team_v2,135126,0.5733305152769056,0.4266694847230944,win,2026-10-01T16:30:40+00:00,1712172,2026-10-01T14:05:00Z,2026-10-01T14:03:55Z,2026-10-01T16:27:17Z,finished,best_of,3,CCT Europe,Playoffs,135126,FORZE Reload,135474,Fire Flux Esports,135126,,,,,,,,FORZE Reload,FORZE Reload,135126,FORZE Reload,win,0,,
1049,paper_v2,value_3pp,2026-09-30T21:16:19+00:00,skipped_roster_uncertain,,,138975,,0.0,0.6893225447052748,,,,,8035,2026-09-30T21:16:02+00:00,cs2_team_v2,138975,0.6893225447052748,0.31067745529472524,loss,2026-10-01T16:30:40+00:00,1700486,2026-10-01T14:10:00Z,2026-10-01T14:10:19Z,2026-10-01T15:46:41Z,finished,best_of,3,CCT Europe,Group Stage,138975,Butterfly,138812,Noir Verse,138812,,,,,,,,Butterfly,Butterfly,138812,Noir Verse,loss,0,,
1050,paper_v2,value_3pp,2026-09-30T21:16:19+00:00,pending,MelBet,2026-09-30T21:15:18+00:00,133725,2.366,1000.0,0.5264097805358717,0.3927104722792608,0.13369930825661092,,,8045,2026-09-30T21:16:03+00:00,cs2_team_v2,133725,0.47359021946412827,0.5264097805358717,win,2026-10-01T19:10:10+00:00,1682117,2026-10-01T15:30:00Z,2026-10-01T15:26:42Z,2026-10-01T19:04:50Z,finished,best_of,3,Stake Ranked,Playoffs,3209,Astralis,133725,Alliance,133725,,,,,,,,Alliance,Alliance,133725,Alliance,win,0,,
1051,paper_v2,value_3pp,2026-09-30T21:16:19+00:00,skipped_roster_uncertain,,,137271,,0.0,0.5915899590636167,,,,,8063,2026-09-30T21:16:04+00:00,cs2_team_v2,137271,0.4084100409363834,0.5915899590636167,win,2026-10-01T17:10:39+00:00,1720355,2026-10-01T15:50:00Z,2026-10-01T15:50:51Z,2026-10-01T16:23:27Z,finished,best_of,1,FOX Legacy Cup,Group B,137707,SINQU,137271,FC Famalicão Esports,137271,,,,,,,,FC Famalicão Esports,FC Famalicão Esports,137271,FC Famalicão Esports,win,0,,
1052,paper_v2,value_3pp,2026-09-30T21:16:19+00:00,skipped_roster_uncertain,,,130569,,0.0,0.5329155486565084,,,,,8081,2026-09-30T21:16:06+00:00,cs2_team_v2,130569,0.5329155486565084,0.46708445134349164,loss,2026-10-01T19:00:30+00:00,1718469,2026-10-01T16:00:00Z,2026-10-01T16:06:42Z,2026-10-01T18:52:41Z,finished,best_of,3,CIS LAN Championship,Playoffs,130569,HOTU,137289,Team Nemesis,137289,,,,,,,,HOTU,HOTU,137289,Team Nemesis,loss,0,,
1053,paper_v2,value_3pp,2026-09-30T21:16:19+00:00,skipped_roster_uncertain,,,126738,,0.0,0.6202426952401068,,,,,8091,2026-09-30T21:16:06+00:00,cs2_team_v2,126738,0.37975730475989317,0.6202426952401068,win,2026-10-01T18:20:15+00:00,1720357,2026-10-01T17:00:00Z,2026-10-01T16:58:07Z,2026-10-01T17:34:04Z,finished,best_of,1,FOX Legacy Cup,Group B,137707,SINQU,126738,SAW,126738,,,,,,,,SAW,SAW,126738,SAW,win,0,,
1054,paper_v2,value_3pp,2026-09-30T21:16:19+00:00,skipped_roster_uncertain,,,132426,,0.0,0.6779313230185718,,,,,8101,2026-09-30T21:16:07+00:00,cs2_team_v2,132426,0.6779313230185718,0.32206867698142816,win,2026-10-01T18:20:15+00:00,1720358,2026-10-01T16:45:00Z,2026-10-01T16:54:54Z,2026-10-01T17:40:28Z,finished,best_of,1,FOX Legacy Cup,Group B,132426,Lazer Cats,137271,FC Famalicão Esports,132426,,,,,,,,Lazer Cats,Lazer Cats,132426,Lazer Cats,win,0,,
1055,paper_v2,value_3pp,2026-09-30T21:16:19+00:00,skipped_roster_uncertain,,,137703,,0.0,0.6590185541336308,,,,,8119,2026-09-30T21:16:08+00:00,cs2_team_v2,137703,0.34098144586636925,0.6590185541336308,loss,2026-10-01T19:50:59+00:00,1700487,2026-10-01T17:00:00Z,2026-10-01T17:05:09Z,2026-10-01T19:41:14Z,finished,best_of,3,CCT Europe,Group Stage,138685,Esport Academy Copenhagen,137703,ex-Zero Tenacity,138685,,,,,,,,ex-Zero Tenacity,ex-Zero Tenacity,138685,Esport Academy Copenhagen,loss,0,,
1056,paper_v2,value_3pp,2026-09-30T21:16:19+00:00,skipped_roster_uncertain,,,3212,,0.0,0.579854156358074,,,,,8129,2026-09-30T21:16:09+00:00,cs2_team_v2,3212,0.579854156358074,0.420145843641926,loss,2026-10-01T21:40:10+00:00,1682116,2026-10-01T19:20:00Z,2026-10-01T19:20:48Z,2026-10-01T21:28:15Z,finished,best_of,3,Stake Ranked,Playoffs,3212,FaZe,124522,Nemiga,124522,,,,,,,,FaZe,FaZe,124522,Nemiga,loss,0,,
1057,paper_v2,value_3pp,2026-09-30T21:16:19+00:00,skipped_roster_uncertain,,,126738,,0.0,0.5299731146444453,,,,,8139,2026-09-30T21:16:10+00:00,cs2_team_v2,126738,0.4700268853555547,0.5299731146444453,win,2026-10-01T19:30:29+00:00,1720360,2026-10-01T18:00:00Z,2026-10-01T17:59:57Z,2026-10-01T19:09:35Z,finished,best_of,1,FOX Legacy Cup,Group B,137271,FC Famalicão Esports,126738,SAW,126738,,,,,,,,SAW,SAW,126738,SAW,win,0,,
1058,paper_v2,value_3pp,2026-09-30T21:16:19+00:00,skipped_roster_uncertain,,,132426,,0.0,0.6511833458113189,,,,,8165,2026-09-30T21:16:12+00:00,cs2_team_v2,132426,0.6511833458113189,0.34881665418868113,win,2026-10-01T22:10:57+00:00,1720363,2026-10-01T19:55:00Z,2026-10-01T20:00:29Z,2026-10-01T22:04:26Z,finished,best_of,1,FOX Legacy Cup,Group B,132426,Lazer Cats,126738,SAW,132426,,,,,,,,Lazer Cats,Lazer Cats,132426,Lazer Cats,win,0,,
1059,paper_v2,value_3pp,2026-09-30T21:16:19+00:00,skipped_roster_uncertain,,,132426,,0.0,0.7530272241612694,,,,,8207,2026-09-30T21:16:15+00:00,cs2_team_v2,132426,0.7530272241612694,0.24697277583873056,win,2026-10-01T23:50:16+00:00,1720368,2026-10-01T22:20:00Z,2026-10-01T22:23:16Z,2026-10-01T22:59:38Z,finished,best_of,1,FOX Legacy Cup,Group B,132426,Lazer Cats,137707,SINQU,132426,,,,,,,,Lazer Cats,Lazer Cats,132426,Lazer Cats,win,0,,
1060,paper_v3,value_3pp,2026-09-30T21:16:20+00:00,skipped_low_odds,MelBet,2026-09-30T21:15:18+00:00,138886,1.31,0.0,0.5144483625108094,0.7117711771177117,-0.19732281460690226,,,7787,2026-09-30T21:15:45+00:00,extra_trees_context_v1,138886,0.5144483625108094,0.4855516374891906,win,2026-09-30T23:40:28+00:00,1692891,2026-09-30T21:30:00Z,2026-09-30T21:40:16Z,2026-09-30T23:36:02Z,finished,best_of,3,Gamers Club Liga Série A,Playoffs,138886,BORRACHEIROS,139099,underw0rld,138886,,,,,,,,BORRACHEIROS,BORRACHEIROS,138886,BORRACHEIROS,win,0,,
1061,paper_v3,value_3pp,2026-09-30T21:16:20+00:00,skipped_low_odds,MelBet,2026-09-30T21:15:18+00:00,139026,1.35,0.0,0.5148825127493588,0.6867749419953596,-0.1718924292460008,,,7797,2026-09-30T21:15:46+00:00,extra_trees_context_v1,139026,0.48511748725064113,0.5148825127493588,win,2026-10-01T01:40:48+00:00,1702610,2026-09-30T22:30:00Z,2026-09-30T22:37:24Z,2026-10-01T01:33:19Z,finished,best_of,3,CCT South America,Group Stage,138086,METANOIA WOLVES,139026,MEIA NOITE,139026,,,,,,,,MEIA NOITE,MEIA NOITE,139026,MEIA NOITE,win,0,,
1062,paper_v3,value_3pp,2026-09-30T21:16:20+00:00,skipped_no_value,MelBet,2026-09-30T21:15:18+00:00,138370,1.57,0.0,0.6349065163329596,0.6053293112116641,0.02957720512129547,,,7807,2026-09-30T21:15:46+00:00,extra_trees_context_v1,138370,0.3650934836670404,0.6349065163329596,win,2026-10-01T10:40:56+00:00,1700484,2026-10-01T08:00:00Z,2026-10-01T08:02:58Z,2026-10-01T10:40:12Z,finished,best_of,3,CCT Europe,Group Stage,127911,MASONIC,138370,Lavked,138370,,,,,,,,Lavked,Lavked,138370,Lavked,win,0,,
1063,paper_v3,value_3pp,2026-09-30T21:16:20+00:00,loss,MelBet,2026-09-30T21:15:18+00:00,138117,1.96,1000.0,0.583311271639376,0.4716981132075471,0.1116131584318289,-1000.0,2026-10-01T10:00:29+00:00,7815,2026-09-30T21:15:47+00:00,extra_trees_context_v1,138117,0.583311271639376,0.416688728360624,loss,2026-10-01T10:00:29+00:00,1712144,2026-10-01T08:10:00Z,2026-10-01T08:10:54Z,2026-10-01T09:52:01Z,finished,best_of,3,United21,Group B,138117,CTRL Esports,138110,THE UNIT,138110,,,,,,,,CTRL Esports,CTRL Esports,138110,THE UNIT,loss,0,100060.0,99060.0
1064,paper_v3,value_3pp,2026-09-30T21:16:35+00:00,win,MelBet,2026-09-30T21:15:18+00:00,134320,1.42,1000.0,0.7634749622251102,0.6551724137931034,0.10830254843200682,419.99999999999994,2026-10-01T09:30:31+00:00,7823,2026-09-30T21:15:48+00:00,extra_trees_context_v1,134320,0.7634749622251102,0.23652503777488976,win,2026-10-01T09:30:30+00:00,1720369,2026-10-01T08:30:00Z,2026-10-01T08:32:55Z,2026-10-01T09:10:48Z,finished,best_of,1,FOX Legacy Cup,Group A,134320,aimclub,131984,ABT Esports,134320,,,,,,,,aimclub,aimclub,134320,aimclub,win,0,99640.0,100060.0
1065,paper_v3,value_3pp,2026-09-30T21:17:06+00:00,skipped_no_line,,,126491,,0.0,0.7330277879148923,,,,,7831,2026-09-30T21:15:48+00:00,extra_trees_context_v1,126491,0.7330277879148923,0.2669722120851077,loss,2026-10-01T09:30:30+00:00,1720370,2026-10-01T08:30:00Z,2026-10-01T08:30:08Z,2026-10-01T09:14:17Z,finished,best_of,1,FOX Legacy Cup,Group A,126491,NAVI Junior,138688,Next UP,138688,,,,,,,,NAVI Junior,NAVI Junior,138688,Next UP,loss,0,,
1066,paper_v3,value_3pp,2026-09-30T21:17:06+00:00,skipped_no_line,,,137508,,0.0,0.6235191599190526,,,,,7841,2026-09-30T21:15:49+00:00,extra_trees_context_v1,137508,0.6235191599190526,0.3764808400809474,loss,2026-10-01T09:30:30+00:00,1720371,2026-10-01T08:30:00Z,2026-10-01T08:31:06Z,2026-10-01T09:00:54Z,finished,best_of,1,FOX Legacy Cup,Group A,137508,Falcons Force,138419,PURE,138419,,,,,,,,Falcons Force,Falcons Force,138419,PURE,loss,0,,
1067,paper_v3,value_3pp,2026-09-30T21:17:06+00:00,skipped_no_line,,,126491,,0.0,0.8006578205449735,,,,,7849,2026-09-30T21:15:50+00:00,extra_trees_context_v1,126491,0.8006578205449735,0.19934217945502652,win,2026-10-01T11:00:13+00:00,1720372,2026-10-01T09:30:00Z,2026-10-01T09:34:05Z,2026-10-01T10:23:11Z,finished,best_of,1,FOX Legacy Cup,Group A,126491,NAVI Junior,131984,ABT Esports,126491,,,,,,,,NAVI Junior,NAVI Junior,126491,NAVI Junior,win,0,,
1068,paper_v3,value_3pp,2026-09-30T21:17:06+00:00,skipped_no_line,,,138688,,0.0,0.5368100950355799,,,,,7857,2026-09-30T21:15:50+00:00,extra_trees_context_v1,138688,0.5368100950355799,0.46318990496442014,loss,2026-10-01T11:00:13+00:00,1720373,2026-10-01T09:30:00Z,2026-10-01T09:35:58Z,2026-10-01T10:08:00Z,finished,best_of,1,FOX Legacy Cup,Group A,138688,Next UP,138419,PURE,138419,,,,,,,,Next UP,Next UP,138419,PURE,loss,0,,
1069,paper_v3,value_3pp,2026-09-30T21:17:06+00:00,skipped_no_value,MelBet,2026-09-30T21:15:18+00:00,134320,1.57,0.0,0.508731396899964,0.5930533955417315,-0.08432199864176748,,,7867,2026-09-30T21:15:51+00:00,extra_trees_context_v1,134320,0.508731396899964,0.49126860310003595,loss,2026-10-01T11:00:13+00:00,1720374,2026-10-01T09:30:00Z,2026-10-01T09:33:21Z,2026-10-01T10:05:20Z,finished,best_of,1,FOX Legacy Cup,Group A,134320,aimclub,137508,Falcons Force,137508,,,,,,,,aimclub,aimclub,137508,Falcons Force,loss,0,,
1070,paper_v3,value_3pp,2026-09-30T21:17:06+00:00,loss,MelBet,2026-09-30T21:15:18+00:00,129381,1.7,1000.0,0.7811223516208832,0.5575221238938053,0.22360022772707788,-1000.0,2026-10-01T12:10:53+00:00,7877,2026-09-30T21:15:51+00:00,extra_trees_context_v1,129381,0.7811223516208832,0.21887764837911683,loss,2026-10-01T12:10:52+00:00,1682119,2026-10-01T10:00:00Z,2026-10-01T10:04:16Z,2026-10-01T12:00:27Z,finished,best_of,3,Stake Ranked,Playoffs,129381,B8,3228,Luminosity,3228,,,,,,,,B8,B8,3228,Luminosity,loss,0,98060.0,97060.0
1071,paper_v3,value_3pp,2026-09-30T21:17:38+00:00,skipped_no_line,,,139135,,0.0,0.6232131342830183,,,,,7885,2026-09-30T21:15:52+00:00,extra_trees_context_v1,139135,0.6232131342830183,0.3767868657169817,win,2026-10-01T12:00:30+00:00,1718467,2026-10-01T10:00:00Z,2026-10-01T10:06:37Z,2026-10-01T11:52:13Z,finished,best_of,3,CIS LAN Championship,Playoffs,139135,UPGRADE,139318,Krytiepacani,139135,,,,,,,,UPGRADE,UPGRADE,139135,UPGRADE,win,0,,
1072,paper_v3,value_3pp,2026-09-30T21:17:38+00:00,skipped_no_line,,,138281,,0.0,0.5223281841138346,,,,,7893,2026-09-30T21:15:53+00:00,extra_trees_context_v1,138281,0.47767181588616536,0.5223281841138346,win,2026-10-01T13:51:10+00:00,1712145,2026-10-01T10:40:00Z,2026-10-01T10:45:27Z,2026-10-01T13:48:41Z,finished,best_of,3,United21,Group B,135436,Revenge,138281,Passion Academy,138281,,,,,,,,Passion Academy,Passion Academy,138281,Passion Academy,win,0,,
1073,paper_v3,value_3pp,2026-09-30T21:17:38+00:00,loss,MelBet,2026-09-30T21:15:18+00:00,137508,1.57,1000.0,0.7388732232562518,0.5930533955417315,0.1458198277145203,-1000.0,2026-10-01T12:00:31+00:00,7901,2026-09-30T21:15:53+00:00,extra_trees_context_v1,137508,0.2611267767437482,0.7388732232562518,loss,2026-10-01T12:00:30+00:00,1720375,2026-10-01T10:40:00Z,2026-10-01T10:43:52Z,2026-10-01T11:36:19Z,finished,best_of,1,FOX Legacy Cup,Group A,131984,ABT Esports,137508,Falcons Force,131984,,,,,,,,Falcons Force,Falcons Force,131984,ABT Esports,loss,0,99060.0,98060.0
1074,paper_v3,value_3pp,2026-09-30T21:18:17+00:00,skipped_no_line,,,126491,,0.0,0.7354040338404287,,,,,7911,2026-09-30T21:15:54+00:00,extra_trees_context_v1,126491,0.7354040338404287,0.26459596615957126,loss,2026-10-01T12:00:30+00:00,1720376,2026-10-01T10:40:00Z,2026-10-01T10:41:31Z,2026-10-01T11:24:34Z,finished,best_of,1,FOX Legacy Cup,Group A,126491,NAVI Junior,138419,PURE,138419,,,,,,,,NAVI Junior,NAVI Junior,138419,PURE,loss,0,,
1075,paper_v3,value_3pp,2026-09-30T21:18:17+00:00,skipped_no_line,,,134320,,0.0,0.659434537699787,,,,,7919,2026-09-30T21:15:55+00:00,extra_trees_context_v1,134320,0.340565462300213,0.659434537699787,win,2026-10-01T12:00:30+00:00,1720377,2026-10-01T10:40:00Z,2026-10-01T10:42:25Z,2026-10-01T11:12:45Z,finished,best_of,1,FOX Legacy Cup,Group A,138688,Next UP,134320,aimclub,134320,,,,,,,,aimclub,aimclub,134320,aimclub,win,0,,
1076,paper_v3,value_3pp,2026-09-30T21:18:17+00:00,loss,MelBet,2026-09-30T21:15:18+00:00,138660,2.31,1000.0,0.5595763366866713,0.41161487519103407,0.14796146149563721,-1000.0,2026-10-01T12:50:15+00:00,7929,2026-09-30T21:15:55+00:00,extra_trees_context_v1,138660,0.5595763366866713,0.4404236633133287,loss,2026-10-01T12:50:14+00:00,1700485,2026-10-01T11:00:00Z,2026-10-01T11:09:41Z,2026-10-01T12:42:21Z,finished,best_of,3,CCT Europe,Group Stage,138660,WRAITH PCIFIC,126699,Nexus,126699,,,,,,,,WRAITH PCIFIC,WRAITH PCIFIC,126699,Nexus,loss,0,97060.0,96060.0
1077,paper_v3,value_3pp,2026-09-30T21:18:42+00:00,skipped_no_line,,,138899,,0.0,0.5301848369670412,,,,,7939,2026-09-30T21:15:56+00:00,extra_trees_context_v1,138899,0.5301848369670412,0.4698151630329588,win,2026-10-01T14:31:10+00:00,1712174,2026-10-01T11:10:00Z,2026-10-01T11:15:09Z,2026-10-01T14:27:31Z,finished,best_of,3,CCT Europe,Playoffs,138899,maybe,135978,eternal premium,138899,,,,,,,,maybe,maybe,138899,maybe,win,0,,
1078,paper_v3,value_3pp,2026-09-30T21:18:42+00:00,skipped_no_line,,,139111,,0.0,0.6363419756100217,,,,,7947,2026-09-30T21:15:57+00:00,extra_trees_context_v1,139111,0.36365802438997824,0.6363419756100217,win,2026-10-01T12:30:11+00:00,1712175,2026-10-01T11:00:00Z,,,canceled,best_of,3,CCT Europe,Playoffs,139111,Morrow Esports,137580, Phantom Academy,139111,,,,,,,,Morrow Esports,Morrow Esports,139111,Morrow Esports,win,0,,
1079,paper_v3,value_3pp,2026-09-30T21:18:42+00:00,skipped_no_line,,,138688,,0.0,0.6986669739059204,,,,,7955,2026-09-30T21:15:57+00:00,extra_trees_context_v1,138688,0.3013330260940797,0.6986669739059204,loss,2026-10-01T13:21:10+00:00,1720378,2026-10-01T11:55:00Z,2026-10-01T12:01:38Z,2026-10-01T12:46:40Z,finished,best_of,1,FOX Legacy Cup,Group A,131984,ABT Esports,138688,Next UP,131984,,,,,,,,Next UP,Next UP,131984,ABT Esports,loss,0,,
1080,paper_v3,value_3pp,2026-09-30T21:18:42+00:00,skipped_no_line,,,126491,,0.0,0.6892556784451002,,,,,7965,2026-09-30T21:15:58+00:00,extra_trees_context_v1,126491,0.6892556784451002,0.31074432155489984,win,2026-10-01T13:21:10+00:00,1720379,2026-10-01T11:55:00Z,2026-10-01T11:54:51Z,2026-10-01T12:37:30Z,finished,best_of,1,FOX Legacy Cup,Group A,126491,NAVI Junior,137508,Falcons Force,126491,,,,,,,,NAVI Junior,NAVI Junior,126491,NAVI Junior,win,0,,
1081,paper_v3,value_3pp,2026-09-30T21:18:42+00:00,skipped_no_line,,,134320,,0.0,0.6308077683783669,,,,,7975,2026-09-30T21:15:58+00:00,extra_trees_context_v1,134320,0.36919223162163306,0.6308077683783669,win,2026-10-01T13:21:10+00:00,1720380,2026-10-01T11:55:00Z,2026-10-01T11:54:03Z,2026-10-01T12:41:33Z,finished,best_of,1,FOX Legacy Cup,Group A,138419,PURE,134320,aimclub,134320,,,,,,,,aimclub,aimclub,134320,aimclub,win,0,,
1082,paper_v3,value_3pp,2026-09-30T21:18:42+00:00,loss,MelBet,2026-09-30T21:15:18+00:00,3217,2.604,1000.0,0.5534547457279098,0.3623898139079334,0.19106493181997636,-1000.0,2026-10-01T15:21:10+00:00,7985,2026-09-30T21:15:59+00:00,extra_trees_context_v1,3217,0.44654525427209024,0.5534547457279098,loss,2026-10-01T15:21:10+00:00,1682118,2026-10-01T12:20:00Z,2026-10-01T12:18:01Z,2026-10-01T15:11:00Z,finished,best_of,3,Stake Ranked,Playoffs,3249,BIG,3217,fnatic,3249,,,,,,,,fnatic,fnatic,3249,BIG,loss,0,96060.0,95060.0
1083,paper_v3,value_3pp,2026-09-30T21:19:19+00:00,skipped_no_line,,,138419,,0.0,0.6812848160728144,,,,,7993,2026-09-30T21:16:00+00:00,extra_trees_context_v1,138419,0.6812848160728144,0.31871518392718556,win,2026-10-01T14:31:10+00:00,1720381,2026-10-01T13:00:00Z,2026-10-01T13:09:16Z,2026-10-01T13:42:45Z,finished,best_of,1,FOX Legacy Cup,Group A,138419,PURE,131984,ABT Esports,138419,,,,,,,,PURE,PURE,138419,PURE,win,0,,
1084,paper_v3,value_3pp,2026-09-30T21:19:19+00:00,skipped_no_line,,,126491,,0.0,0.6472104160652614,,,,,8003,2026-09-30T21:16:00+00:00,extra_trees_context_v1,126491,0.6472104160652614,0.3527895839347386,loss,2026-10-01T14:31:10+00:00,1720382,2026-10-01T13:00:00Z,2026-10-01T13:08:42Z,2026-10-01T13:31:14Z,finished,best_of,1,FOX Legacy Cup,Group A,126491,NAVI Junior,134320,aimclub,134320,,,,,,,,NAVI Junior,NAVI Junior,134320,aimclub,loss,0,,
1085,paper_v3,value_3pp,2026-09-30T21:19:19+00:00,skipped_no_line,,,137508,,0.0,0.6034660067644193,,,,,8011,2026-09-30T21:16:01+00:00,extra_trees_context_v1,137508,0.6034660067644193,0.3965339932355807,win,2026-10-01T14:31:10+00:00,1720383,2026-10-01T13:00:00Z,2026-10-01T13:09:36Z,2026-10-01T14:06:49Z,finished,best_of,1,FOX Legacy Cup,Group A,137508,Falcons Force,138688,Next UP,137508,,,,,,,,Falcons Force,Falcons Force,137508,Falcons Force,win,0,,
1086,paper_v3,value_3pp,2026-09-30T21:19:19+00:00,skipped_no_line,,,128766,,0.0,0.611412638789313,,,,,8021,2026-09-30T21:16:02+00:00,extra_trees_context_v1,128766,0.611412638789313,0.38858736121068704,loss,2026-10-01T17:20:10+00:00,1712171,2026-10-01T14:45:00Z,2026-10-01T14:46:18Z,2026-10-01T17:17:58Z,finished,best_of,3,CCT Europe,Playoffs,128766,Spirit Academy,138400,mellren,138400,,,,,,,,Spirit Academy,Spirit Academy,138400,mellren,loss,0,,
1087,paper_v3,value_3pp,2026-09-30T21:19:19+00:00,skipped_low_odds,MelBet,2026-09-30T21:15:18+00:00,135126,1.35,0.0,0.551385462286089,0.6867749419953596,-0.13538947970927062,,,8031,2026-09-30T21:16:02+00:00,extra_trees_context_v1,135126,0.551385462286089,0.448614537713911,win,2026-10-01T16:30:40+00:00,1712172,2026-10-01T14:05:00Z,2026-10-01T14:03:55Z,2026-10-01T16:27:17Z,finished,best_of,3,CCT Europe,Playoffs,135126,FORZE Reload,135474,Fire Flux Esports,135126,,,,,,,,FORZE Reload,FORZE Reload,135126,FORZE Reload,win,0,,
1088,paper_v3,value_3pp,2026-09-30T21:19:19+00:00,skipped_no_line,,,138975,,0.0,0.6458846544670213,,,,,8041,2026-09-30T21:16:03+00:00,extra_trees_context_v1,138975,0.6458846544670213,0.35411534553297874,loss,2026-10-01T16:30:40+00:00,1700486,2026-10-01T14:10:00Z,2026-10-01T14:10:19Z,2026-10-01T15:46:41Z,finished,best_of,3,CCT Europe,Group Stage,138975,Butterfly,138812,Noir Verse,138812,,,,,,,,Butterfly,Butterfly,138812,Noir Verse,loss,0,,
1089,paper_v3,value_3pp,2026-09-30T21:19:19+00:00,skipped_no_value,MelBet,2026-09-30T21:15:18+00:00,3209,1.53,0.0,0.5295079880572311,0.6072895277207393,-0.0777815396635082,,,8051,2026-09-30T21:16:03+00:00,extra_trees_context_v1,3209,0.5295079880572311,0.4704920119427689,loss,2026-10-01T19:10:10+00:00,1682117,2026-10-01T15:30:00Z,2026-10-01T15:26:42Z,2026-10-01T19:04:50Z,finished,best_of,3,Stake Ranked,Playoffs,3209,Astralis,133725,Alliance,133725,,,,,,,,Astralis,Astralis,133725,Alliance,loss,0,,
1090,paper_v3,value_3pp,2026-09-30T21:19:19+00:00,loss,MelBet,2026-09-30T21:15:18+00:00,139200,3.535,1000.0,0.6273279607743908,0.26277372262773724,0.36455423814665355,-1000.0,2026-10-01T16:40:33+00:00,8059,2026-09-30T21:16:04+00:00,extra_trees_context_v1,139200,0.3726720392256092,0.6273279607743908,loss,2026-10-01T16:40:32+00:00,1720354,2026-10-01T15:35:00Z,2026-10-01T15:35:14Z,2026-10-01T16:36:32Z,finished,best_of,1,FOX Legacy Cup,Group B,126738,SAW,139200,Nice Try,126738,58,3,@metascope_ai,230,2026-09-30T21:22:37+00:00,233,2026-10-01T16:40:37+00:00,Nice Try,Nice Try,126738,SAW,loss,1,95060.0,94060.0
1091,paper_v3,value_3pp,2026-09-30T21:19:58+00:00,skipped_no_line,,,137271,,0.0,0.5893240973128415,,,,,8069,2026-09-30T21:16:05+00:00,extra_trees_context_v1,137271,0.4106759026871585,0.5893240973128415,win,2026-10-01T17:10:39+00:00,1720355,2026-10-01T15:50:00Z,2026-10-01T15:50:51Z,2026-10-01T16:23:27Z,finished,best_of,1,FOX Legacy Cup,Group B,137707,SINQU,137271,FC Famalicão Esports,137271,,,,,,,,FC Famalicão Esports,FC Famalicão Esports,137271,FC Famalicão Esports,win,0,,
1092,paper_v3,value_3pp,2026-09-30T21:19:58+00:00,skipped_no_line,,,132426,,0.0,0.6651329004615946,,,,,8077,2026-09-30T21:16:05+00:00,extra_trees_context_v1,132426,0.6651329004615946,0.33486709953840543,win,2026-10-01T17:10:39+00:00,1720356,2026-10-01T15:40:00Z,2026-10-01T15:36:16Z,2026-10-01T16:06:16Z,finished,best_of,1,FOX Legacy Cup,Group B,132426,Lazer Cats,137736,Flame Hard,132426,,,,,,,,Lazer Cats,Lazer Cats,132426,Lazer Cats,win,0,,
1093,paper_v3,value_3pp,2026-09-30T21:19:58+00:00,skipped_no_value,MelBet,2026-09-30T21:15:18+00:00,130569,1.65,0.0,0.5477300481419372,0.564873417721519,-0.017143369579581846,,,8087,2026-09-30T21:16:06+00:00,extra_trees_context_v1,130569,0.5477300481419372,0.45226995185806285,loss,2026-10-01T19:00:30+00:00,1718469,2026-10-01T16:00:00Z,2026-10-01T16:06:42Z,2026-10-01T18:52:41Z,finished,best_of,3,CIS LAN Championship,Playoffs,130569,HOTU,137289,Team Nemesis,137289,,,,,,,,HOTU,HOTU,137289,Team Nemesis,loss,0,,
1094,paper_v3,value_3pp,2026-09-30T21:19:58+00:00,skipped_low_odds,MelBet,2026-09-30T21:15:18+00:00,126738,1.06,0.0,0.654586275445435,0.8721351025331724,-0.21754882708773737,,,8097,2026-09-30T21:16:07+00:00,extra_trees_context_v1,126738,0.345413724554565,0.654586275445435,win,2026-10-01T18:20:15+00:00,1720357,2026-10-01T17:00:00Z,2026-10-01T16:58:07Z,2026-10-01T17:34:04Z,finished,best_of,1,FOX Legacy Cup,Group B,137707,SINQU,126738,SAW,126738,,,,,,,,SAW,SAW,126738,SAW,win,0,,
1095,paper_v3,value_3pp,2026-09-30T21:19:58+00:00,skipped_no_line,,,132426,,0.0,0.6770281483093434,,,,,8107,2026-09-30T21:16:07+00:00,extra_trees_context_v1,132426,0.6770281483093434,0.32297185169065656,win,2026-10-01T18:20:15+00:00,1720358,2026-10-01T16:45:00Z,2026-10-01T16:54:54Z,2026-10-01T17:40:28Z,finished,best_of,1,FOX Legacy Cup,Group B,132426,Lazer Cats,137271,FC Famalicão Esports,132426,,,,,,,,Lazer Cats,Lazer Cats,132426,Lazer Cats,win,0,,
1096,paper_v3,value_3pp,2026-09-30T21:19:58+00:00,skipped_low_odds,MelBet,2026-09-30T21:15:18+00:00,139200,1.26,0.0,0.6689978034561944,0.7355718782791185,-0.0665740748229241,,,8115,2026-09-30T21:16:08+00:00,extra_trees_context_v1,139200,0.3310021965438056,0.6689978034561944,win,2026-10-01T18:20:15+00:00,1720359,2026-10-01T16:55:00Z,2026-10-01T16:58:09Z,2026-10-01T17:17:23Z,finished,best_of,1,FOX Legacy Cup,Group B,137736,Flame Hard,139200,Nice Try,139200,,,,,,,,Nice Try,Nice Try,139200,Nice Try,win,0,,
1097,paper_v3,value_3pp,2026-09-30T21:19:58+00:00,loss,MelBet,2026-09-30T21:15:18+00:00,137703,1.616,1000.0,0.6523698651127731,0.5883851248089658,0.0639847403038073,-1000.0,2026-10-01T19:50:59+00:00,8125,2026-09-30T21:16:09+00:00,extra_trees_context_v1,137703,0.34763013488722694,0.6523698651127731,loss,2026-10-01T19:50:59+00:00,1700487,2026-10-01T17:00:00Z,2026-10-01T17:05:09Z,2026-10-01T19:41:14Z,finished,best_of,3,CCT Europe,Group Stage,138685,Esport Academy Copenhagen,137703,ex-Zero Tenacity,138685,,,,,,,,ex-Zero Tenacity,ex-Zero Tenacity,138685,Esport Academy Copenhagen,loss,0,94135.0,93135.0
1098,paper_v3,value_3pp,2026-09-30T21:20:36+00:00,skipped_no_value,MelBet,2026-09-30T21:20:02+00:00,3212,1.49,0.0,0.5329478480072949,0.6334563345633457,-0.10050848655605082,,,8135,2026-09-30T21:16:09+00:00,extra_trees_context_v1,3212,0.5329478480072949,0.4670521519927051,loss,2026-10-01T21:40:10+00:00,1682116,2026-10-01T19:20:00Z,2026-10-01T19:20:48Z,2026-10-01T21:28:15Z,finished,best_of,3,Stake Ranked,Playoffs,3212,FaZe,124522,Nemiga,124522,,,,,,,,FaZe,FaZe,124522,Nemiga,loss,0,,
1099,paper_v3,value_3pp,2026-09-30T21:20:36+00:00,skipped_no_line,,,126738,,0.0,0.6167405925393405,,,,,8145,2026-09-30T21:16:10+00:00,extra_trees_context_v1,126738,0.38325940746065945,0.6167405925393405,win,2026-10-01T19:30:29+00:00,1720360,2026-10-01T18:00:00Z,2026-10-01T17:59:57Z,2026-10-01T19:09:35Z,finished,best_of,1,FOX Legacy Cup,Group B,137271,FC Famalicão Esports,126738,SAW,126738,,,,,,,,SAW,SAW,126738,SAW,win,0,,
1100,paper_v3,value_3pp,2026-09-30T21:20:36+00:00,win,MelBet,2026-09-30T21:20:02+00:00,132426,2.075,1000.0,0.5305477586255025,0.448871181938911,0.0816765766865915,1075.0000000000002,2026-10-01T19:30:30+00:00,8153,2026-09-30T21:16:11+00:00,extra_trees_context_v1,132426,0.5305477586255025,0.4694522413744975,win,2026-10-01T19:30:29+00:00,1720361,2026-10-01T18:00:00Z,2026-10-01T17:58:57Z,2026-10-01T18:28:45Z,finished,best_of,1,FOX Legacy Cup,Group B,132426,Lazer Cats,139200,Nice Try,132426,,,,,,,,Lazer Cats,Lazer Cats,132426,Lazer Cats,win,0,94060.0,95135.0
1101,paper_v3,value_3pp,2026-09-30T21:21:16+00:00,loss,MelBet,2026-09-30T21:20:02+00:00,137736,1.95,1000.0,0.62759459005019,0.48548812664907653,0.1421064634011135,-1000.0,2026-10-01T19:40:10+00:00,8161,2026-09-30T21:16:11+00:00,extra_trees_context_v1,137736,0.62759459005019,0.37240540994981,loss,2026-10-01T19:40:10+00:00,1720362,2026-10-01T18:00:00Z,2026-10-01T17:58:54Z,2026-10-01T19:38:51Z,finished,best_of,1,FOX Legacy Cup,Group B,137736,Flame Hard,137707,SINQU,137707,,,,,,,,Flame Hard,Flame Hard,137707,SINQU,loss,0,95135.0,94135.0
1102,paper_v3,value_3pp,2026-09-30T21:21:59+00:00,win,MelBet,2026-09-30T21:20:02+00:00,132426,3.1,1000.0,0.5965180149277217,0.30022573363431154,0.2962922812934102,2100.0,2026-10-01T22:10:58+00:00,8171,2026-09-30T21:16:12+00:00,extra_trees_context_v1,132426,0.5965180149277217,0.4034819850722783,win,2026-10-01T22:10:57+00:00,1720363,2026-10-01T19:55:00Z,2026-10-01T20:00:29Z,2026-10-01T22:04:26Z,finished,best_of,1,FOX Legacy Cup,Group B,132426,Lazer Cats,126738,SAW,132426,59,4,@metascope_ai,231,2026-09-30T21:22:37+00:00,236,2026-10-01T22:11:01+00:00,Lazer Cats,Lazer Cats,132426,Lazer Cats,win,1,93135.0,95235.0
1103,paper_v3,value_3pp,2026-09-30T21:22:37+00:00,skipped_low_odds,MelBet,2026-09-30T21:20:02+00:00,139200,1.26,0.0,0.7222244331885581,0.7372262773722629,-0.01500184418370476,,,8179,2026-09-30T21:16:13+00:00,extra_trees_context_v1,139200,0.7222244331885581,0.2777755668114419,win,2026-10-01T21:30:24+00:00,1720364,2026-10-01T19:55:00Z,2026-10-01T20:00:10Z,2026-10-01T20:38:25Z,finished,best_of,1,FOX Legacy Cup,Group B,139200,Nice Try,137707,SINQU,139200,,,,,,,,Nice Try,Nice Try,139200,Nice Try,win,0,,
1104,paper_v3,value_3pp,2026-09-30T21:22:37+00:00,skipped_no_line,,,137736,,0.0,0.5814442782592386,,,,,8187,2026-09-30T21:16:13+00:00,extra_trees_context_v1,137736,0.41855572174076133,0.5814442782592386,loss,2026-10-01T21:30:24+00:00,1720365,2026-10-01T19:55:00Z,2026-10-01T20:00:32Z,2026-10-01T20:43:43Z,finished,best_of,1,FOX Legacy Cup,Group B,137271,FC Famalicão Esports,137736,Flame Hard,137271,,,,,,,,Flame Hard,Flame Hard,137271,FC Famalicão Esports,loss,0,,
1105,paper_v3,value_3pp,2026-09-30T21:22:37+00:00,skipped_no_line,,,139200,,0.0,0.6870410311725526,,,,,8195,2026-09-30T21:16:14+00:00,extra_trees_context_v1,139200,0.6870410311725526,0.31295896882744745,win,2026-10-01T23:50:16+00:00,1720366,2026-10-01T22:20:00Z,2026-10-01T22:18:03Z,2026-10-01T23:10:31Z,finished,best_of,1,FOX Legacy Cup,Group B,139200,Nice Try,137271,FC Famalicão Esports,139200,,,,,,,,Nice Try,Nice Try,139200,Nice Try,win,0,,
1106,paper_v3,value_3pp,2026-09-30T21:22:37+00:00,skipped_low_odds,MelBet,2026-09-30T21:20:02+00:00,126738,1.09,0.0,0.5539857231844416,0.849862258953168,-0.2958765357687264,,,8203,2026-09-30T21:16:15+00:00,extra_trees_context_v1,126738,0.5539857231844416,0.4460142768155584,win,2026-10-01T23:50:16+00:00,1720367,2026-10-01T22:20:00Z,2026-10-01T22:22:35Z,2026-10-01T22:51:37Z,finished,best_of,1,FOX Legacy Cup,Group B,126738,SAW,137736,Flame Hard,126738,,,,,,,,SAW,SAW,126738,SAW,win,0,,
1107,paper_v3,value_3pp,2026-09-30T21:22:37+00:00,skipped_low_odds,MelBet,2026-09-30T21:20:02+00:00,132426,1.33,0.0,0.6830585711524093,0.6997742663656885,-0.016715695213279202,,,8213,2026-09-30T21:16:15+00:00,extra_trees_context_v1,132426,0.6830585711524093,0.3169414288475907,win,2026-10-01T23:50:16+00:00,1720368,2026-10-01T22:20:00Z,2026-10-01T22:23:16Z,2026-10-01T22:59:38Z,finished,best_of,1,FOX Legacy Cup,Group B,132426,Lazer Cats,137707,SINQU,132426,,,,,,,,Lazer Cats,Lazer Cats,132426,Lazer Cats,win,0,,
1108,paper_v2,value_3pp,2026-10-03T21:15:57+00:00,skipped_roster_uncertain,,,124523,,0.0,0.6359743734390455,,,,,8233,2026-10-03T21:15:44+00:00,cs2_team_v2,124523,0.6359743734390455,0.3640256265609545,win,2026-10-04T12:00:17+00:00,1711377,2026-10-04T09:00:00Z,2026-10-04T09:02:07Z,2026-10-04T11:57:59Z,finished,best_of,3,ESL Pro League,Group Stage,124523,Spirit,133719,PARIVISION,124523,,,,,,,,Spirit,Spirit,124523,Spirit,win,0,,
1109,paper_v2,value_3pp,2026-10-03T21:15:57+00:00,skipped_roster_uncertain,,,133708,,0.0,0.6087515629606195,,,,,8243,2026-10-03T21:15:45+00:00,cs2_team_v2,133708,0.3912484370393805,0.6087515629606195,win,2026-10-04T11:00:12+00:00,1711378,2026-10-04T09:00:00Z,2026-10-04T09:01:00Z,2026-10-04T10:54:42Z,finished,best_of,3,ESL Pro League,Group Stage,135468,ShindeN,133708,Legacy,133708,,,,,,,,Legacy,Legacy,133708,Legacy,win,0,,
1110,paper_v2,value_3pp,2026-10-03T21:15:57+00:00,skipped_roster_uncertain,,,127976,,0.0,0.8667031135170224,,,,,8261,2026-10-03T21:15:46+00:00,cs2_team_v2,127976,0.8667031135170224,0.13329688648297755,loss,2026-10-04T12:10:15+00:00,1720417,2026-10-04T10:00:00Z,2026-10-04T10:05:19Z,2026-10-04T12:08:44Z,finished,best_of,3,FOX Legacy Cup,Playoffs,127976,Infinite,126738,SAW,126738,,,,,,,,Infinite,Infinite,126738,SAW,loss,0,,
1111,paper_v2,value_3pp,2026-10-03T21:15:57+00:00,skipped_roster_uncertain,,,127911,,0.0,0.5703486337483553,,,,,8279,2026-10-03T21:15:47+00:00,cs2_team_v2,127911,0.5703486337483553,0.4296513662516447,win,2026-10-04T12:30:31+00:00,1700496,2026-10-04T11:30:00Z,2026-10-04T11:32:10Z,2026-10-04T12:13:07Z,finished,best_of,3,CCT Europe,Group Stage,127911,MASONIC,137580, Phantom Academy,127911,,,,,,,,MASONIC,MASONIC,127911,MASONIC,win,0,,
1112,paper_v2,value_3pp,2026-10-03T21:15:57+00:00,skipped_roster_uncertain,,,128766,,0.0,0.5030508173707754,,,,,8289,2026-10-03T21:15:48+00:00,cs2_team_v2,128766,0.4969491826292246,0.5030508173707754,win,2026-10-04T13:10:11+00:00,1712179,2026-10-04T11:00:00Z,2026-10-04T11:06:02Z,2026-10-04T13:05:06Z,finished,best_of,3,CCT Europe,Playoffs,138400,mellren,128766,Spirit Academy,128766,,,,,,,,Spirit Academy,Spirit Academy,128766,Spirit Academy,win,0,,
1113,paper_v2,value_3pp,2026-10-03T21:15:57+00:00,skipped_roster_uncertain,,,126709,,0.0,0.6574656297413274,,,,,8299,2026-10-03T21:15:48+00:00,cs2_team_v2,126709,0.6574656297413274,0.3425343702586726,win,2026-10-04T13:10:11+00:00,1711379,2026-10-04T11:30:00Z,2026-10-04T11:30:56Z,2026-10-04T13:07:40Z,finished,best_of,3,ESL Pro League,Group Stage,126709,9z,3248,TYLOO,126709,,,,,,,,9z,9z,126709,9z,win,0,,
1114,paper_v2,value_3pp,2026-10-03T21:15:57+00:00,skipped_roster_uncertain,,,130564,,0.0,0.6528865977167617,,,,,8309,2026-10-03T21:15:49+00:00,cs2_team_v2,130564,0.6528865977167617,0.3471134022832383,win,2026-10-04T14:10:26+00:00,1711380,2026-10-04T12:20:00Z,2026-10-04T12:19:36Z,2026-10-04T14:01:44Z,finished,best_of,3,ESL Pro League,Group Stage,130564,Team Falcons,131505,Aurora Gaming,130564,,,,,,,,Team Falcons,Team Falcons,130564,Team Falcons,win,0,,
1115,paper_v2,value_3pp,2026-10-03T21:15:57+00:00,skipped_roster_uncertain,,,3209,,0.0,0.6762085873887402,,,,,8319,2026-10-03T21:15:50+00:00,cs2_team_v2,3209,0.3237914126112598,0.6762085873887402,win,2026-10-04T14:51:09+00:00,1682128,2026-10-04T12:00:00Z,2026-10-04T12:00:10Z,2026-10-04T14:48:02Z,finished,best_of,3,Stake Ranked,Playoffs,3228,Luminosity,3209,Astralis,3209,,,,,,,,Astralis,Astralis,3209,Astralis,win,0,,
1116,paper_v2,value_3pp,2026-10-03T21:15:57+00:00,skipped_roster_uncertain,,,138975,,0.0,0.7040141975507221,,,,,8329,2026-10-03T21:15:50+00:00,cs2_team_v2,138975,0.7040141975507221,0.29598580244927786,win,2026-10-04T16:10:10+00:00,1700497,2026-10-04T14:15:00Z,2026-10-04T14:15:03Z,2026-10-04T16:03:12Z,finished,best_of,3,CCT Europe,Group Stage,138975,Butterfly,128629,megoshort,138975,,,,,,,,Butterfly,Butterfly,138975,Butterfly,win,0,,
1117,paper_v2,value_3pp,2026-10-03T21:15:57+00:00,skipped_high_odds,MelBet,2026-10-03T21:15:19+00:00,126944,3.096,0.0,0.5020964749414119,0.30676220331392745,0.1953342716274844,,,8339,2026-10-03T21:15:51+00:00,cs2_team_v2,126944,0.4979035250585882,0.5020964749414119,win,2026-10-04T17:00:56+00:00,1711381,2026-10-04T14:00:00Z,2026-10-04T14:01:08Z,2026-10-04T16:50:47Z,finished,best_of,3,ESL Pro League,Group Stage,3210,G2,126944,1WIN,126944,,,,,,,,1WIN,1WIN,126944,1WIN,win,0,,
1118,paper_v2,value_3pp,2026-10-03T21:15:57+00:00,skipped_roster_uncertain,,,124530,,0.0,0.5086500180859485,,,,,8349,2026-10-03T21:15:51+00:00,cs2_team_v2,124530,0.5086500180859485,0.49134998191405155,loss,2026-10-04T16:00:12+00:00,1711388,2026-10-04T14:25:00Z,2026-10-04T14:22:47Z,2026-10-04T15:58:12Z,finished,best_of,3,ESL Pro League,Group Stage,124530,FURIA,3240,MOUZ,3240,,,,,,,,FURIA,FURIA,3240,MOUZ,loss,0,,
1119,paper_v2,value_3pp,2026-10-03T21:15:57+00:00,skipped_roster_uncertain,,,3455,,0.0,0.6375521270684434,,,,,8359,2026-10-03T21:15:52+00:00,cs2_team_v2,3455,0.6375521270684434,0.36244787293155656,win,2026-10-04T19:10:47+00:00,1711382,2026-10-04T16:30:00Z,2026-10-04T16:31:07Z,2026-10-04T19:02:24Z,finished,best_of,3,ESL Pro League,Group Stage,3455,Vitality,3216,Natus Vincere,3455,,,,,,,,Vitality,Vitality,3455,Vitality,win,0,,
1120,paper_v2,value_3pp,2026-10-03T21:15:57+00:00,skipped_roster_uncertain,,,133458,,0.0,0.6348095018945538,,,,,8369,2026-10-03T21:15:52+00:00,cs2_team_v2,133458,0.6348095018945538,0.36519049810544624,win,2026-10-04T19:30:26+00:00,1711383,2026-10-04T17:10:00Z,2026-10-04T17:11:03Z,2026-10-04T19:25:30Z,finished,best_of,3,ESL Pro League,Group Stage,133458,BetBoom Team,133435,M80,133458,,,,,,,,BetBoom Team,BetBoom Team,133458,BetBoom Team,win,0,,
1121,paper_v2,value_3pp,2026-10-03T21:15:57+00:00,skipped_roster_uncertain,,,138974,,0.0,0.5228614307765104,,,,,8379,2026-10-03T21:15:53+00:00,cs2_team_v2,138974,0.5228614307765104,0.47713856922348963,win,2026-10-04T19:51:09+00:00,1700498,2026-10-04T17:00:00Z,2026-10-04T17:04:13Z,2026-10-04T19:41:42Z,finished,best_of,3,CCT Europe,Group Stage,138974,ex-RUSTEC,135227,ENJOY,138974,,,,,,,,ex-RUSTEC,ex-RUSTEC,138974,ex-RUSTEC,win,0,,
1122,paper_v2,value_3pp,2026-10-03T21:15:57+00:00,skipped_roster_uncertain,,,133326,,0.0,0.553428576371362,,,,,8389,2026-10-03T21:15:54+00:00,cs2_team_v2,133326,0.44657142362863805,0.553428576371362,loss,2026-10-04T19:51:09+00:00,1702630,2026-10-04T18:10:00Z,2026-10-04T18:04:23Z,2026-10-04T19:46:19Z,finished,best_of,3,CCT South America,Playoffs,138620,Turma do Pagode,133326,Bounty Hunters Esports,138620,,,,,,,,Bounty Hunters Esports,Bounty Hunters Esports,138620,Turma do Pagode,loss,0,,
1123,paper_v3,value_3pp,2026-10-03T21:15:57+00:00,skipped_no_value,MelBet,2026-10-03T21:15:19+00:00,137341,1.81,0.0,0.5146261162378093,0.5160427807486632,-0.0014166645108538711,,,8221,2026-10-03T21:15:43+00:00,extra_trees_context_v1,137341,0.5146261162378093,0.4853738837621907,loss,2026-10-04T00:41:07+00:00,1702626,2026-10-03T22:00:00Z,2026-10-03T22:05:22Z,2026-10-04T00:33:53Z,finished,best_of,3,CCT South America,Playoffs,137341,ex-Keyd Stars,128378,Procyon Gaming,128378,,,,,,,,ex-Keyd Stars,ex-Keyd Stars,128378,Procyon Gaming,loss,0,,
1124,paper_v3,value_3pp,2026-10-03T21:15:57+00:00,skipped_no_line,,,139314,,0.0,0.5930863681899231,,,,,8229,2026-10-03T21:15:44+00:00,extra_trees_context_v1,139314,0.5930863681899231,0.4069136318100769,win,2026-10-04T10:40:11+00:00,1712136,2026-10-04T08:00:00Z,2026-10-04T08:07:12Z,2026-10-04T10:35:39Z,finished,best_of,3,United21,Group A,139314,TheChampionGG,135026,ENCE Prospects,139314,,,,,,,,TheChampionGG,TheChampionGG,139314,TheChampionGG,win,0,,
1125,paper_v3,value_3pp,2026-10-03T21:15:57+00:00,skipped_low_odds,MelBet,2026-10-03T21:15:19+00:00,124523,1.175,0.0,0.6353624204694635,0.8072190319934373,-0.1718566115239738,,,8239,2026-10-03T21:15:45+00:00,extra_trees_context_v1,124523,0.6353624204694635,0.36463757953053655,win,2026-10-04T12:00:17+00:00,1711377,2026-10-04T09:00:00Z,2026-10-04T09:02:07Z,2026-10-04T11:57:59Z,finished,best_of,3,ESL Pro League,Group Stage,124523,Spirit,133719,PARIVISION,124523,,,,,,,,Spirit,Spirit,124523,Spirit,win,0,,
1126,paper_v3,value_3pp,2026-10-03T21:15:57+00:00,skipped_low_odds,MelBet,2026-10-03T21:15:19+00:00,133708,1.235,0.0,0.6179417932315993,0.7676387582314206,-0.14969696499982132,,,8249,2026-10-03T21:15:45+00:00,extra_trees_context_v1,133708,0.38205820676840074,0.6179417932315993,win,2026-10-04T11:00:12+00:00,1711378,2026-10-04T09:00:00Z,2026-10-04T09:01:00Z,2026-10-04T10:54:42Z,finished,best_of,3,ESL Pro League,Group Stage,135468,ShindeN,133708,Legacy,133708,,,,,,,,Legacy,Legacy,133708,Legacy,win,0,,
1127,paper_v3,value_3pp,2026-10-03T21:15:57+00:00,skipped_low_odds,MelBet,2026-10-03T21:15:19+00:00,133063,1.35,0.0,0.6534565194441515,0.688005546568061,-0.034549027123909504,,,8257,2026-10-03T21:15:46+00:00,extra_trees_context_v1,133063,0.6534565194441515,0.3465434805558485,win,2026-10-04T13:10:11+00:00,1720412,2026-10-04T10:15:00Z,2026-10-04T10:20:01Z,2026-10-04T13:00:31Z,finished,best_of,3,FOX Legacy Cup,Playoffs,133063,UNiTY esports,139200,Nice Try,133063,,,,,,,,UNiTY esports,UNiTY esports,133063,UNiTY esports,win,0,,
1128,paper_v3,value_3pp,2026-10-03T21:15:57+00:00,skipped_no_line,,,127976,,0.0,0.6528474083427476,,,,,8267,2026-10-03T21:15:46+00:00,extra_trees_context_v1,127976,0.6528474083427476,0.34715259165725243,loss,2026-10-04T12:10:15+00:00,1720417,2026-10-04T10:00:00Z,2026-10-04T10:05:19Z,2026-10-04T12:08:44Z,finished,best_of,3,FOX Legacy Cup,Playoffs,127976,Infinite,126738,SAW,126738,,,,,,,,Infinite,Infinite,126738,SAW,loss,0,,
1129,paper_v3,value_3pp,2026-10-03T21:15:57+00:00,void_roster_change,MelBet,2026-10-03T21:15:19+00:00,138281,1.71,1000.0,0.6845834820929297,0.5415549597855228,0.14302852230740692,0.0,2026-10-04T12:00:11+00:00,8275,2026-10-03T21:15:47+00:00,extra_trees_context_v1,138281,0.3154165179070703,0.6845834820929297,win,2026-10-04T13:10:11+00:00,1712146,2026-10-04T11:00:00Z,2026-10-04T10:57:39Z,2026-10-04T13:05:46Z,finished,best_of,3,United21,Group B,138117,CTRL Esports,138281,Passion Academy,138281,61,6,@metascope_ai,240,2026-10-03T21:16:59+00:00,,,Passion Academy,Passion Academy,138281,Passion Academy,win,1,,
1130,paper_v3,value_3pp,2026-10-03T21:16:18+00:00,skipped_no_line,,,127911,,0.0,0.6004319005060852,,,,,8285,2026-10-03T21:15:48+00:00,extra_trees_context_v1,127911,0.6004319005060852,0.3995680994939148,win,2026-10-04T12:30:31+00:00,1700496,2026-10-04T11:30:00Z,2026-10-04T11:32:10Z,2026-10-04T12:13:07Z,finished,best_of,3,CCT Europe,Group Stage,127911,MASONIC,137580, Phantom Academy,127911,,,,,,,,MASONIC,MASONIC,127911,MASONIC,win,0,,
1131,paper_v3,value_3pp,2026-10-03T21:16:18+00:00,skipped_no_line,,,128766,,0.0,0.5039636667926941,,,,,8295,2026-10-03T21:15:48+00:00,extra_trees_context_v1,128766,0.4960363332073059,0.5039636667926941,win,2026-10-04T13:10:11+00:00,1712179,2026-10-04T11:00:00Z,2026-10-04T11:06:02Z,2026-10-04T13:05:06Z,finished,best_of,3,CCT Europe,Playoffs,138400,mellren,128766,Spirit Academy,128766,,,,,,,,Spirit Academy,Spirit Academy,128766,Spirit Academy,win,0,,
1132,paper_v3,value_3pp,2026-10-03T21:16:18+00:00,win,MelBet,2026-10-03T21:15:19+00:00,126709,1.65,1000.0,0.6523576773297979,0.5697522816166884,0.08260539571310943,649.9999999999999,2026-10-04T13:10:12+00:00,8305,2026-10-03T21:15:49+00:00,extra_trees_context_v1,126709,0.6523576773297979,0.3476423226702021,win,2026-10-04T13:10:11+00:00,1711379,2026-10-04T11:30:00Z,2026-10-04T11:30:56Z,2026-10-04T13:07:40Z,finished,best_of,3,ESL Pro League,Group Stage,126709,9z,3248,TYLOO,126709,,,,,,,,9z,9z,126709,9z,win,0,95235.0,95885.0
1133,paper_v3,value_3pp,2026-10-03T21:16:21+00:00,skipped_no_value,MelBet,2026-10-03T21:15:19+00:00,130564,1.565,0.0,0.6250953188556241,0.6072772898368883,0.017818029018735748,,,8315,2026-10-03T21:15:49+00:00,extra_trees_context_v1,130564,0.6250953188556241,0.3749046811443759,win,2026-10-04T14:10:26+00:00,1711380,2026-10-04T12:20:00Z,2026-10-04T12:19:36Z,2026-10-04T14:01:44Z,finished,best_of,3,ESL Pro League,Group Stage,130564,Team Falcons,131505,Aurora Gaming,130564,,,,,,,,Team Falcons,Team Falcons,130564,Team Falcons,win,0,,
1134,paper_v3,value_3pp,2026-10-03T21:16:21+00:00,win,MelBet,2026-10-03T21:15:19+00:00,3209,1.625,1000.0,0.6406168248789186,0.5838668373879642,0.05674998749095439,625.0,2026-10-04T14:51:10+00:00,8325,2026-10-03T21:15:50+00:00,extra_trees_context_v1,3209,0.3593831751210814,0.6406168248789186,win,2026-10-04T14:51:09+00:00,1682128,2026-10-04T12:00:00Z,2026-10-04T12:00:10Z,2026-10-04T14:48:02Z,finished,best_of,3,Stake Ranked,Playoffs,3228,Luminosity,3209,Astralis,3209,,,,,,,,Astralis,Astralis,3209,Astralis,win,0,95885.0,96510.0
1135,paper_v3,value_3pp,2026-10-03T21:16:40+00:00,skipped_no_line,,,138975,,0.0,0.6618119900213587,,,,,8335,2026-10-03T21:15:50+00:00,extra_trees_context_v1,138975,0.6618119900213587,0.3381880099786413,win,2026-10-04T16:10:10+00:00,1700497,2026-10-04T14:15:00Z,2026-10-04T14:15:03Z,2026-10-04T16:03:12Z,finished,best_of,3,CCT Europe,Group Stage,138975,Butterfly,128629,megoshort,138975,,,,,,,,Butterfly,Butterfly,138975,Butterfly,win,0,,
1136,paper_v3,value_3pp,2026-10-03T21:16:40+00:00,win,MelBet,2026-10-03T21:15:19+00:00,126944,3.096,1000.0,0.5363708591010137,0.30676220331392745,0.22960865578708622,2096.0,2026-10-04T17:00:57+00:00,8345,2026-10-03T21:15:51+00:00,extra_trees_context_v1,126944,0.46362914089898627,0.5363708591010137,win,2026-10-04T17:00:56+00:00,1711381,2026-10-04T14:00:00Z,2026-10-04T14:01:08Z,2026-10-04T16:50:47Z,finished,best_of,3,ESL Pro League,Group Stage,3210,G2,126944,1WIN,126944,60,5,@metascope_ai,239,2026-10-03T21:16:59+00:00,242,2026-10-04T17:01:01+00:00,1WIN,1WIN,126944,1WIN,win,1,96510.0,98606.0
1137,paper_v3,value_3pp,2026-10-03T21:16:59+00:00,skipped_no_value,MelBet,2026-10-03T21:15:19+00:00,3240,1.74,0.0,0.5206550425528218,0.5456919060052219,-0.025036863452400082,,,8355,2026-10-03T21:15:52+00:00,extra_trees_context_v1,3240,0.47934495744717814,0.5206550425528218,win,2026-10-04T16:00:12+00:00,1711388,2026-10-04T14:25:00Z,2026-10-04T14:22:47Z,2026-10-04T15:58:12Z,finished,best_of,3,ESL Pro League,Group Stage,124530,FURIA,3240,MOUZ,3240,,,,,,,,MOUZ,MOUZ,3240,MOUZ,win,0,,
1138,paper_v3,value_3pp,2026-10-03T21:16:59+00:00,skipped_low_odds,MelBet,2026-10-03T21:15:19+00:00,3455,1.256,0.0,0.6470480721579102,0.7554517133956387,-0.1084036412377285,,,8365,2026-10-03T21:15:52+00:00,extra_trees_context_v1,3455,0.6470480721579102,0.35295192784208984,win,2026-10-04T19:10:47+00:00,1711382,2026-10-04T16:30:00Z,2026-10-04T16:31:07Z,2026-10-04T19:02:24Z,finished,best_of,3,ESL Pro League,Group Stage,3455,Vitality,3216,Natus Vincere,3455,,,,,,,,Vitality,Vitality,3455,Vitality,win,0,,
1139,paper_v3,value_3pp,2026-10-03T21:16:59+00:00,skipped_no_line,,,133458,,0.0,0.5639404740801532,,,,,8375,2026-10-03T21:15:53+00:00,extra_trees_context_v1,133458,0.5639404740801532,0.43605952591984676,win,2026-10-04T19:30:26+00:00,1711383,2026-10-04T17:10:00Z,2026-10-04T17:11:03Z,2026-10-04T19:25:30Z,finished,best_of,3,ESL Pro League,Group Stage,133458,BetBoom Team,133435,M80,133458,,,,,,,,BetBoom Team,BetBoom Team,133458,BetBoom Team,win,0,,
1140,paper_v3,value_3pp,2026-10-03T21:16:59+00:00,skipped_no_line,,,138974,,0.0,0.5198905477812547,,,,,8385,2026-10-03T21:15:53+00:00,extra_trees_context_v1,138974,0.5198905477812547,0.48010945221874535,win,2026-10-04T19:51:09+00:00,1700498,2026-10-04T17:00:00Z,2026-10-04T17:04:13Z,2026-10-04T19:41:42Z,finished,best_of,3,CCT Europe,Group Stage,138974,ex-RUSTEC,135227,ENJOY,138974,,,,,,,,ex-RUSTEC,ex-RUSTEC,138974,ex-RUSTEC,win,0,,
1141,paper_v3,value_3pp,2026-10-03T21:16:59+00:00,skipped_no_line,,,133326,,0.0,0.5310670529224144,,,,,8395,2026-10-03T21:15:54+00:00,extra_trees_context_v1,133326,0.46893294707758565,0.5310670529224144,loss,2026-10-04T19:51:09+00:00,1702630,2026-10-04T18:10:00Z,2026-10-04T18:04:23Z,2026-10-04T19:46:19Z,finished,best_of,3,CCT South America,Playoffs,138620,Turma do Pagode,133326,Bounty Hunters Esports,138620,,,,,,,,Bounty Hunters Esports,Bounty Hunters Esports,138620,Turma do Pagode,loss,0,,
